manufacturer,model,impedance_ohm,fs_hz,qts,qes,qms,vas_l,re_ohm,le_mh,sd_cm2,mms_g,mmd_g,cms_mm_per_n,rms_ns_per_m,bl_tm,xmax_mm,xmech_mm,vd_cm3,linear_travel_pp_mm,max_travel_pp_mm,xlin_mm,eta0_percent,ebp_hz,sensitivity_db,power_rms_w,power_handling_w,nominal_diameter_in,qa_as_printed,sensitivity_1w_1m_db,sensitivity_2v83_1m_db,le_frequency_hz,nominal_diameter_mm,overall_diameter_mm,overall_width_mm,overall_height_mm,overall_depth_mm,mounting_depth_mm,cutout_diameter_mm,bolt_circle_diameter_mm,mounting_hole_diameter_mm,mounting_hole_count,flange_thickness_mm,magnet_diameter_mm,magnet_depth_mm,voice_coil_diameter_mm,voice_coil_height_mm,voice_coil_former_height_mm,gap_height_mm,effective_diaphragm_diameter_mm,cone_dome_diameter_mm,ribbon_dimension_1_mm,ribbon_dimension_2_mm,overall_dimension_1_mm,overall_dimension_2_mm,overall_dimension_3_mm,cutout_dimension_1_mm,cutout_dimension_2_mm,tweeter_voice_coil_diameter_mm,tweeter_voice_coil_height_mm,tweeter_gap_height_mm,krm_microohm,erm,kxm_mh,exm,power_peak_w,frequency_min_hz,frequency_max_hz,crossover_frequency_hz,crossover_slope_db_per_oct,power_continuous_iec268_5_w,power_test_highpass_hz,power_test_highpass_slope_db_per_oct,net_weight_kg,magnet_weight_g,sensitivity_tolerance_db
,29-0J03,4,,,,,,,,,,,,,,,,,,,,,,,,,,,,,,,,,,,,,,,,,,,,,,,,,,,,,,,,,,,,,,,,,,,,,,,,,
,29-0J05,4,,,,,,,,,,,,,,,,,,,,,,,,,,,,,,,,,,,,,,,,,,,,,,,,,,,,,,,,,,,,,,,,,,,,,,,,,
,Compact Speaker Driver Exciter Bodyshaker 15W 8 Ohm 255Hz - 15kHz,8,,,,,,,,,,,,,,,,,,,,,,,15,,,,,,,50,,,,,,,,,,,,,,,,,,,,,,,,,,,,,,,,,,,,,,,,,,,
,LS-1,4,40,,,,,,,,,,,,,,,,,,,,,,50,,,,,,,135,,,,,,,,,,,,,,,,,,,,,135.5,135.5,56,,,,,,,,,,,,,,,,,,,,
,MK-BST-1,,,,,,,,,,,,,,,,,,,,,,,,,,,,,,,,,,,,,,,,,,,,,,,,,,,,,,,,,,,,,,,,,,,,,,,,,,
,MK-BST-2,,,,,,,,,,,,,,,,,,,,,,,,,,,,,,,,,,,,,,,,,,,,,,,,,,,,,,,,,,,,,,,,,,,,,,,,,,
,MK-BST-300EX,,,,,,,,,,,,,,,,,,,,,,,,,,,,,,,,,,,,,,,,,,,,,,,,,,,,,,,,,,,,,,,,,,,,,,,,,,
,MK-TT25,,,,,,,,,,,,,,,,,,,,,,,,,,,,,,,,,,,,,,,,,,,,,,,,,,,,,,,,,,,,,,,,,,,,,,,,,,
,Speaker Driver Exciter Bodyshaker 100W 4 Ohm Ø 8.8cm,4,,,,,,,,,,,,,,,,,,,,,,,100,,,,,,,88,,,,,,,,,,,,,,,,,,,,,,,,,,,,,,,,,,,,,,,,,,,
,Speaker Driver Exciter Bodyshaker with Housing 100W 4 Ohm,4,,,,,,,,,,,,,,,,,,,,,,,100,,,,,,,130,,,,,,,,,,,,,,,,,,,,,,,,,,,,,,,,,,,,,,,,,,,
Audax,TW034X0,,,,,,,,,,,,,,,,,,,,,,,,,,,,,,,,,,,,,,,,,,,,,,,,,,,,,,,,,,,,,,,,,,,,,,,,,,
Wavecor,WF182BD10-01,,,,,,,,,,,,,,,,,,,,,,,,,,,,,,,,,,,,,,,,,,,,,,,,,,,,,,,,,,,,,,,,,,,,,,,,,,
Accuton,AS190-4-251,,33.4,0.44,0.49,4.75,26.7,8.6,1.05,202,49.4,,0.46,,13.5,9,,,,,,,,,,,,,,,,,,,,,,,,,,,,,,,,,,,,,,,,,,,,,,,,,,,,,,,,,,,
Accuton,AS190-9-251,,33.4,0.44,0.49,4.75,26.7,8.6,1.05,202,49.4,,0.46,,13.5,9,,,,,,,,,,,,,,,,,,,,,,,,,,,,,,,,,,,,,,,,,,,,,,,,,,,,,,,,,,,
Accuton,AS250-6-552,,,,,,,,,,,,,,,,,,,,,,,,,,,,,,,,,,,,,,,,,,,,,,,,,,,,,,,,,,,,,,,,,,,,,,,,,,
Accuton,AS250-8-552,,20.31,0.35,0.38,3.8,155.55,7.3,0.42,397.61,88.55,,0.69,2.98,14.7,9,,,,,,,,87,,,,,,,,,250,,,,,230,,,,,210,56.5,114,,,,,,,,,,,,,,,,,,,,,,,,,,,,,,
Accuton,AS250-8-552 Cell,,,,,,,,,,,,,,,,,,,,,,,,,,,,,,,,,,,,,,,,,,,,,,,,,,,,,,,,,,,,,,,,,,,,,,,,,,
Accuton,ASP190,,33,0,0,0,27,0,0,202,50,,0.46,,0,12,,,,,,,,,,,,,,,,,190,,,85,,,,,,,,,,,,,,,,,,,,170,,,,,,,,,,,,,,,,,,,
Accuton,ASP250,,22,0,0,0,119,0,0,382,93,,0.57,,0,15,,,,,,,,,,,,,,,,,250,,,85,,,,,,,,,,,,,,,,,,,,230,,,,,,,,,,,,,,,,,,,
Accuton,C158-11-851,,,,,,,,,,,,,,,,,,,,,,,,,,,,,,,,,,,,,,,,,,,,,,,,,,,,,,,,,,,,,,,,,,,,,,,,,,
Accuton,C158-4-085,8,33,0.31,0.34,4.12,35,7.8,0.54,,,,,,,,,,,,5,,,,,,,,,,,165.1,,,,,,,,,,,,,,,,,,,,,,,,,,,,,,,,,,,,,,,,,,,
Accuton,C158-8-085,,37,0.36,0.39,4.91,27.3,8.1,0.54,113,12.1,,1.5,,7.7,5,,,,,,,,87.5,,,,,,87.5,,,158,,,82,,137,,,,,85,34,25,,,,,,,,,,,137,,,,,,,,,,,,,,,,,,,
Accuton,C168-6-990,,55,0.21,0.22,4.76,13.1,5.4,0.06,133,16.1,,0.52,,11.66,3,,,,,,,,93,,,,,,93,,,168,,,49.5,,,,,,,146,27.5,,,,,,,,,,,,147,,,,,,,,,,,,,,,,,,,
Accuton,C173-11-191,11,,,,,,,,130,,,,,,,,,,,5,,,,,,,,,,,177.8,,,,,,,,,,,,,,,,,,,,,,,,,,,,,,,,,,,,,,,,,,,
Accuton,C173-11-191-E,,,,,,,,,,,,,,,,,,,,,,,,,,,,,,,,,,,,,,,,,,,,,,,,,,,,,,,,,,,,,,,,,,,,,,,,,,
Accuton,C173-12-090,,,,,,,,,,,,,,,,,,,,,,,,,,,,,,,,,,,,,,,,,,,,,,,,,,,,,,,,,,,,,,,,,,,,,,,,,,
Accuton,C173-12-096,,,,,,,,,,,,,,,,,,,,,,,,,,,,,,,,,,,,,,,,,,,,,,,,,,,,,,,,,,,,,,,,,,,,,,,,,,
Accuton,C173-12-096-E,,,,,,,,,,,,,,,,,,,,,,,,,,,,,,,,,,,,,,,,,,,,,,,,,,,,,,,,,,,,,,,,,,,,,,,,,,
Accuton,C173-6-090,,72,0.26,0.29,3.35,15.5,6.39,0.32,133,15,,0.4,,11.8,5.25,,,,,,,,93,,,,,,93,,,173,,,102,,,,,,,120,49.5,55,,,,,,,,,,,146,,,,,,,,,,,,,,,,,,,
Accuton,C173-6-096,,31,0.28,0.29,5.09,25.7,6.07,0.77,113,18.5,,1.42,,8.7,5,,,,,,,,88,,,,,,88,,,,,,,,146,,,,,120,,38,,,,,,,,,,,,,,,,,,,,,,,,,,,,,,
Accuton,C173-6-096-E,,53.8,0.26,0.27,5.6,13.8,6.8,0.31,130,15.1,,0.58,,11.35,5,,,,,,,,91.5,,,,,,91.5,,,173,,,102,,,,,,,120,49.5,55,,,,,,,,,,,146,,,,,,,,,,,,,,,,,,,
Accuton,C173-6-191,,38.6,0.34,0.37,5.27,21.6,5.9,0.72,133,19.8,,0.86,,8.8,5,,,,,,,,88,,,,,,88,,,173,,,94.5,,146,,,,,120,42,38,,,,,,,,,,,146,,,,,,,,,,,,,,,,,,,
Accuton,C173-6-191-E,,38.6,0.34,0.37,5.27,21.6,5.9,0.72,133,19.8,,0.86,,8.8,5,,,,,,,,88,,,,,,88,,,173,,,94.5,,,,,,,120,42,38,,,,,,,,,,,146,,,,,,,,,,,,,,,,,,,
Accuton,C220-11-221,,,,,,,,,,,,,,,,,,,,,,,,,,,,,,,,,,,,,,,,,,,,,,,,,,,,,,,,,,,,,,,,,,,,,,,,,,
Accuton,C220-11-227,,,,,,,,,,,,,,,,,,,,,,,,,,,,,,,,,,,,,,,,,,,,,,,,,,,,,,,,,,,,,,,,,,,,,,,,,,
Accuton,C220-12-222,,,,,,,,,,,,,,,,,,,,,,,,,,,,,,,,,,,,,,,,,,,,,,,,,,,,,,,,,,,,,,,,,,,,,,,,,,
Accuton,C220-6-221,,26.3,0.4,0.42,7.1,86.2,6.3,0.83,224,30.4,,1.2,,8.7,5,,,,,,,,88,,,,,,88,,,220,,,105,,191,,,,,120,42,38,,,,,,,,,,,191,,,,,,,,,,,,,,,,,,,
Accuton,C220-6-222,,29.5,0.26,0.27,5.61,74,7.23,0.37,224,28,,1.04,,11.7,6,,,,,,,,93,,,,,,93,,,220,,,112.5,,191,,,,,120,49.5,55,,,,,,,,,,,191,,,,,,,,,,,,,,,,,,,
Accuton,C220-6-227,,27,0.32,0.34,5.96,79.6,5.6,0.23,224,31.2,,1.12,,9.3,6,,,,,,,,89,,,,,,89,,,220,,,109,,,,,,,87,46,55,,,,,,,,,,,191,,,,,,,,,,,,,,,,,,,
Accuton,C25-4-012,,,,,,,,,,,,,,,,,,,,,,,,,,,,,,,,,,,,,,,,,,,,,,,,,,,,,,,,,,,,,,,,,,,,,,,,,,
Accuton,C25-4-013,,,,,,,,,,,,,,,,,,,,,,,,,,,,,,,,,,,,,,,,,,,,,,,,,,,,,,,,,,,,,,,,,,,,,,,,,,
Accuton,C25-4-158,,,,,,,,,,,,,,,,,,,,,,,,,,,,,,,,57.6,,,28,,,,,,,,,,,,,,,,,,,,58,,,,,,,,,,,,,,,,,,,
Accuton,C25-6-012,,1037,0.52,1.99,0.7,,6.2,0.03,5.94,0.23,,0.141,,2.35,0.6,,,,,,,,90,,,,,,90,,,,,,57,,,,,,,,,16.4,,,,,,,,82,82,,64,64,,,,,,,,,,,,,,,,,,
Accuton,C25-6-013,,1294,0.88,2.13,1.5,,6.46,0.03,5.94,0.23,,0.066,,2.47,0.1,,,,,,,,92,,,,,,92,,,,,,57,,,,,,,,,16.4,,,,,,,,82,82,,64,64,,,,,,,,,,,,,,,,,,
Accuton,C25-6-158,,905,0.73,0.97,2.87,,5.69,0.02,5.94,0.28,,0.235,,3.27,0.9,,,,,,,,92.5,,,,,,92.5,,,57.6,,,28,,,,,,,,,,,,,25,,,,58,,,58,,,,,,,,,,,,,,,,,,,
Accuton,C30-4-024,,,,,,,,,,,,,,,,,,,,,,,,,,,,,,,,,,,,,,,,,,,,,,,,,,,,,,,,,,,,,,,,,,,,,,,,,,
Accuton,C30-4-358,,,,,,,,,,,,,,,,,,,,,,,,,,,,,,,,57.6,,,28,,,,,,,,,,,,,,,,,,,,58,,,,,,,,,,,,,,,,,,,
Accuton,C30-6-024,,942,0.75,1.19,2.04,,6.31,0.03,8.55,0.49,,0.073,,3.64,0.5,,,,,,,,93,,,,,,93,,,,,,57,,,,,,,,,19.4,,,,,,,,82,82,,64,64,,,,,,,,,,,,,,,,,,
Accuton,C30-6-358,,826,0.71,0.85,4.5,,5.23,0.01,8.55,0.39,,0.145,,3.98,0.8,,,,,,,,93.5,,,,,,93.5,,,57.6,,,,,,,,,,,,,,,,30,,,,58,,,58,,,,,,,,,,,,,,,,,,,
Accuton,C51-6-286,,581,1.21,1.61,4.86,,5.6,0,24,0,,0,,,0.8,,,,,,,,93,,,,,,93,,,,,,87,,86,,,,,,,,,,,51,,,,,,,86,,,,,,,,,,,,,,,,,,,
Accuton,C90-6-078,,,,,,,,,,,,,,,,,,,,,,,,,,,,,,,,,,,,,,,,,,,,,,,,,,,,,,,,,,,,,,,,,,,,,,,,,,
Accuton,C90-6-079,,,,,,,,,,,,,,,,,,,,,,,,,,,,,,,,,,,,,,,,,,,,,,,,,,,,,,,,,,,,,,,,,,,,,,,,,,
Accuton,C90-6-724,,82.58,0.6,0.67,5.13,5.1,5.44,0.13,81,8.45,,0.44,,5.95,3,,,,,,,,89,,,,,,89,,,124,,,56,,,,,,,,,,,,,,,,,124,,,124.5,,,,,,,,,,,,,,,,,,,
Accuton,DSP-192-4-111,,,,,,,,,,,,,,,,,,,,,,,,,,,,,,,,,,,,,,,,,,,,,,,,,,,,,,,,,,,,,,,,,,,,,,,,,,
Accuton,P173,,41,0,0,0,24,0,0,130,15,,1.01,,0,10,,,,,,,,0,,,,,,0,,,173,,,62,,,,,,,,,,,,,,,,,,,,145.6,,,,,,,,,,,,,,,,,,,
Accuton,P220,,41,0,0,0,26.5,0,0,224,23.4,,0.64,,0,11,,,,,,,,0,,,,,,0,,,220,,,76,,191,,,,,,,,,,,,,,,,,,190.5,,,,,,,,,,,,,,,,,,,
Accuton,P280,,18,,,,226,,,,,,,,,,,,,,,,,,,,,,,,,,280,,,,,252,,,,,,,,,,,,,,,,,,,,,,,,,,,,,,,,,,,,,
Accuton,S220-11-221,11,22.1,,,,,,,227,,,,,,,,,,,5,,,,,,,,,,,215.9,,,,,,,,,,,,,,,,,,,,,,,,,,,,,,,,,,,,,,,,,,,
Accuton,S220-11-221,,,,,,,,,,,,,,,,,,,,,,,,,,,,,,,,220,,,,,191,,,,,,,,,,,,,,,,,,,,,,,,,,,,,,,,,,,,,
Accuton,S220-12-222,,,,,,,,,,,,,,,,,,,,,,,,,,,,,,,,,,,,,,,,,,,,,,,,,,,,,,,,,,,,,,,,,,,,,,,,,,
Accuton,S220-6-221,,22.1,0.37,0.39,5.73,112.9,5.9,0.81,224,32.8,,1.58,,8.28,5,,,,,,,,88,,,,,,88,,,220,,,105,,191,,,,,120,42,38,,,,,,,,,,,191,,,,,,,,,,,,,,,,,,,
Accuton,S280-18-282,,,,,,,,,,,,,,,,,,,,,,,,,,,,,,,,,,,,,,,,,,,,,,,,,,,,,,,,,,,,,,,,,,,,,,,,,,
Accuton,S280-6-282,,22.8,0.26,0.27,4.91,185,7.1,0.68,408,62.5,,0.78,,15.3,6,,,,,,,,91,,,,,,91,,,280,,,131.95,,,,,,,120,49.5,55,,,,,,,,,,,251.2,,,,,,,,,,,,,,,,,,,
Accuton,SP1-OCC,,,,,,,,,,,,,,,,,,,,,,,,,,,,,,,,,,,,,,,,,,,,,,,,,,,,,,,,,,,,,,,,,,,,,,,,,,
Accuton,SP1-OFC,,,,,,,,,,,,,,,,,,,,,,,,,,,,,,,,,,,,,,,,,,,,,,,,,,,,,,,,,,,,,,,,,,,,,,,,,,
Accuton,SP2-OCC,,,,,,,,,,,,,,,,,,,,,,,,,,,,,,,,,,,,,,,,,,,,,,,,,,,,,,,,,,,,,,,,,,,,,,,,,,
Atohm,LD180CR04,4,46,0.32,0.35,3.94,24.3,3.6,0.58,,18.2,,0.66,,7.2,7.5,,,,,,,,93,150,,,,,93,,180,,,,,,,,,,,,,,,,,,,,,,,,,,,,,,,,,,,,,,,,,,,
Atohm,SD20ND04F,4,,,,,,,0.008,,,,,,,,,,,,,,,93,100,,,,,,,20,,,,,,,,,,,,,,,,,,,,,,,,,,,,,,,,,,,,,,,,,,,
Atohm,SD28ND04RD,4,,,,,,,0.003,,,,,,,,,,,,,,,98,100,,,,,,,28,,,,,,,,,,,,,,,,,,,,,,,,,,,,,,,,,,,,,,,,,,,
Atohm,WSD20DND04F,4,1350,,,2.95,,3.4,0.03,,0.16,0.16,,,,0.25,,,,,,,,97,100,,,,,97,,120,120,,,,,,,,,,,,20,1.5,,2,,,,,,,,,,,,,,,,,,,,,,,,,,,
Audax,13LB25AL,,78,0.24,0.25,4.67,,,0.365,,,,,,,1.75,,,,,,,,,,,,,,,,,,,,,,,,,,,,,,,,,,,,,,,,,,,,,,,,,,,,,,,,,,,
Audax,AM130Q,,,,,,,,,,,,,,,,,,,,,,,,,,,,,,,,,,,,,,,,,,,,,,,,,,,,,,,,,,,,,,,,,,,,,,,,,,
Audax,AP100ZG,,,,,,,,,,,,,,,,,,,,,,,,,,,,,,,,,,,,,,,,,,,,,,,,,,,,,,,,,,,,,,,,,,,,,,,,,,
Audax,AP1707G,6,,,,,,,,,,,,,,,,,,,,,,,,,,,,,,,,,,,,,,,,,,,,,,,,,,,,,,,,,,,,,,,,,,,,,,,,,
Audax,hm100c0,,,,,,,,,,,,,,,,,,,,,,,,,,,,,,,,,,,,,,,,,,,,,,,,,,,,,,,,,,,,,,,,,,,,,,,,,,
Audax,hm130c0,,,,,,,,,,,,,,,,,,,,,,,,,,,,,,,,,,,,,,,,,,,,,,,,,,,,,,,,,,,,,,,,,,,,,,,,,,
Audax,hm170c0,8,42,0.32,0.35,4.16,,6.3,0.24,,,,,,,,,,,,,,,,,,,,,,,,,,,,,,,,,,,,,,,,,,,,,,,,,,,,,,,,,,,,,,,,,,
Audax,hm170z18,,,,,,,,,,,,,,,,,,,,,,,,,,,,,,,,,,,,,,,,,,,,,,,,,,,,,,,,,,,,,,,,,,,,,,,,,,
Audax,hm210c0,,,,,,,,,,,,,,,,,,,,,,,,,,,,,,,,,,,,,,,,,,,,,,,,,,,,,,,,,,,,,,,,,,,,,,,,,,
Audax,HT130G8,,,,,,,,,,,,,,,,,,,,,,,,,,,,,,,,,,,,,,,,,,,,,,,,,,,,,,,,,,,,,,,,,,,,,,,,,,
Audax,pr170m0,,,,,,,,,,,,,,,,,,,,,,,,,,,,,,,,,,,,,,,,,,,,,,,,,,,,,,,,,,,,,,,,,,,,,,,,,,
Audax,TM020J7,,,,,,,,,,,,,,,,,,,,,,,,,,,,,,,,,,,,,,,,,,,,,,,,,,,,,,,,,,,,,,,,,,,,,,,,,,
Audax,TM025F7,8,1300,,,,,,,,,,,,,,,,,,,,,,,,,,,,,,,,,,,,,,,,,,,,,,,,,,,,,,,,,,,,,,,,,,,,,,,,
Audax,tw025a0,,,,,,,,,,,,,,,,,,,,,,,,,,,,,,,,,,,,,,,,,,,,,,,,,,,,,,,,,,,,,,,,,,,,,,,,,,
Audax,tw025a1-12x9,,,,,,,,,,,,,,,,,,,,,,,,,,,,,,,,,,,,,,,,,,,,,,,,,,,,,,,,,,,,,,,,,,,,,,,,,,
Audax,tw025a2,4,1090.5,,,,,,,,,,,,,,,,,,,,,,,,,,,,,,,,,,,,,,,,,,,,,,,,,,,,,,,,,,,,,,,,,,,,,,,,
Audax,tw025a20,8,1137,,,,,,,,,,,,,,,,,,,,,93,,,,,,,,,,,,,,,,,,,,,,,,,,,,,,,,,,,,,,,,,,,,,,,,,,,
Audax,tw025a28,,1017.24,,,,,,,,,,,,,,,,,,,,,,,,,,,,,,,,,,,,,,,,,,,,,,,,,,,,,,,,,,,,,,,,,,,,,,,,
Audax,tw034x0,,,,,,,,,,,,,,,,,,,,,,,,,,,,,,,,,,,,,,,,,,,,,,,,,,,,,,,,,,,,,,,,,,,,,,,,,,
Audax,TWO25A0,8,1000,,,,,5.8,,4.9,0.29,,,,2.9,,,,,,,,,90,,60,,,,,,,,,,29,,75,,,,,,22,25,,,,,,,,120,90,,,,,,,,,,,,,,,,,,,,,
Audax,TWO34XS,6,800,,,,,5.3,,9.1,0.5,,,,3.5,,,,,,,,,93,,70,,,,,,,,,,29,,102,,,,,,25,34,,,,,,,,132,,,,,,,,,,,,,,,,,,,,,,
Audax,TWO34XS,8,800,,,,,5.3,,9.1,0.5,,,,3.5,,,,,,,,,93,,70,,,,,,,,,,,,,,,,,,,34,,,,,,,,,,,,,,,,,,,,,,,,,,,,,,
Audience,A3S2-08,,108.34,0.805,1.805,1.454,1.21,6.47,0.063,,2.51,,0.86,,,,,,,,,,,,,,,,,,,,,,,,,,,,,,,,,,,,,,,,,,,,,,,,,,,,,,,,,,,,,,
Audience,A3S2-16,,,,,,,,,,,,,,,,,,,,,,,,,,,,,,,,,,,,,,,,,,,,,,,,,,,,,,,,,,,,,,,,,,,,,,,,,,
Audikom,BS1,4,2100,,,,,3.99,0.56,,,,,,,,,,,,,,,,3,,,,,,,,,,,,,,,,,,,,,,,,,,,,,,,,,,,,,,,,,,,,,,,,,,
Audikom,EX25Q-4,4,224,0.69,,,,4.3,0.25,,1.75,,0.0003,,3.86,,,,,,,,,,20,,,,,,1000,,101.44,,,24.7,,,,,,,,,25,,,,,,,,,,,,,,,,,,,,,,,,,,,,,,
Audio Electronics,BMB180,15,40,0.35,0.37,5.36,22.5,10,,,,,,,,,,,,,,,,,,,,,,,,,,,,,,,,,,,,,,,,,,,,,,,,,,,,,,,,,,,,,,,,,,,
Audio Note,SPKR-ALC-AG-H-21-4,,,,,,,,,,,,,,,,,,,,,,,,,,,,,,,,,,,,,,,,,,,,,,,,,,,,,,,,,,,,,,,,,,,,,,,,,,
Audio Note,SPKR-ALC-AG-H-22-6,,,,,,,,,,,,,,,,,,,,,,,,,,,,,,,,,,,,,,,,,,,,,,,,,,,,,,,,,,,,,,,,,,,,,,,,,,
Audio Note,SPKR-ALC-AG-P-21-4,,,,,,,,,,,,,,,,,,,,,,,,,,,,,,,,,,,,,,,,,,,,,,,,,,,,,,,,,,,,,,,,,,,,,,,,,,
Audio Note,SPKR-HE-AG-H-21-4,,,,,,,,,,,,,,,,,,,,,,,,,,,,,,,,,,,,,,,,,,,,,,,,,,,,,,,,,,,,,,,,,,,,,,,,,,
Audio Note,SPKR-HE-AG-H-22-6,,,,,,,,,,,,,,,,,,,,,,,,,,,,,,,,,,,,,,,,,,,,,,,,,,,,,,,,,,,,,,,,,,,,,,,,,,
Audio Note,SPKR-STD-CU-H-21-4,,,,,,,,,,,,,,,,,,,,,,,,,,,,,,,,,,,,,,,,,,,,,,,,,,,,,,,,,,,,,,,,,,,,,,,,,,
Audio Note,SPKR-STD-CU-H-22-6-W,,,,,,,,,,,,,,,,,,,,,,,,,,,,,,,,,,,,,,,,,,,,,,,,,,,,,,,,,,,,,,,,,,,,,,,,,,
Audio Note,SPKR-STD-CU-P-21-4,,,,,,,,,,,,,,,,,,,,,,,,,,,,,,,,,,,,,,,,,,,,,,,,,,,,,,,,,,,,,,,,,,,,,,,,,,
Audio Note,SPKR-STD-CU-P-22-6,,,,,,,,,,,,,,,,,,,,,,,,,,,,,,,,,,,,,,,,,,,,,,,,,,,,,,,,,,,,,,,,,,,,,,,,,,
Audio Note,SPKR-STD-CU-P-K,,,,,,,,,,,,,,,,,,,,,,,,,,,,,,,,,,,,,,,,,,,,,,,,,,,,,,,,,,,,,,,,,,,,,,,,,,
Audio Note,SPKR-T-ALC-AG-MWK-B1,,,,,,,,,,,,,,,,,,,,,,,,,,,,,,,,,,,,,,,,,,,,,,,,,,,,,,,,,,,,,,,,,,,,,,,,,,
Audio Note,SPKR-T-STD-AG-PLA-B1,,,,,,,,,,,,,,,,,,,,,,,,,,,,,,,,,,,,,,,,,,,,,,,,,,,,,,,,,,,,,,,,,,,,,,,,,,
Audio Note,SPKR-T-STD-CU-D19-B,,,,,,,,,,,,,,,,,,,,,,,,,,,,,,,,,,,,,,,,,,,,,,,,,,,,,,,,,,,,,,,,,,,,,,,,,,
Audio Note,SPKR-T-STD-CU-PLA-B1,,,,,,,,,,,,,,,,,,,,,,,,,,,,,,,,,,,,,,,,,,,,,,,,,,,,,,,,,,,,,,,,,,,,,,,,,,
Audiotechnology,12D772510KAP,,,0.25,0.27,,,,,,,,,,,,,,,,,,,,,,,,,,,,,,,,,,,,,,,,,,,,,,,,,,,,,,,,,,,,,,,,,,,,,,
Audiotechnology,12F1022510KAP,,,,,,,,,,,,,,,,,,,,,,,,,,,,,,,,,,,,,,,,,,,,,,,,,,,,,,,,,,,,,,,,,,,,,,,,,,
Audiotechnology,15H520613SD,8,48,0.33,0.4,1.73,16,5.3,0.12,96,8.9,,1.24,1.55,6,,,,,,,,,89,,,,,,,1000,,,,,,,,,,,,,,,6,,13,,,,,,,,,,,,,,,,,,,,,,,,,,,
Audiotechnology,15H521206SDKM,8,55,0.28,0.29,5.8,15,5.5,0.07,100,7.2,,1.16,0.43,6.82,,,,,,,,,,,,,,,,1000,,,,,,,,,,,,,,,12,,6,,,,,,,,,,,,,,,,,,,,,,,,,,,
Audiotechnology,15H521206SDKM-LR,8,65,0.45,0.5,4.8,9.2,5.5,0.12,100,9.24,8.75,0.65,0.79,,,,,,,,,,,,,,,,,1600,,,,,,,,,,,,,,,,,,,,,,,,,,,,,,,,,,,,,,,,,,,,
Audiotechnology,18H520613SDKA-LR,8,40,0.32,0.39,1.8,28.5,5.6,0.13,137,14.6,,1.09,2.04,7.3,,,,,,,,,89,,,,,,,1000,,,,,,,,,,,,,,,17,,6,,,,,,,,,,,,,,,,,,,,,,,,,,,
Audiotechnology,18H521706SDKA,8,40,0.32,0.39,1.8,28.5,5.6,0.13,137,14.6,,1.09,2.04,7.3,,,,,,,,,89,,,,,,,1000,,,,,,,,,,,,,,,17,,6,,,,,,,,,,,,,,,,,,,,,,,,,,,
Audiotechnology,18I52-LR,,,,,,,,,,,,,,,,,,,,,,,,,,,,,,,,,,,,,,,,,,,,,,,,,,,,,,,,,,,,,,,,,,,,,,,,,,
Audiotechnology,18I521706SD,,,,,,,,,,,,,,,,,,,,,,,,,,,,,,,,,,,,,,,,,,,,,,,,,,,,,,,,,,,,,,,,,,,,,,,,,,
Audiotechnology,23I522006SD,8,33,0.26,0.3,1.85,70,6,0.2,225,23.5,,0.988,2.64,9.96,,,,,,,,,91,,,,,,,1000,,,,,,,,,,,,,,,20,,8,,,,,,,,,,,,,,,,,,,,,,,,,,,
Audiotechnology,4H520613SD,,,0.29,0.36,,,,,,,,,,,,,,,,,,,,,,,,,,,,,,,,,,,,,,,,,,,,,,,,,,,,,,,,,,,,,,,,,,,,,,
Audiotechnology,5H521506SD,,,0.32,0.39,,,,,,,,,,,,,,,,,,,,,,,,,,,,,,,,,,,,,,,,,,,,,,,,,,,,,,,,,,,,,,,,,,,,,,
Audiotechnology,6H521706SDKA,,,0.28,0.33,,,,,,,,,,,,,,,,,,,,,,,,,,,,,,,,,,,,,,,,,,,,,,,,,,,,,,,,,,,,,,,,,,,,,,
Audiotechnology,8I522006SD,,33,0.26,0.3,1.85,70,,,,,,,,,,,,,,,,,,,,,,,,,,,,,,,,,,,,,,,,,,,,,,,,,,,,,,,,,,,,,,,,,,,,
AuraSound,AST-2B-4,4,40,,,,,,,,,,,,,,,,,,,,,,50,,,,,,,,157,,,63.5,,,,,4,,,,,,,,,,,,,,,,,,,,,,,,,,,,,,,,,,
AuraSound,ns3-193-8a1,8,80,0.67,,8,1.25,7.6,,31,4.3,,0.92,,4.7,,,,9.5,19,,,,,,,,,,,,,,,,,,,,,,,,,,,,,,,,,,,,,,,,,,,,,,,,,,,,,,,
AuraSound,nsw1-205-8a,8,220,0.7,1.1,2.1,0.04,6.3,,5.31,0.5,,1.155,,1.9,,,,3,6,,,,,,,,,,,,,,,,,,,,,,,,,,,,,,,,,,,,,,,,,,,,,,,,,,,,,,,
AuraSound,nsw2-326-8at,8,250,0.68,0.8,4.72,0.1,6.4,,13.2,1.04,,0.39,,3.5,,,,6,10,,,,,,,,,,,,,,,,,,,,,,,,,,,,,,,,,,,,,,,,,,,,,,,,,,,,,,,
Aurum Cantus,A-C-G2Si,6,,,,,,,,,,,,,,,,,,,,,,,,,,,,,,,,,,,,,,,,,,,,,,,,,,,,,,,,,,,,,,,,,,,,,,,,,
Beyma,10CX300/FE,,48,0.38,0.41,5.3,62.7,5.2,0.4,38,35,,0.307,,11.65,6.75,,,,,,1.65,,,,,,,,,,,,,,153,,228,,,,,,,,17.5,,10,,,,,260.5,,,,,,,,,,,,,,,,,,,,,,
Beyma,12CXA400/FE,,,,,,,,,,66,,,,19.8,,,,,,,2.2,,,,,,,,,,,,,,165,,282.6,,,,,,,,10,,10,,,,,311.7,,,,,,,,,,,,,,,,,,,,,,
Beyma,12CXA400/ND,,45,0.25,0.26,7.1,88.5,6.6,1,55,64,,0.207,,21.4,6,,,,,,2.75,,,,,,,,,,,,,,154,,282.6,,,,,,,,16,,9,,,,,311.7,,,,,,,,,,,,,,,,,,,,,,
Beyma,15CXA400/FE,,40,0.42,0.43,16.4,191,6.3,0.95,88,90,,0.175,,18.2,6,,,,,,2.75,,,,,,,,,,,,,,185,,370,,,,,,,,16,,10,,,,,388,,,,,,,,,,,,,,,,,,,,,,
Beyma,15CXA400/ND,,40,0.36,0.39,4.37,196,6.6,0.9,88,84,,0.181,,19.04,6,,,,,,3.3,,,,,,,,,,,,,,180,,349.5,,,,,,,,16,,9,,,,,388,,,,,,,,,,,,,,,,,,,,,,
Beyma,5CX200/FE,8,69,0.31,0.32,10.7,,5.1,0.22,95,7,,0.697,,7.18,5.7,,,,,,0.86,,92.5,,150,,,,,,,,,,107,,119.2,,,,,,,,14,,,,,,,155,,,,,,,,,,,,,,,,,,,,,,
Beyma,8 NMFW Woofer 8 Ohm,8,37,0.34,,7.6,27,5.7,1.1,227,48,,3.76,,13.4,9,,,,,,0.4,,90,,200,,,,,,,,,,125,,181,,,,,,,50.8,20,,,,,,,227,,,,,,,,,,,,,,,,,,,,,,
Beyma,CD1014FE,8,,,,,,4.3,,,,,,,6.6,,,,,,,,,110,,70,,,,,,,,,,65,,,,,,,,,44.4,,,,,,,,120,,,,,,,,,,,,,,,,,,,,,,
Beyma,CD10FE,8,,,,,,4.3,,,,,,,6.6,,,,,,,,,109,,70,,,,,,,,,,62,,,,,,,,1.2,44.4,,,,,,,,100,,,,,,,,,,,,,,,,,,,,,,
Beyma,CD10ND,8,,,,,,4.3,,,,,,,8.9,,,,,,,,,111,,70,,,,,,,,,,66,,,,,,,,,44.4,,,,,,,,100,,,,,,,,,,,,,,,,,,,,,,
Beyma,CP09,8,,,,,,5.2,,,,,,,4,,,,,,,,,104,,15,,,,,,,,,,96,,,,,,,,,25.4,,,,,,,,98,92,,84,72,,,,,,,,,,,,,,,,,,
Beyma,CP12,8,,,,,,5,,,,,,,4,,,,,,,,,107,,30,,,,,,,,,,63,,72,,,,,,,25.8,,,,,,,,87,87,,,,,,,,,,,,,,,,,,,,,
Beyma,CP16,8,,,,,,7.3,,,,,,,4,,,,,,,,,105,,15,,,,,,,,,,65,,53.5,,,,,,,25.8,,,,,,,,86,86,,,,,,,,,,,,,,,,,,,,,
Beyma,CP21,8,,,,,,6.1,,,,,,,5.2,,,,,,,,,105,,25,,,,,,,,,,71,,92,,,,,,,37.6,,,,,,,,102,102,,,,,,,,,,,,,,,,,,,,,
Beyma,CP22,8,,,,,,6.1,,,,,,,5.2,,,,,,,,,107,,25,,,,,,,,,,71,,61,,,,,,,37.6,,,,,,,,102,102,,,,,,,,,,,,,,,,,,,,,
Beyma,CP380,8,,,,,,4.7,,,,,,,7,,,,,,,,,107,,100,,,,,,,,,,75,,,,,,,,,44,,,,,,,,146.5,,,,,,,,,,,,,,,,,,,,,,
Beyma,CP385ND,8,,,,,,4.7,,,,,,,7.5,,,,,,,,,107,,70,,,,,,,,,,80,,,,,,,,,44.4,,,,,,,,100,,,,,,,,,,,,,,,,,,,,,,
Beyma,CP755ND,8,,,,,,5.5,,,,,,,11.5,,,,,,,,,120,,60,,,,,,,,,,65,,,,,,,,,72.2,,,,,,,,145,65,,,,,,,,,,,,,,,,,,,,,
Beyma,CP755ND/AL,8,,,,,,5.5,,,,,,,11.5,,,,,,,,,112,,90,,,,,,,,,,65,,,,,,,,,72.2,,,,,,,,145,,,,,,,,,,,,,,,,,,,,,,
Beyma,SK-07/T,16,47,,,,,,,,,,,,,,,,,,,,,,,,,,,,,,156,,,79,,,,,4,,,,76.2,,,,,,,,,,,,,,,,,,,,,,,,,,,,,,
Beyma,T 2030 Aluminium Dome,8,1050,1.122,1.567,3.95,,5,,,,,,,3,,,,,,,,,95,,30,,,,,,,,,,42,,84.5,,,,,,,25.4,,,,,,,,102.5,,,,,,,,,,,,,,,,,,,,,,
Beyma,TPL-150,8,1000,,,,,4.9,,,,,,,,,,,,,,,,99,,80,,,,,,,,,,68.4,,,,,,,,,,,,,,,,,160,130,,150,130,,,,,,,,,,,,,,,,,,
Beyma,TPL-150/H,8,1200,,,,,4.9,,,,,,,,,,,,,,,,102,,80,,,,,,,,,,148,,,,,,,,,,,,,,,,,230,230,148,195,195,,,,,,,,,,,,,,,,,,
Beyma,TPL-200/B,8,,,,,,4.9,,,,,,,,,,,,,,,,101,,120,,,,,,,,,,,,,,,,,,,,,,,,,,,160,130,72,,,,,,,,,,,,,,,,,,,,
Beyma,TPL-200/H,8,,,,,,4.9,,,,,,,,,,,,,,,,104,,120,,,,,,,,,,152,,,,,,,,,,,,,,,,,230,230,152,,,,,,,,,,,,,,,,,,,,
Beyma,TPL-200/S,8,,,,,,4.9,,,,,,,,,,,,,,,,101,,120,,,,,,,,,,,,,,,,,,,,,,,,,,,160,130,72,,,,,,,,,,,,,,,,,,,,
Beyma,TPL-75,8,,,,,,4.9,,,,,,,,,,,,,,,,92,,80,,,,,,,,,,38,,,,,,,,,,,,,,,,,123,112,,100,86,,,,,,,,,,,,,,,,,,
Beyma,WL-3,8,,,,,,5.6,,,,,,,8,,,,,,,,,105,,80,,,,,,,,,,,,,,,,,,,44,,,,,,,,50,80,40,,,,,,,,,,,,,,,,,,,,
Beyma,WL-4,8,,,,,,5.6,,,,,,,8,,,,,,,,,105,,40,,,,,,,,,,195,,185,,,,,,,44.4,,,,,,,,107,40,68,,,,,,,,,,,,,,,,,,,,
Bliesma,T25B-6,,,,,,,,,,,,,,,,,,,,,,,,,,,,,,,,,,,,,,,,,,,,,,,,,,,,,,,,,,,,,,,,,,,,,,,,,,
Bliesma,T34A-4,,,,,,,,,,,,,,,,,,,,,,,,,,,,,,,,,,,,,,,,,,,,,,,,,,,,,,,,,,,,,,,,,,,,,,,,,,
Bliesma,T34B-4,,,,,,,,,,,,,,,,,,,,,,,,,,,,,,,,,,,,,,,,,,,,,,,,,,,,,,,,,,,,,,,,,,,,,,,,,,
Buttkicker,BK-CT,2,,,,,,,,,,,,,,,,,,,,,,,,,,,,,,,,,,,,,,,4,,,,,,,,,,,,,,,,,,,,,,,,,,,,,,,,,,
Buttkicker,BK-LFE,4,,,,,,,,,,,,,,,,,,,,,,,,,,,,,,,,,,,,,,,4,,,,,,,,,,,,,,,,,,,,,,,,,,,,,,,,,,
Buttkicker,BK-MINI-CT CONCERT Miniature Transducer Seat Bass Shaker 50W 2Ω 10Hz-350Hz,2,9,,,,,,,,,,,,,,,,,,,,,,50,,,,,,,,,122.3,76.2,110.2,,,,,,,,,,,,,,,,,,,,,,,,,,,,,,,,,,,,,,,
Buttkicker,BK-mini-LFE,4,,,,,,,,,,,,,,,,,,,,,,,,,,,,,,,,,,,,,,,3,,,,,,,,,,,,,,,,,,,,,,,,,,,,,,,,,,
Carpower,SP-252C,4,35,0.41,0.47,3.15,96,3.7,0.4,353,38,,0.55,,8.08,,,,,,,,,,,,,,,,1000,,,,,,110,,,,,,125,,39,,,5,,,,,255,,,,,,,,,,,,,,,,,,,,,,
Clark Synthesis,AQ339-100,4,,,,,,,,,,,,,,,,,,,,,,,135,,,,,,,,,,,,,,,,,,,,,,,,,,,,,,,,,,,,,,,,,,,,,,,,,,
Clark Synthesis,TST209,4,,,,,,,,,,,,,,,,,,,,,,,100,,,,,,,203,,,,,,,,,1,,,,,,,,,,,,,,,,,,,,,,,,,,,,,,,,,,
Clark Synthesis,TST239,4,,,,,,,,,,,,,,,,,,,,,,,135,,,,,,,203,203.2,,,57.15,,,,,,,,,,,,,,,,,,,,,,,,,,,,,,,,,,,,,,,
Clark Synthesis,TST329,4,,,,,,,,,,,,,,,,,,,,,,,135,,,,,,,203,203.2,,,57.15,,,,,,,,,,,,,,,,,,,,,,,,,,,,,,,,,,,,,,,
Coles,4001G 16OHM,16,1600,,,,,23,,,,,,,,,,,,,,,,,,,,,,,,,,,,,,,,,,,,,,,,,,,,,,,,,,,,,,,,,,,,,,,,,,,
Coles,4001G 8 OHM,7,1600,,,,,6,,,,,,,,,,,,,,,,,,,,,,,,,,,,,,,,,,,,,,,,,,,,,,,,,,,,,,,,,,,,,,,,,,,
Cube Audio,F10,6,30,0.43,0.44,17.8,127,5.5,0.006,346,,,0.76,,9.7,3,6,,,,,,,,,,,,,,,,,,,,,,,,,,,,,,,,,,,,,,,,,,,,,,,,,,,,,,,,,,
Cube Audio,F8,10,39,0.36,0.37,21.7,54,,0.008,230,,,0.74,,11.5,3,6,,,,,,,,,,,,,,,,,,,,,,,,,,,,,,,,,,,,,,,,,,,,,,,,,,,,,,,,,,
Cube Audio,F8,,42,0.37,0.37,16.4,53,6,0.01,230,,,0.74,,9,3,6,,,,,,,,,,,,,,,,,,,,,,,,,,,,,,,,,,,,,,,,,,,,,,,,,,,,,,,,,,
Cube Audio,FC8,,42,0.38,0.39,14.3,55,6,0.094,230,,,0.81,,8.6,3,6,,,,,,,,,,,,,,,,,,,,,,,,,,,,,,,,,,,,,,,,,,,,,,,,,,,,,,,,,,
Dayton Audio,AMT Mini-8,8,,1.84,,1.86,,7.92,,,,,,,,,,,,,,,,88,15,,,,88,,,40,,,,,,,,,,,,,,,,,,,,,,,,,,,,,,,,,,,,,,,,,,,
Dayton Audio,AMT2-4,4,2300,2.86,,2.92,,3.5,,8.91,,,,,,,,,,,,,,92.5,15,15,,,,92.5,,,90,,,,,65,,,4,,,,,,,,,,,,,,,,,,,,,,,,,,,,,,,,,,
Dayton Audio,AMT3-4,4,1900,6.15,,6.26,,3,,,,,,,,,,,,,,,,93,25,,,,,,,,,,,19.05,,,,,,,,,,,,,,,,,130.048,94.996,,113.03,68.072,,,,,,,,,,,,,,,,,,
Dayton Audio,AMTHR-4,4,,,,,,4.06,,,,,,,,,,,,,,,,94,25,,,,,94,,,,,,,,,,,,,,,,,,,,,,,,,37,,,,,,,,,,,,,,,,,,,,
Dayton Audio,AMTPOD-4,4,,2.06,,,,3.1,,4.7,,,,,,,,,,,,,,90,15,,,,,90,,,41.91,,,21.844,,,,,,,,,,,,,,,,,,,,,,,,,,,,,,,,,,,,,,,
Dayton Audio,AMTPRO-4,4,800,4.12,,,,3.96,0.06,54.72,,,,,,,,,,,,,,94,50,,,,94,,,,,,,36.068,,71.882,,,,,,,,,,,,,,,199.898,100.076,,,,,,,,,,,,,,,,,,,,,
Dayton Audio,AN25F-4,4,1619,1.27,1.91,3.77,,3.04,0.03,,,,,,,,,,,,,,,96.5,30,,,,,96.5,,25.4,,,,,,,,,,,,,25.4,,,,,,,,,,,,,,,,,,,,,,,,,,,,,,
Dayton Audio,AN2TI-4,4,1744,1.3,2.28,3.04,,3.11,0.03,,,,,,,,,,,,,,,95.5,40,,,,,95.5,,25.4,,,,,,,,,,,,,25.4,,,,,,,,,,,,,,,,,,,,,,,,,,,,,,
Dayton Audio,BCE-1,4,2100,,,,,4,0.56,,,,,,,,,,,,,,,,1,,,,,,,22,,,,7.5,,,,,2,,,,,,,,,,,,,,,,,,,,,,,,,,,,,,,,,,
Dayton Audio,BCT-3,4,236,4.83,7.99,13.3,,3.9,0.34,,6.1,,0.046,,4.41,,,,,,,,,,15,,,,,,1000,35,,,,,,,,,,,,,26,,,,,,,,44,32,,,,,,,,,,,,,,,,,,,,,
Dayton Audio,BST-1,4,30,,,,,,,,,,,,,,,,,,,,,,,,,,,,,,,,,,,,,,,,,,,,,,,,,,,,,,,,,,,,,,,,,,,,,,,,
Dayton Audio,BST-1,4,,,,,,,,,,,,,,,,,,,,,,,50,,,,,,,147,,,,,,,,,4,,,,,,,,,,,,,,,,,,,,,,,,,,,,,,,,,,
Dayton Audio,BST-2,4,30,,,,,,,,,,,,,,,,,,,,,102,35,,,,,,,130,130.8,,,54.9,,,127,,4,,,,,,,,,,,,,,,,,,,,,,,,,,,,,,,,,,
Dayton Audio,BST-300EX,4,,,,,,,,,,,,,,,,,,,,,,,300,,,,,,,180,,180,180,63.5,,,,,,,,,,,,,,,,,,,,,,,,,,,,,,,,,,,,,,,
Dayton Audio,CC80W,8,,,,,,,,,,,,,,,,,,,,,,,50,,,,,,,,,,,,,,,,,,,,,,,,,,,,,,,,,,,,,,,,,,,,,,,,,,
Dayton Audio,CE30P-4,4,336,0.8,1.03,3.62,0.007928717,3.4,0.19,4.1,,,0.34,,2.16,0.3,,,,,,,,81,4,,,,,81,,25.4,31.75,,,14.5,,30.2,,,,,,,12.954,,,,,,,,,,,,,,,,,,,,,,,,,,,,,,
Dayton Audio,CE35-4,4,3300,,,,,3.3,0.01,,,,,,,,,,,,,,,90,10,,,,,90,10000,25.4,,,,,,,,,,,,,16,,,,,,,,,,,,,,,,,,,,,,,,,,,,,,
Dayton Audio,CF18N-4,4,1100,1.2,3.1,2,,3.54,0.01,2.55,,,,,,,,,,,,,,90,40,,,,,90,10000,50,,,,,,,,,,,,,18,,,,,,,,,,,,,,,,,,,,,,,,,,,,,,
Dayton Audio,CF50N-4,4,345,0.68,0.82,4.09,,3,0.06,19.6,,,,,,,,,,,,,,91.5,50,,,,,91.5,10000,,,,,,,,,,,,,,50,,,,,,,,,,,,,,,,,,,,,,,,,,,,,,
Dayton Audio,CP80TW,8,,,,,,,,,,,,,,,,,,,,,,,30,,,,,,,,,,,,,,,,,,,,,,,,,,,,295,229,,,,,,,,,,,,,,,,,,,,,
Dayton Audio,CX120-8 (tweeter),,,1.72,7.91,2.2,,5.6,0.04,,,,,,,,,,,,,,,,,,,,,,,,,,,,,,,,,,,,,,,,,19,,,,,,,,,,,,,,,,,,,,,,,,,
Dayton Audio,D1075T,16,,,,,,,,,,,,,,,,,,,,,,110,75,,,,110,,,143,139.7,,,152.4,,,,,,,,,,,,,,,,,,,,,,,,,,,,,,,,,,,,,,,
Dayton Audio,DAEX-13-4SM,4,950,,,,,3.7,0.022,,,,,,,,,,,,,,,,3,,,,,,,16,,,,6.8,,,,,,,,,13,,,,,,,,,,,,,,,,,,,,,,,,,,,,,,
Dayton Audio,DAEX-9-4SM,4,1200,,,,,3.6,0.013,,,,,,,,,,,,,,,,1,,,,,,,9,,,,5,,,,,,,,,9,,,,,,,,,,,,,,,,,,,,,,,,,,,,,,
Dayton Audio,DAEX13CT-4,4,650,3.25,,,,3.6,0.04,,0.26,,0.0002,,1.12,,,,,,,,,,5,,,,,,,19,26.3,,,9.5,,,,,,,,,13,,,,,,,,26.3,32,9.5,,,,,,,,,,,,,,,,,,,,
Dayton Audio,DAEX13CT-8,8,775,2.63,,,,7.3,0.08,,0.2,,0.0003,,1.15,,,,,,,,,,3,,,,,,1000,13,26.3,,,9.5,,,,,,,,,13,,,,,,,,,,,,,,,,,,,,,,,,,,,,,,
Dayton Audio,DAEX19CT-4,4,637,2.34,,,,3.8,0.04,,0.58,,0.0001,,1.78,,,,,,,,,,5,,,,,,,19,33,,,13,,,,,,,,,19,,,,,,,,33,13,,,,,,,,,,,,,,,,,,,,,
Dayton Audio,DAEX19QLP-4,4,450,,,,,3.5,0.13,,,,,,,,,,,,,,,,5,5,,,,,1000,19,53,,,,,,,,,,,,19,,,,,,,,,,,,,,,,,,,,,,,,,,,,,,
Dayton Audio,DAEX19SL-4,4,630,,,,,2.94,0.01,,,,,,,,,,,,,,,,4,4,,,,,,,33,,,6.5,,,,,,,,,19,,,,,,,,,,,,,,,,,,,,,,,,,,,,,,
Dayton Audio,DAEX25,8,298,,,,,7.147,0.28,,0.77,,0.534,,2.999,,,,,,,,,,5,,,,,,1000,100,,,,21,,,,,,,,,25,,,,,,,,,,,,,,,,,,,,,,,,,,,,,,
Dayton Audio,DAEX25CT-4,4,306,1.07,,,,3.6,0.07,,1.29,,0.0002,,1.54,,,,,,,,,,10,,,,,,,48,48,,,15,,,,,,,,,25,,,,,,,,,,,,,,,,,,,,,,,,,,,,,,
Dayton Audio,DAEX25FHE-4,4,224,0.78,,,,4.3,0.1,,1.61,,0.0003,,3.63,,,,,,,,,,24,,,,,,,27,50.5,,,20.5,,,,,4,,,,25,,,,,,,,,,,,,,,,,,,,,,,,,,,,,,
Dayton Audio,DAEX25Q-4,4,224,0.69,,,,4.3,0.25,,1.75,,0.0003,,3.86,,,,,,,,,,20,,,,,,,51,24.7,,,24.77,,,,,,,,,25,,,,,,,,101.44,24.77,,,,,,,,,,,,,,,,,,,,,
Dayton Audio,DAEX25TP-4,4,233,0.74,,,,4.2,0.1,,1.75,,0.0003,,3.86,,,,,,,,,,20,,,,,,1000,25,88.71,,,21,,,,,,,,,25,,,,,,,,,,,,,,,,,,,,,,,,,,,,,,
Dayton Audio,DAEX25VT-4,4,230,0.83,,,,4.2,0.24,,1.75,,0.0003,,3.86,,,,,,,,,,20,,,,,,,51,58.1,,,20.5,,,,,,,,,25,,,,,,,,58.1,20.5,,,,,,,,,,,,,,,,,,,,,
Dayton Audio,DAEX25W-8,8,1276,1.25,,,,7.6,0.58,,0.26,,0.0002,,1.12,,,,,,,,,,10,,,,,,,25,70.2,,,21,,,,,,,,,25,,,,,,,,,,,,,,,,,,,,,,,,,,,,,,
Dayton Audio,DAEX25X4-4,8,285,,,,,7.3,0.29,,,,,,,,,,,,,,,,40,40,,,,,,25,,,,,,,,,,,,,,,,,,,,,,,,,,,,,,,,,,,,,,,,,,,
Dayton Audio,DAEX30HESF-4,4,300,,,,,3.8,0.31,,,,,,,,,,,,,,,,40,40,,,,,,30,,,,28.5,,,,,4,,,,30,,,,,,,,,,,,,,,,,,,,,,,,,,,,,,
Dayton Audio,DAEX32EP-4,4,395,1.38,,,,3.3,0.21,,5.4,,0.08,,4.2,,,,,,,,,,40,,,,,,,32,,,,23,,,,,,,,,32,,,,,,,,,,,,,,,,,,,,,,,,,,,,,,
Dayton Audio,DAEX32Q-4,4,320,,,,,3.2,0.22,,,,,,,,,,,,,,,,20,20,,,,,,32,60.5,,,19.5,,,,,,,,,32,,,,,,,,,,,,,,,,,,,,,,,,,,,,,,
Dayton Audio,DAEX32Q-8,8,580,,,,,6.5,0.36,,,,,,,,,,,,,,,,20,20,,,,,,32,60.5,,,19.5,,,,,,,,,,,,,,,,,,,,,,,,,,,,,,,,,,,,,,,
Dayton Audio,DAEX32QMB-4,4,480,,,,,3.7,0.23,,,,,,,,,,,,,,,,40,40,,,,,1000,32,,,,20,,,,,,,,,32,,,,,,,,,,,,,,,,,,,,,,,,,,,,,,
Dayton Audio,DAEX32SQ-8,8,481,1.15,1.3,10.36,,8,0.51,,,,0.37,,7.98,1.5,,,,,,,,,20,,,,,,,32,,,,22.5,,,,,,,,,32,,,,,,,,51,61.8,22.5,,,,,,,,,,,,,,,,,,,,
Dayton Audio,DAEX32U-4,4,160,,,,,3.5,0.23,,,,,,,,,,,,,,,,20,20,,,,,1000,41,64,,,19,,,,,,,,,32,,,,,,,,,,,,,,,,,,,,,,,,,,,,,,
Dayton Audio,DAEX58FP,8,240,1.98,,,,7,0.47,,9.95,,0.05,,5,,,,,,,,,,25,25,,,,,1000,58,,,,20,,,,,4,,,,32,,,,,,,,,,,,,,,,,,,,,,,,,,,,,,
Dayton Audio,DAEX9CT-4,4,1200,3,,,,3.6,0.02,,0.076,,0.001,,0.49,,,,,,,,,,0.5,,,,,,,94,20.9,,,8.5,,,,,,,,,9,,,,,,,,,,,,,,,,,,,,,,,,,,,,,,
Dayton Audio,DC25T-8,8,1468,0.47,2.55,0.58,,7.7,0.59,4.9,,,,,,,,,,,,,,93,50,50,,,93,93,1000,100,,,,,,,,,,,,,25.4,,,,25,25,,,,,,,,,,,,,,,,,,,,,,,,,
Dayton Audio,DC28F-8,8,834,0.43,0.9,0.82,,5.5,0.09,,,,,,,,,,,,,,,89,50,,,,89,,,28,109.982,,,,,74.168,,,,,,,,,,,,25,,,,,,,,,,,,,,,,,,,,,,,,,
Dayton Audio,DC28FS-8,8,905,0.97,1.73,2.21,,5.4,1.58,6.6,,,,,,,,,,,,,,89,50,50,,,89,,1000,29,110,,,,,78,,,3,,,,29.9,,,,,,,,,,,,,,,,,,,,,,,,,,,,,,
Dayton Audio,DC28FT-8,8,834,0.5,1.33,0.81,,5.5,,,,,,,,,,,,,,,,89,50,,,,89,,,28,,,,,,,,,,,,,,,,,,,,,,,,,,,,,,,,,,,,,,,,,,,
Dayton Audio,DMA105-PR,,37.9,,,7.8,2.5201993467,,,54.1,29.3,,0.6,0.9,,9,,48.7,,,,,,,,,,,,,,102,,,,55,,98,,,4,,,,,,,,,,,,104,104,,,,,,,,,,,,,,,,,,,,,
Dayton Audio,DMA45-4,4,151.4,0.56,0.62,5.23,,3.7,0.3,8.6,1.3,1.3,0.83,,2.8,2,,,,,,,,82,10,,,,,82,,38.1,,,,26.1,,40,50.2,,4,,,,19.05,,,,,,,,46,46,29.1,,,,,,,,,,,,,,,,,,,,
Dayton Audio,DMA45-PR,,60,,,2.75,0.26,,,8.6,2.8,,2.12,0.38,,5,,4.3,,,,,,76.9,,,,,,76.9,,38.1,,,,34.2,,39.6,50.8,,4,,,,19.05,,,,,,,,46,46,29.1,,,,,,,,,,,,,,,,,,,,
Dayton Audio,DMA58-4,4,165.5,0.46,0.56,2.4,0.141,3.55,0.2,14.5,,,0.45,,3.67,2,,,,,,,,86.2,15,,,,,86.2,,50.8,,,,31.75,,49.8,64.3,,4,,,,25.4,,,,,,,,56,56,,,,,,,,,,,,,,,,,,,,,
Dayton Audio,DMA58-8,8,166.2,0.54,0.69,2.45,0.136,6.9,0.4,14.5,,,0.46,,4.6,2,,,,,,,,82.5,15,,,,,82.5,,50.8,,,,31.75,,49.8,64.3,,4,,,,25.4,,,,,,,,56,56,,,,,,,,,,,,,,,,,,,,,
Dayton Audio,DMA58-PR,,39.8,,,3.93,7.08,,,14.5,6.7,,2.4,,,7,,,,,,,,,,,,,,,,50.8,,,,38.1,,50.04,65,,4,,,,,,,,,,,,55.9,55.9,,,,,,,,,,,,,,,,,,,,,
Dayton Audio,DMA70-PR,,34.5,,,3.86,1.3025749432,,,22.9,12,,1.77,,,7,,,,,,,,,,,,,,,,63,,,,44,,64,,,4,,,,,,,,,,,,70,70,,,,,,,,,,,,,,,,,,,,,
Dayton Audio,DMA80-PR,,34.6,,,8.91,2.010496108,,,31.2,13.7,,1.41,,,7,,,,,,,,,,,,,,,,76,,,,44.7,,74.4,95.2,,4,,,,,,,,,,,,80.5,80.5,,,,,,,,,,,,,,,,,,,,,
Dayton Audio,DS115-PR,,29.3,,,3.66,9.3445593754,,,54.1,13,,2.27,0.7,,6,,32.5,,,,,,,,,,,,,,101.6,115.5,,,29,,93.7,,,4,,,,,,,,,,,,,,,,,,,,,,,,,,,,,,,,,,
Dayton Audio,DS135-PR,,27.2,,,3.93,12.18,,,75.4,21.8,,1.52,,,8,,,,,,,,,,,,,,,,127,135,,,38.1,,111.5,126,,4,,,,,,,,,,,,,,,,,,,,,,,,,,,,,,,,,,
Dayton Audio,DS175-PR,,24.5,,,5.57,26.9010042624,,,128.7,36.6,,1.15,1,,8,,103,,,,,,,,,,,,,,165,176,,,47.8,,,,,5,,,,,,,,,,,,,,,,,,,,,,,,,,,,,,,,,,
Dayton Audio,DS215-PR,,23.3,,,7.34,43.0416068198,,,,68.8,,,,,11,,,,,,,,,,,,,,,,203,,,,,,,,,,,,,,,,,,,,,,,,,,,,,,,,,,,,,,,,,,,
Dayton Audio,DS270-PR,,19.5,,,2.5,110.4357017088,,,340,100,,,4.89,,10,,,,,,,,,,,,,,,,254,270,,,,,227,,,,,,,,,,,,,,,,,,,,,,,,,,,,,,,,,,,,,
Dayton Audio,DS315-PR,,16.8,,,0.45,,,,,200,,0.45,,,10,,,,,,,,,,,,,,,,,,,,83,,,,,,,,,,,,,,,,,,,,,,,,,,,,,,,,,,,,,,,
Dayton Audio,DSA115-PR,,30.9,,,3.48,9.3445593754,,,54.1,11.7,,2.27,0.7,,6,,32.5,,,,,,,,,,,,,,102,115.6,,,30,,94,107,,4,,,,,,,,,,,,,,,,,,,,,,,,,,,,,,,,,,
Dayton Audio,DSA135-PR,,,,,3.7,12.2,,,75.4,21.5,,1.51,1,,8,,60.3,,,,,,,,,,,,,,127,134.87,,,38.1,,111.76,,,4,,,,,,,,,,,,,,,,,,,,,,,,,,,,,,,,,,
Dayton Audio,DSA175-PR,,26.8,,,4.3,27.1,,,128.7,30.7,,1.15,1.2,,8,,102.9,,,,,,,,,,,,,,165,175,,,47,,,,,,,,,,,,,,,,,,,,,,,,,,,,,,,,,,,,,,,
Dayton Audio,DSA215-PR,,25.6,,,7.66,36.7,,,211.2,67,,0.58,1.4,,11,,232.4,,,,,,,,,,,,,,,215.9,,,58.42,,178.054,,,5,,,,,,,,,,,,,,,,,,,,,,,,,,,,,,,,,,
Dayton Audio,DSA270-PR,,21.9,,,5.26,105.8,,,353,88.4,,0.6,2.3,,11,,388.3,,,,,,,,,,,,,,,270,,,72.9,,227.076,,,5,,,,,,,,,,,,,,,,,,,,,,,,,,,,,,,,,,
Dayton Audio,DSA315-PR,,17.5,,,6.23,190.8555460301,,,480,142.6,,0.58,2.5,,13,,622.9,,,,,,,,,,,,,,305,313.9,,,88.9,,272,304,,5,,,,,,,,,,,,,,,,,,,,,,,,,,,,,,,,,,
Dayton Audio,DSA90-PR,,43.7,,,5.72,3.5112889774,,,31.2,5,,2.55,0.2,,4,,12.5,,,,,,,,,,,,,,76,92.2,,,21.8,,70.1,8.3,,4,,,,,,,,,,,,,,,,,,,,,,,,,,,,,,,,,,
Dayton Audio,DW3-1053SC,8,100,0.62,0.72,4.77,1.13,5.98,0.44,,,,,,,1.5,,,,,,,,85,15,,,,,85,,76,81,,,50.8,,76.2,84,,4,,,,22.2,,,,,,,,81,50.8,,,,,,,,,,,,,,,,,,,,,
Dayton Audio,E150HE-PR,,,,,,,,,,,,,,,19,,,,,,,,,,,,,,,,139.7,,,,48.5,,126.5,,,4,,,,,,,,,,,,152,48.5,,,,,,,,,,,,,,,,,,,,,
Dayton Audio,E150MR-4,4,75.23,0.519,0.606,3.619,7.4,3.638,0.075,100.3,8.61,,,,4.94,3.25,,28.3,,,,,,92.59,60,,,,,92.59,1000,152.4,152.4,,,74.422,,125.48,,,4,,,,31.75,,,,,,,,,,,,,,,,,,,,,,,,,,,,,,
Dayton Audio,E180HE-PR,,,,,,,,,,,,,,,19,,,,,,,,,,,,,,,,178,181,,,54,,151.5,140,,6,,,,,,,,,,,,,,,,,,,,,,,,,,,,,,,,,,
Dayton Audio,EC30-4,4,700,0.8651,1.163,3.376,,4.03,,,,,,,,,,,,,,,,92,80,,,,,92,,30,,,,,,,,,6,,,,30,,,,,30,,,,,,,,,,,,,,,,,,,,,,,,,
Dayton Audio,EX25CT2-4,4,137,2.48,,,,3.6,0.07,,,,,,1.54,,,,,,,,,,10,,,,,,1000,25,,,,,,,,,,,,,25,,,,,,,,,,,,,,,,,,,,,,,,,,,,,,
Dayton Audio,EX25FHE2-4,4,115,1.28,,,,4.3,0.1,,,,,,,,,,,,,,,,24,,,,,,1000,25,,,,,,,,,,,,,25,,,,,,,,58.3,56,25.5,,,,,,,,,,,,,,,,,,,,
Dayton Audio,EX25HRDS-4,4,133,2.19,,,,3.6,0.06,,,,,,,,,,,,,,,,20,,,,,,,25,45.5,,,21,,,,,,,,,25,,,,,,,,,,,,,,,,,,,,,,,,,,,,,,
Dayton Audio,EX25PCDS-4,4,99.7,1.122,,,,4.2,0.09,,,,,,,,,,,,,,,,20,,,,,,,25,57.8,,,30,,,,,,,,,25,,,,,,,,,,,,,,,,,,,,,,,,,,,,,,
Dayton Audio,EX25VCS-4,4,104.1,1.238,,,,4.4,,,,,,,,,,,,,,,,,20,,,,,,,25,,,,,,,,,,,,,25,,,,,,,,,,,,,,,,,,,,,,,,,,,,,,
Dayton Audio,EX25VT2-4,4,105,1.26,,,,4.2,0.24,,,,,,3.86,,,,,,,,,,20,,,,,,1000,25,,,,,,,,,,,,,25,,,,,,,,,,,,,,,,,,,,,,,,,,,,,,
Dayton Audio,EX2HMP-5,,,,,,,,,,,,,,,,,,,,,,,,,,,,,,,,,,,,,,,,,,,,,,,,,,,,,,,,,,,,,,,,,,,,,,,,,,
Dayton Audio,EX30HESF2-4,4,130,0.79,,,,3.8,0.31,,,,,,,,,,,,,,,,40,,,,,,,30,,,,,,,,,,,,,,,,,,,,,,,,,,,,,,,,,,,,,,,,,,,
Dayton Audio,EX32EP2-4,4,233,2.14,,,,3.3,0.21,,,,,,4.2,,,,,,,,,,40,,,,,,1000,32,,,,,,,,,,,,,32,,,,,,,,,,,,,,,,,,,,,,,,,,,,,,
Dayton Audio,EX32HRDS-4,4,272.5,2.57,,,,3.7,0.08,,,,,,,,,,,,,,,,30,,,,,,10000,32,53,,,25.8,,,,,,,,,32,,,,,,,,58.3,56,25.5,,,,,,,,,,,,,,,,,,,,
Dayton Audio,EX32HRDS-4,4,272.5,2.57,,,,3.7,0.08,,,,,,,,,,,,,,,,,,,,,,,,53.4,,,25.8,,,,,,,,,32,,,,,,,,,,,,,,,,,,,,,,,,,,,,,,
Dayton Audio,EX32HRDS-4,4,272.5,2.57,,,,3.7,,,,,,,,,,,,,,,,,30,,,,,,,32,,,,,,,,,,,,,32,,,,,,,,,,,,,,,,,,,,,,,,,,,,,,
Dayton Audio,EX32HRTS-4,4,159.4,1.81,,,,3.7,,,,,,,,,,,,,,,,,40,,,,,,,32,53.4,,,25.8,,,,,,,,,32,,,,,,,,,,,,,,,,,,,,,,,,,,,,,,
Dayton Audio,EX32Q2-8,8,195,3.14,,,,6.5,0.36,,,,,,,,,,,,,,,,20,,,,,,,32,,,,,,,,,,,,,32,,,,,,,,,,,,,,,,,,,,,,,,,,,,,,
Dayton Audio,EX32U2-4,4,167,,,,,,,,,,,,,,,,,,,,,,20,,,,,,,32,,,,,,,,,,,,,32,,,,,,,,,,,,,,,,,,,,,,,,,,,,,,
Dayton Audio,EX32VBDS-4,4,85.4,0.75,,,,3.6,0.43,,,,,,,,,,,,,,,,40,,,,,,,84,,,,,,,,,,,,,32,,,,,,,,84,95.7,41.2,,,,,,,,,,,,,,,,,,,,
Dayton Audio,HARB252-8,8,172.11,1.74,2.98,4.23,0.28,7.2,,21.03,,,0.305,,3.039,1.25,,,,,,,,77.2,10,,,,,77.2,,,,,,29.5,,,,,4,,,,16,,,,,,,,30,130.8,,25.4,120.6,,,,,,,,,,,,,,,,,,
Dayton Audio,HDN-8,8,695,1.52,,,,7.46,0.86,,38.2,,,,18.2,,,,,,,,,,50,,,,,,1000,102,,,,,,,,,,,,,50,,,,,,,,,,,,,,,,,,,,,,,,,,,,,,
Dayton Audio,HDN-8B,8,695,1.52,,,,7.46,0.86,,38.2,,,,18.2,,,,,,,,,,50,,,,,,1000,101.4,101.4,,,,,,,,,,,,50,,,,,,,,,,,,,,,,,,,,,,,,,,,,,,
Dayton Audio,LS10-44,,34.3,0.43,0.47,5.15,30.8,7.4,5.25,366.4,132,,0.16,,21.1,10,,36.4,,,,,,,,,,,,,1000,254,272.2,,,84.5,,238.5,,,8,,,,50,,,,,,,,,,,,,,,,,,,,,,,,,,,,,,
Dayton Audio,ME620C,8,,,,,,,,,,,,,,,,,,,,,,88,35,,,,,,,165,247.7,,,92.1,,,,,,,,,,,,,,,,,,,,,,,,,,,,,,,,,,,,,,,
Dayton Audio,ME650C,8,,,,,,,,,,,,,,,,,,,,,,88,35,,6.5,,88,,,165.1,250.825,,,142.875,,209.55,,,,,,,,,,,,,,,,,,,,,,,,,,,70,50,20000,3000,12,,,,,,3
Dayton Audio,ME820C,8,,,,,,,,,,,,,,,,,,,,,,89,45,,,,89,,,203,,,,108,98.4,254,,,,,,,,,,,,,,,,,,,,,,,,,,,,,,,,,,,,,
Dayton Audio,MX6-22,2,30,0.33,0.37,2.99,9.995846847,4.7,,126.3,63.8,,0.44,,12.3,12,,,,,,,,83,70,,,,,83,,165,181,,,102,,142,,,8,,,,38,,,,,,,,,,,,,,,,,,,,,,,,,,,,,,
Dayton Audio,ND105-PR,,51.5,,,5.93,,,,51.5,13.9,,0.68,,,6,,,,,,,,,,,,,,,,100,,,,,,,,,,,,,,,,,,,,,,,,,,,,,,,,,,,,,,,,,,,
Dayton Audio,ND13FA-4,4,2832,0.84,8.44,0.93,,3.07,0.02,,,,,,,,,,,,,,,88.5,20,,,,,88.5,,12.7,45,,,11.5,,30.5,,,,,,,,,,,,,,,,,,,,,,,,,,,,,,,,,,,,,
Dayton Audio,ND16FA-4,4,2246,1.79,3.46,3.71,,3.17,0.03,,,,,,,,,,,,,,,93,30,,,,,93,,16,45,,,14.5,,37,,,,,,,,,,,,,,,,,,,,,,,,,,,,,,,,,,,,,
Dayton Audio,ND16FA-6,6,2125,2.2,6.09,3.45,,5.5,0.09,,,,,,,,,,,,,,,88,10,,,,88,,10000,19,32.512,,,14.478,,25.4,,,,,,,,,,,,16,,,,,,,,,,,,,,,,,,,,,,,,,
Dayton Audio,ND20FA-6,6,2005,0.99,2.88,1.5,,5.2,0.05,,,,,,,,,,,,,,,90,15,,,,90,,,19,45,,,15,,33.02,,,,,,,19,,,,,19,,,,,,,,,,,,,,,,,,,,,,,,,
Dayton Audio,ND20FB-4,4,2.072,1.33,3.74,2.08,,3.2,0.03,2.8,,,,,,,,,,,,,,90,15,,,,90,,,19,39.1,,,19,,35.8,,,,,,,19,,,,,,,,,,,,,,,,,,,,,,,,,,,,,,
Dayton Audio,ND25FA-4,4,1350,1.56,2.61,3.87,,3.2,0.03,7.5,,,,,,,,,,,,,,90,20,,,,90,90,,25,66,,,36,,,,,,,,,,,,,,,,,,,,,,,,,,,,,,,,,,,,,,,
Dayton Audio,ND25FA-4,4,1350,1.56,2.61,3.87,,3.2,0.48,,,,,,,,,,,,,,,,,,,,,,,,66.04,,,25.4,,44.958,,,,,,,,,,,,25,,,,,,,,,,,,,,,,,,,,,,,,,
Dayton Audio,ND25FN-4,4,1350,1.56,2.61,3.87,,3.2,0.04,7.5,,,,,,,,,,,,,,90,20,,,,,90,,25.4,40.9,,,21.08,,34.04,,,,,,,,,,,,,,,,,,,,,,,,,,,,,,,,,,,,,
Dayton Audio,ND25FW-4,4,1350,,,,,3.2,0.04,,,,,,,,,,,,,,,91,20,,,,,,,25,103.886,,,,,,,,,,,,,,,,,25,,,,,,,,,,,,,,,,,,,,,,,,,
Dayton Audio,ND25TA-4,4,1470,1.45,2.63,3.24,,3.2,0.48,7.5,,,,,,,,,,,,,,91,20,20,,,,91,,25,66.04,,,25.4,,44.958,,,,,,,,,,,,25,,,,,,,,,,,,,,,,,,,,,,,,,
Dayton Audio,ND28F-6,6,1097,1.24,2.94,2.16,,5.4,0.08,4.9,,,,,,,,,,,,,,88.4,30,30,,,88.4,,,28.5,65.024,,,19.558,,43.434,,,,,,,,,,,,25,,,,,,,,,,,,,,,,,,,,,,,,,
Dayton Audio,ND65-PR,,73,,,2.69,0.5663369318,,,15.6,3.2,,1.45,0.56,,5,,,,,,,,,,,,,,,,65,65,,,48,,52,,,4,,,,,,,,,,,,,,,,,,,,,,,,,,,,,,,,,,
Dayton Audio,ND90-PR,,53.8,,,6.15,1.4158423296,,,31.2,8.1,,1.09,,,9,,,,,,,,,,,,,,,,89,103.4,,,60.7,,85.1,,,4,,,,,,,,,,,,,,,,,,,,,,,,,,,,,,,,,,
Dayton Audio,PA165-8,8,80.8,0.47,0.6,2.19,9.2,5.15,0.54,120.8,9.2,,0.42,,6.33,,,,,,,,,92.9,75,,,,,92.9,1000,152,165,,,75.2,,144.6,,,4,,,,35,,,,,,,,,,,,,,,,,,,,,,,,,,,,,,
Dayton Audio,PHT1-6,6,,,,,,5.77,0.17,,,,,,,,,,,,,,,105,80,80,,,,105,,,,,,80,,85,,,,,,,,,,,,,,,111,180,,,,,,,,,,,,,,,,,,,,,
Dayton Audio,PT2C-8,8,1607,1.78,,1.86,,6.6,0.15,32.4,,,,,,,,,,,,,,94,80,,,,94,,1000,120,,,,,,,,,,,,,,,,,,,,,,,,,,,,,,,,,,,,,,,,,,,
Dayton Audio,PTMini-6,6,4461,1.74,,1.78,,5.9,,5.4,,,,,,,,,,,,,,90,15,15,,,90,,,,,,,,,,,,,,,,,,,,,,,,83,,,60.32,9.52,,,,,,,,,,,,,,,,,,
Dayton Audio,RS225P-8,8,32.3,0.33,0.44,1.28,73.5,6.5,,213.8,21.2,,,,7.97,7,,149.7,,,,,,90.2,,,,,,90.2,,,223,,,84,,184,,,6,,,,38.5,,,,,,,,,,,,,,,,,,,,,,,,,,,,,,
Dayton Audio,RS52FN-8,8,394.3,1.05,1.39,4.27,,5.7,0.12,26.4,,,,,,1,,,,,,,,90,60,,,,,90,,50.8,130,,,57,,100,,,6,,,,50.8,,,,,,,,,,,,,,,,,,,,,,,,,,,,,,
Dayton Audio,RSS210-PR,,19.5,,,10.7,39.2,,,213,110,,0.61,,,20,20,426,,,,,,,,,,,,,,,,,,,,,,,,,,,,,,,,,,,,,,,,,,,,,,,,,,,,,,,,,
Dayton Audio,RSS265-PR,,19.6,,,4.92,59.7,,,356.3,200,,0.33,11.02,,24,,855.1,,,,,,,,,,,,,,254,266,,,77,,235,,,,,,,,,,,,,,,,,,,,,,,,,,,,,,,,,,,,,
Dayton Audio,RSS315-PR,,21,,,4.79,78.9,,,506.7,300,,0.22,7.77,,26,,,,,,,,,,,,,,,,304.8,314,,,87,,282,,,,,,,,,,,,,,,,,,,,,,,,,,,,,,,,,,,,,
Dayton Audio,RSS390-PR,,18.2,,,4.07,212.6595179059,,,829.6,400,,0.22,,,30,,,,,,,,,,,,,,,,381,388.4,,,120.9,,355.6,,,8,,,,,,,,,,,,,,,,,,,,,,,,,,,,,,,,,,
Dayton Audio,RSS460-PR,,14.7,,,5.03,449,,,1164,500,,0.23,9.21,,34,,3957.6,,,,,,,,,,,,,,450,,,,157,,,,,,,,,,,,,,,,,450,,,,,,,,,,,,,,,,,,,,,,
Dayton Audio,RST28A-4,4,775,0.93,1.65,2.15,,3,0.03,6.6,,,,,,,,,,,,,,92.5,80,,,,,92.5,,28.57,104,,,44.4,,73,,,4,,,,,,,,,,,,104,82.5,,,,,,,,,,,,,,,,,,,,,
Dayton Audio,RST28F-4,4,710,0.92,1.46,2.52,,3,0.03,6.6,,,,,,,,,,,,,,93.5,80,,,,,93.5,,28.57,,,,44.4,,73,,,4,,,,,,,,,,,,104,82.5,,,,,,,,,,,,,,,,,,,,,
Dayton Audio,RST28F-4,4,710,0.92,1.46,2.52,,3,0.03,6.6,,,,,,,,,,,,,,93.5,80,,,,,93.5,,28.5,,,,,,,,,,,,,,,,,,,,,,,,,,,,,,,,,,,,,,,,,,,
Dayton Audio,RST28F-4,4,710,0.92,1.46,2.52,,3,0.03,6.6,,,,,,,,,,,,,,93.5,80,,,,,93.5,,,104.775,,,44.45,,73.025,,,,,,,,,,,,25,,,,,,,,,,,,,,,,,,,,,,,,,
Dayton Audio,SIG120-4,4,74.6,0.43,0.47,4.84,3.08,,0.22,56.4,6.7,,0.68,,5,4,,,,,,,,89.7,40,,,,,89.7,,101.6,123,,,,,95,,,6,,,,25.4,,,,,,,,,,,,,,,,,,,,,,,,,,,,,,
Dayton Audio,SIG150-4,4,61.5,0.49,0.53,5.78,8.78,,0.35,96,10.2,,0.68,,5.2,4,,,,,,,,91.1,60,,,,,91.1,,133.3,151.9,,,70.5,,70.36,,,6,,,,26.7,,,,,,,,152,70.5,,,,,,,,,,,,,,,,,,,,,
Dayton Audio,SMRK-2,,,,,,,,,,,,,,,,,,,,,,,,,,,,,,,,,,,,,,,,,,,,,,,,,,,,,,,,,,,,,,,,,,,,,,,,,,
Dayton Audio,ST601-4,4,2660,,,,,3.61,0.089,,,,,,,,,,,,,,,103,60,,,,,,10000,,,,,,,,,,,,,,25.4,,,,,,,,,,,,,,,,,,,,,,,,,,,,,,
Dayton Audio,ST603-4,4,3480,,,,,3.75,0.078,,,,,,,,,,,,,,,106,60,,,,,106,10000,254,80,,,,,,,,,,,,25.4,,,,,25.4,,,,,,,,,,,,,,,,,,,,,,,,,
Dayton Audio,TD20F-4,4,1696,1.38,4.99,1.9,,3.4,0.03,31.4,,,,,,,,,,,,,,90,20,,,,,90,10000,19,65,,,15,,35,55,,4,,,,,,,,,,,,65,15,,,,,,,,,,,,,,,,,,,,,
Dayton Audio,TD24F-4,4,1667,,,,,3.5,0.12,,,,,,,,,,,,,,,90,25,,,,,90,,25.4,52,,,12.7,,35.6,44,,4,,,,,,,,,,,,,,,,,,,,,,,,,,,,,,,,,,
Dayton Audio,TD25F-4,4,900,0.94,1.62,2.22,,3.5,0.04,7.5,,,,,,,,,,,,,,91,20,,,,,91,,,93.5,,,32.5,,69.1,,,,,,,25,,,,,,,,,,,,,,,,,,,,,,,,,,,,,,
Dayton Audio,TT20-8,8,106,,,,,7.7,0.35,,,,,,,,,,,,,,,,,,,,,,,,50.8,,,19,,,,,,,,,,,,,,,,,,,,,,,,,,,,,,,,,,,,,,,
Dayton Audio,TT20-8,8,106,,,,,,0.35,,,,,,,,,,,,,,,,15,,,,,,1000,50.8,,,,19.05,,,,,3,,,,,,,,,,,,,,,,,,,,,,,,,,,,,,,,,,
Dayton Audio,TT25-16,16,40,,,,,,,,,,,,,,,,,,,,,,15,,,,,,,89,,,,,,,,,6,,,,,,,,,,,,,,,,,,,,,,,,,,,,,,,,,,
Dayton Audio,TT25-8,8,40,,,,,,,,,,,,,,,,,,,,,,15,,,,,,,90,,,,,,,,,6,,,,,,,,,,,,,,,,,,,,,,,,,,,,,,,,,,
Dayton Audio,UMII10-22,2,39,0.57,0.73,2.67,21.2,4,,345,134,,0.126,,13.4,20,,689,,,,,,,600,,,,,,,250,270,,,165,,240,,,,,,,63.5,,,,,,,,,,,,,,,,,,,,,,,,,,,,,,
Dayton Audio,UMII12-22,2,31,0.56,0.71,2.75,53,4.2,,528,189,,0.133,,14.8,22,,1162,,,,,,,800,,,,,,,300,320,,,180,,280,,,,,,,76.2,,,,,,,,,,,,,,,,,,,,,,,,,,,,,,
Dayton Audio,UMII15-22,2,,,,,,,,,,,,,,22,,,,,,,,,900,,,,,,,380,,,,,,,,,,,,,76.2,,,,,,,,,,,,,,,,,,,,,,,,,,,,,,
Dayton Audio,UMII18-22,,22,0.53,0.67,2.53,248.2,4.2,1.15,1184,420,,0.124,,19.2,28,,3315,,,,,,90.7,1200,,,,,,,460,470,,,258,,426,,6.5,8,,,,,,,,,,,,,,,,,,,,,,,,,,,,,,,,,,
Dayton Audio,UMII8-22,2,46,0.75,0.99,3.1,8.4,3.9,,200,82,,0.148,,9.7,18,,360,,,,,,,400,,,,,,,203,,,,,,,,,,,,,63.5,,,,,,,,,,,,,,,,,,,,,,,,,,,,,,
Douk Audio,BS-1,6,30,,,,,,,,,,,,,,,,,,,,,,50,,,,,,,143,,,,,,,,,,,,,,,,,,,,,158,143,64,,,,,,,,,,,,,,,,,,,,
Douk Audio,BS-2,4,,,,,,,,,,,,,,,,,,,,,,,30,,,,,,,89.7,,,,,,,,,,,,,,,,,,,,,86,89.7,38.5,,,,,,,,,,,,,,,,,,,,
Duelund,DUE-1-TWEET,,430,0.21,0.25,1.1,,4.7,0.07,9,0.5,,0.26,1.3,5.1,1.5,1.5,,,,,,,,,,,,,,,,,,,,,,,,,,,,,,,,,,,,,,,,,,,,,,,,,,,,,,,,,,
Duelund,DUE-8-IN-PAD,,25.3,0.22,0.24,3.31,139.9,,0.46,227,20.4,,1.94,1,8.8,4.5,12,,,,,,,,,,,,,,,,,,,,,,,,,,,,,,,,,,,,,,,,,,,,,,,,,,,,,,,,,,
Dynaudio,15W75-08,8,55,0.4,0.6,1.6,7.5,4.9,0.19,87,12,,,,6,,,,6.5,,,,,,,,,,,,,,,,,,,,,,,,,,,,,,,,,,,,,,,,,,,,,,,,,,,,,,,,
Dynaudio,20W75-08,8,30,0.5,0.7,1.8,65,5,0.3,180,20,,,,9.5,,,,9,,,,,,,,,,,,,,,,,,,,,,,,,,,,,,,,,,,,,,,,,,,,,,,,,,,,,,,,
Dynaudio,D2806-2A,,,,,,,,,,,,,,,,,,,,,,,,,,,,,,,,,,,,,,,,,,,,,,,,,,,,,,,,,,,,,,,,,,,,,,,,,,
Dynaudio,ESOTAR2,6,1000,,,,,5.2,,7.7,,,,,,,,,,,,,,92,,150,,,,,,,,,,32.5,,68,,,,,,,28,2.8,,,,,,,111,41,,,,,,,,,,,,,,,,,,,,,
Dynaudio,Esotec MD 142 Dome Midrange speaker,8,475,,,,,5.3,,52,,,,,,5,,,,,,,,,,100,,,,,,,,,,45,,37.5,,,,,,,75,5.5,,,,,,,121,,,,,,,,,,,,,,,,,,,,,,
Dynaudio,ESOTEC2,8,1300,,,,,5.6,,7.7,,,,,,,,,,,,,,,,100,,,,,,,,,,29.1,,55.5,,,,,,,28,1.7,,,,,,,62.2,,,,,,,,,,,,,,,,,,,,,,
Dynaudio,S4-C80,,,,,,,,,,,,,,,,,,,,,,,89,,,,,,,,,,,,,,,,,,,,,,,,,,,,,,,,,,,,,,,,,,,,,,,,,,,
Dynavox,AMT 1 Air Motion Transformer,5,,,,,,4.5,,,,,,,,,,,,,,,,90,,50,,,,,,,,,,30,,65,,,,,,,,,,,,,,,70,70,,,,,,,,,,,,,,,,,,,,,
Dynavox,AMT 2 Air Motion Transformer,4,,,,,,,,,,,,,,,,,,,,,,90,,20,,,,,,,,,,22,,,,,,,,,,,,,,,,,66,74,,55,53,,,,,,,,,,,,,,,,,,
Dynavox,"Mylar dome tweeter, 8 Ohm, round",8,,,,,,,,,,,,,,,,,,,,,,88,,80,,,,,,,,,,,,50,,,,,,,,,,,,,,,74,,,,,,,,,,,,,,,,,,,,,,
Dynavox,RT-10,4,,,,,,,,,,,,,,,,,,,,,,91,,15,,,,,,,,,,16,,44,,,,,,,,,,,,,,,74,,,,,,,,,,,,,,,,,,,,,,
Eminence,6227 (Eminence 6100-16),,118,,0.6,5.68,5.8,7.2,0.19,,,,,,,3.5,,,,,,,,,,,,,,,,,,,,,,,,,,,,,,,,,,,,,,,,,,,,,,,,,,,,,,,,,,,
Eminence,Beta 8,,65.1,0.38,0.42,5,24.29,6,0.49,,15.45,,0.379,1.29,9.55,3,7.37,,,,,,,,,,,,,,,,,,,,,,,,,,,,,,,,,,,,,,,,,,,,,,,,,,,,,,,,,,
Epos,10DA25BK-ET01,,,,,,,,,,,,,,,,,,,,,,,,,,,,,,,,,,,,,,,,,,,,,,,,,,,,,,,,,,,,,,,,,,,,,,,,,,
Epos,13PR85BX-DW02,,,,,,,,,,,,,,,,,,,,,,,,,,,,,,,,,,,,,,,,,,,,,,,,,,,,,,,,,,,,,,,,,,,,,,,,,,
Epos,13PR85BX-EW02,,,,,,,,,,,,,,,,,,,,,,,,,,,,,,,,,,,,,,,,,,,,,,,,,,,,,,,,,,,,,,,,,,,,,,,,,,
Epos,13PR85BX-EW04,,,,,,,,,,,,,,,,,,,,,,,,,,,,,,,,,,,,,,,,,,,,,,,,,,,,,,,,,,,,,,,,,,,,,,,,,,
Epos,16PR90CZR-FW04,,,,,,,,,,,,,,,,,,,,,,,,,,,,,,,,,,,,,,,,,,,,,,,,,,,,,,,,,,,,,,,,,,,,,,,,,,
Epos,AKS01-025D06,,,,,,,,,,,,,,,,,,,,,,,,,,,,,,,,,,,,,,,,,,,,,,,,,,,,,,,,,,,,,,,,,,,,,,,,,,
Epos,AKS01-103W03,,,,,,,,,,,,,,,,,,,,,,,,,,,,,,,,,,,,,,,,,,,,,,,,,,,,,,,,,,,,,,,,,,,,,,,,,,
Epos,AKS01-200S01,,,,,,,,,,,,,,,,,,,,,,,,,,,,,,,,,,,,,,,,,,,,,,,,,,,,,,,,,,,,,,,,,,,,,,,,,,
Epos,AKS02-025D06,,,,,,,,,,,,,,,,,,,,,,,,,,,,,,,,,,,,,,,,,,,,,,,,,,,,,,,,,,,,,,,,,,,,,,,,,,
Epos,AKS02-135W09,4,58,0.4,0.46,3.36,7.1,3.6,,,,,,,,,,,,,,,,87,,,,,,,,,,,,,,,,,,,,,,,,,,,,,,,,,,,,,,,,,,,,,,,,,,,
Epos,AKS02-135W12,,,,,,,,,,,,,,,,,,,,,,,,,,,,,,,,,,,,,,,,,,,,,,,,,,,,,,,,,,,,,,,,,,,,,,,,,,
Epos,AKS02-135W16,8,55,0.44,0.52,2.71,9.6,7.2,,,,,,,,,,,,,,,,87,,,,,,87,,,,,,,,,,,,,,,,,,,,,,,,,,,,,,,,,,,,,,,,,,,,,
Epos,AKS02-135W17,8,55,0.43,0.5,3.13,9.7,7.2,,,,,,,,,,,,,,,,87,,,,,,,,,,,,,,,,,,,,,,,,,,,,,,,,,,,,,,,,,,,,,,,,,,,
Epos,AKS02-166W02,,,,,,,,,,,,,,,,,,,,,,,,,,,,,,,,,,,,,,,,,,,,,,,,,,,,,,,,,,,,,,,,,,,,,,,,,,
Epos,AKS02-166W05,,,,,,,,,,,,,,,,,,,,,,,,,,,,,,,,,,,,,,,,,,,,,,,,,,,,,,,,,,,,,,,,,,,,,,,,,,
Epos,AKS02-166W07,4,46,0.38,0.43,3.69,22,3.6,,,,,,,,,,,,,,,,,,,,,,,,,,,,,,,,,,,,,,,,,,,,,,,,,,,,,,,,,,,,,,,,,,,
Epos,AKS02-166W08,8,49,0.44,0.53,2.41,19.3,7.2,,,,,,,,,,,,,,,,88.5,,,,,,88.5,,,,,,,,,,,,,,,,,,,,,,,,,,,,,,,,,,,,,,,,,,,,,
Epos,AKS03-025D03,,,,,,,,,,,,,,,,,,,,,,,,,,,,,,,,,,,,,,,,,,,,,,,,,,,,,,,,,,,,,,,,,,,,,,,,,,
Epos,AKS03-135W14,,,,,,,,,,,,,,,,,,,,,,,,,,,,,,,,,,,,,,,,,,,,,,,,,,,,,,,,,,,,,,,,,,,,,,,,,,
Epos,AKS03-200S12,,,,,,,,,,,,,,,,,,,,,,,,,,,,,,,,,,,,,,,,,,,,,,,,,,,,,,,,,,,,,,,,,,,,,,,,,,
Epos,AKS06-103W01,,,,,,,,,,,,,,,,,,,,,,,,,,,,,,,,,,,,,,,,,,,,,,,,,,,,,,,,,,,,,,,,,,,,,,,,,,
Epos,AKS06-103W02,4,84,0.46,0.54,3.22,2.5,3.6,,,,,,,,,,,,,,,,86,,,,,,86,,,,,,,,,,,,,,,,,,,,,,,,,,,,,,,,,,,,,,,,,,,,,
Epos,BAS-MI-001,,,,,,,,,,,,,,,,,,,,,,,,,,,,,,,,,,,,,,,,,,,,,,,,,,,,,,,,,,,,,,,,,,,,,,,,,,
Epos,BAS-MI-002,,,,,,,,,,,,,,,,,,,,,,,,,,,,,,,,,,,,,,,,,,,,,,,,,,,,,,,,,,,,,,,,,,,,,,,,,,
Epos,MID-MI-001,,,,,,,,,,,,,,,,,,,,,,,,,,,,,,,,,,,,,,,,,,,,,,,,,,,,,,,,,,,,,,,,,,,,,,,,,,
Esoteric,E130 MK II,8,37.4,0.42,0.47,3.75,37.7,4.03,0.83,139,13,,,,6.5,,,,,,,,,86,,60,,,,,,,,,,80.1,,144.3,,,,,,,,,,,,,,,179.6,,,,,,,,,,,,,,,,,,,,,,
Esoteric,E170 MKII,8,25,0.43,0.51,2.99,116.7,6.57,1.04,214,22.7,,,,6.8,7.3,,,,,,,,86.8,,60,,,,,,,,,,94,,185,,,,,,,,,,,,,,,225,,,,,,,,,,,,,,,,,,,,,,
Ess,10 Zoll Passive Radiator - ALU Basket,,19.32,,,2.5,75.6,,,344.9,150,,0.45,7.3,,10,,,,,,,,,,,,,,,,,,,,67,,238,,,,,,,,,,,,,,,270,,,,,,,,,,,,,,,,,,,,,,
Ess,"12 Zoll gray, flat disk Passive Radiator without Frame",,,,,,,,,,,,,,,,,,,,,,,,,,,,,,,,,,,,,,,,,,,,,,,,,,,,,,,,,,,,,,,,,,,,,,,,,,
Ess,12 Zoll Passive Radiator - ALU Basket,,18,,,2.3,124.3,,,535.8,250,,0.31,12.4,,11,,,,,,,,,,,,,,,,,,,,89,,282,,,,,,,,,,,,,,,314,,,,,,,,,,,,,,,,,,,,,,
Ess,AMT-1,4,1560,0.03,1.3,0.04,,3.4,,180,,,,,,,,,,,,,,100,,100,,,,,,,,,,108,,,,,,,,,,,,,,,,,172,154,,,,,,,,,,,,,,,,,,,,,
Ess,"Woofer 10 Zoll - 25 cm ALU Basket, 4 OHM",4,27,0.48,0.54,4.1,49.554481536000004,3.4,1.2,,,,,,,4,,,,,,,,90.6,,80,,,,,,,,,,114,,238,,,,,,,38,,,,,,,,270,,,,,,,,,,,,,,,,,,,,,,
Ess,"Woofer 12 Zoll ALU Basket, 4 OHM",4,24,0.47,0.52,4.9,189.43970370048,3.9,0.73,,,,,,,6,,,,,,,,91.5,,200,,,,,,,,,,143,,282,,,,,,,50,,,,,,,,314,,,,,,,,,,,,,,,,,,,,,,
Eton,1.1061.01,8,69,0.39,0.43,5.09,3.6,5.9,,,,6.2,0.84,0.58,,,,,,,,,,,,,,,,,,,,,,,,,,,,,,,,,,,,,,,,,,,,,,,,,,,,,,,,,,,,,
Eton,1.1354.01,,,,,,,,,,,,,,,,,,,,,,,,,,,,,,,,,,,,,,,,,,,,,,,,,,,,,,,,,,,,,,,,,,,,,,,,,,
Eton,1.2100.06,,,,,,,,,,,,,,,,,,,,,,,,,,,,,,,,,,,,,,,,,,,,,,,,,,,,,,,,,,,,,,,,,,,,,,,,,,
Eton,1.2100.07,,,,,,,,,,,,,,,,,,,,,,,,,,,,,,,,,,,,,,,,,,,,,,,,,,,,,,,,,,,,,,,,,,,,,,,,,,
Eton,1.6263.04,,,,,,,,,,,,,,,,,,,,,,,,,,,,,,,,,,,,,,,,,,,,,,,,,,,,,,,,,,,,,,,,,,,,,,,,,,
Eton,12-212,8,24,0.31,0.32,7.15,176,6.2,,,,92.7,0.47,2.13,,,,,,,,,,,,,,,,,,,,,,,,,,,,,,,,,,,,,,,,,,,,,,,,,,,,,,,,,,,,,
Eton,25SD4 1.6263.05,,,,,,,,,,,,,,,,,,,,,,,,,,,,,,,,,,,,,,,,,,,,,,,,,,,,,,,,,,,,,,,,,,,,,,,,,,
Eton,3-212,8,112,0.3,0.32,4.23,0.7,5.9,,,,4.4,0.46,0.79,,,,,,,,,,,,,,,,,,,,,,,,,,,,,,,,,,,,,,,,,,,,,,,,,,,,,,,,,,,,,
Eton,7-212/C8/32 HEX Symphony II,,,,,,,,,,,,,,,,,,,,,,,,,,,,,,,,,,,,,,,,,,,,,,,,,,,,,,,,,,,,,,,,,,,,,,,,,,
Factory Buyouts,"6-1/2"" Poly Cone Woofer 4 Ohm",4,52,0.95,1.4,2.99,18.405950285,3.37,0.48,,,,,,,3.5,,,,,,,,,30,,,,,,,,,,,,,,,,,,,,,,,,,,,,,,,,,,,,,,,,,,,,,,,,,,
Faitalpro,3FE22,16,110,0.56,0.63,4.56,1.132673864,12.3,0.1,30.2,2.3,,0.92,,,1.83,,,,,,,,,20,,3,,,,,76.2,,,,,,,,,,,,,,,,,,,,,,,,,,,,,,,,,,,,,,,,,,,
Faitalpro,3FE22,4,110,0.36,0.4,3.57,1.132673864,3.7,0.1,30.2,2.4,,0.86,,,1.73,,,,,,,,,20,,3,,,,,76.2,,,,,,,,,,,,,,,,,,,,,,,,,,,,,,,,,,,,,,,,,,,
Faitalpro,3FE22,8,110,0.47,0.5,5,1.132673864,6.2,0.15,30.2,2.5,,0.85,,,1.83,,,,,,,,,20,,3,,,,,76.2,,,,,,,,,,,,,,,,,,,,,,,,,,,,,,,,,,,,,,,,,,,
Faitalpro,3FE25,4,110,0.6,0.7,3.9,1.132673864,3.5,0.04,30.2,2.4,,0.89,,,1.73,,,,,,,,,20,,3,,,,,76.2,,,,,,,,,,,,,,,,,,,,,,,,,,,,,,,,,,,,,,,,,,,
Faitalpro,3FE25,8,110,0.7,0.8,4.1,1.132673864,6.2,0.07,30.2,2.4,,0.87,,,1.83,,,,,,,,,20,,3,,,,,76.2,,,,,,,,,,,,,,,,,,,,,,,,,,,,,,,,,,,,,,,,,,,
Faitalpro,4FE32,16,100,0.8,1.02,3.84,1.699010796,12.3,0.1,48,4,,0.63,,,1.83,,,,,,,,,30,,4,,,,,101.6,,,,,,,,,,,,,,,,,,,,,,,,,,,,,,,,,,,,,,,,,,,
Faitalpro,4FE32,4,100,0.5,0.6,3.5,2.265347727,3.7,0.11,48,3.8,,0.6,,,1.73,,,,,,,,,30,,4,,,,,101.6,,,,,,,,,,,,,,,,,,,,,,,,,,,,,,,,,,,,,,,,,,,
Faitalpro,4FE32,8,100,0.6,0.7,4.9,1.982179261,7,0.18,48,4.2,,0.6,,,2.73,,,,,,,,,30,,4,,,,,101.6,,,,,,,,,,,,,,,,,,,,,,,,,,,,,,,,,,,,,,,,,,,
Faitalpro,4FE35,16,100,1.16,1.67,3.84,1.982179261,12.3,0.1,48,4,,0.64,,,1.83,,,,,,,,,30,,4,,,,,101.6,,,,,,,,,,,,,,,,,,,,,,,,,,,,,,,,,,,,,,,,,,,
Faitalpro,4FE35,4,100,0.73,0.9,3.94,1.982179261,3.3,0.04,48,3.9,,0.65,,,1.73,,,,,,,,,30,,4,,,,,101.6,,,,,,,,,,,,,,,,,,,,,,,,,,,,,,,,,,,,,,,,,,,
Faitalpro,4FE35,8,100,0.84,1.04,4.2,1.982179261,6.5,0.1,48,3.9,,0.65,,,2.73,,,,,,,,,30,,4,,,,,101.6,,,,,,,,,,,,,,,,,,,,,,,,,,,,,,,,,,,,,,,,,,,
Fostex,FE103A-VB,8,82.73,0.41,0.45,4.95,5.65,6.63,0.11,50.3,2.31,,1.6,0.24,4.23,,,,,,,,,90.6,,,,,,,,,,,,,,,,,,,,,,,,,,,,,,,,,,,,,,,,,,,,,,,,,,,
Fostex,FE103EN,8,83,0.33,0.377,2.747,5.95,7.5,0.0398,50,2.55,,,,,0.6,,,,,,,,,,,,,,,,,,,,,,,,,,,,,,,,,,,,,,,,,,,,,,,,,,,,,,,,,,,
Fostex,FE103NV,8,91.8,0.46,0.5,5.2,4.3,7.7,0.2,,2.5,,1.2,,4.7,,,,,,,,,,,,,,,,,,,,,,,,,,,,,,,,,,,,,,,,,,,,,,,,,,,,,,,,,,,,
Fostex,FE103NV2,8,91.8,0.46,0.5,5.2,4.3,7.7,0.2,25.12,2.5,,1.2,,4.7,,,,,,,,,88.5,,15,,,,,,,,,,47.8,,92,,,,,,,20,,,,,,,,107,,,,,,,,,,,,,,,,,,,,,,
Fostex,fe108ez,8,77,0.3,0.32,7.79,5.7,6.8,0.038,50,2.7,,1.59,,,0.28,,,,,,0.78,,,,,,,,,,,,,,,,,,,,,,,,,,,,,,,,,,,,,,,,,,,,,,,,,,,,,
Fostex,FE108NS,8,75,0.32,0.35,3.11,5.73,7.4,0.03,,2.66,,1.69,,5.13,,,,,,,,,,,,,,,,,,,,,,,,,,,,,,,,,,,,,,,,,,,,,,,,,,,,,,,,,,,,
Fostex,FE126EN,8,83,0.3,0.33,4.8,8.5,7.2,0.035,65,2.8,,,,,0.35,,,,,,,,,,,,,,,,,,,,,,,,,,,,,,,,,,,,,,,,,,,,,,,,,,,,,,,,,,,
Fostex,FE126NV2,8,79.1,0.34,0.37,3.51,8.5,7.1,0.2,28.88,3,,1.4,,5.3,,,,,,,,,92,,45,,,,,,,,,,61,,102,,,,,,,20,,,,,,,,117,,,,,,,,,,,,,,,,,,,,,,
Fostex,FE166EN,8,53,0.25,0.266,3.426,37.02,7.2,0.052,133,6.8,,,,,1,,,,,,,,,,,,,,,,,,,,,,,,,,,,,,,,,,,,,,,,,,,,,,,,,,,,,,,,,,,
Fostex,FE166NV,,49.6,0.27,,7.88,36.9,7.8,0.8,,,,1.5,,,,,,,,,,,,,,,,,,,,,,,,,,,,,,,,,,,,,,,,,,,,,,,,,,,,,,,,,,,,,,
Fostex,FE166NV2,8,49,0.27,0.28,7.88,36.9,7.8,0.8,40.82,7,,1.5,,7.7,,,,,,,,,94,,65,,,,,,,,,,77,,143,,,,,,,25,,,,,,,,166,,,,,,,,,,,,,,,,,,,,,,
Fostex,FE168EZ,8,51,0.26,0.27,5.328,23.7,6.8,0.056,113,8.7,,1.278,,,1.6,,,,,,0.9,,,,,,,,,,,,,,,,,,,,,,,,,,,,,,,,,,,,,,,,,,,,,,,,,,,,,
Fostex,FE168NS,8,60,0.39,0.4,7.3,19.5,7.1,0.18,,8.5,,0.83,,7.4,2.2,,,,,,,,,,,,,,,,,,,,,,,,,,,,,,,,,,,,,,,,,,,,,,,,,,,,,,,,,,,
Fostex,FE203Σ-RE,8,54,0.23,0.23,8.51,37.81,7.2,0.29,,14.01,,0.63,,12.11,,,,,,,,,,,,,,,,,,,,,,,,,,,,,,,,,,,,,,,,,,,,,,,,,,,,,,,,,,,,
Fostex,FE206EN,8,45,0.19,0.194,4.57,70.99,6.8,0.0525,206,12.2,,,,,0.8,,,,,,,,,,,,,,,,,,,,,,,,,,,,,,,,,,,,,,,,,,,,,,,,,,,,,,,,,,,
Fostex,FE206NV,,44.7,0.26,,7.25,50.2,7.2,,,,,0.8,,,,,,,,,,,,,,,,,,,,,,,,,,,,,,,,,,,,,,,,,,,,,,,,,,,,,,,,,,,,,,
Fostex,FE206NV2,8,44.7,0.26,0.27,7.25,50.2,7.2,0.1,50.86,15.2,,0.8,,10.7,,,,,,,,,96,,90,,,,,,,,,,89,,182,,,,,,,35,,,,,,,,208,,,,,,,,,,,,,,,,,,,,,,
Fostex,FE208EZ,8,42,0.18,0.19,6.191,60.1,6.4,0.0517,201,13.3,,1.069,,,1.25,,,,,,2.278,,,,,,,,,,,,,,,,,,,,,,,,,,,,,,,,,,,,,,,,,,,,,,,,,,,,,
Fostex,FE208NS,8,45,0.22,0.22,6.87,54.57,6.6,0.19,,14.07,,0.91,,10.79,,,,,,,,,,,,,,,,,,,,,,,,,,,,,,,,,,,,,,,,,,,,,,,,,,,,,,,,,,,,
Fostex,FE83-SOL,,,,,,,,,,,,,,,,,,,,,,,,,,,,,,,,,,,,,,,,,,,,,,,,,,,,,,,,,,,,,,,,,,,,,,,,,,
Fostex,FE83A-VB,8,96.3,0.5,0.59,3.32,2.08,6.9,0.08,30.2,1.67,,1.63,0.31,3.3,,,,,,,,,87,,,,,,,,,,,,,,,,,,,,,,,,,,,,,,,,,,,,,,,,,,,,,,,,,,,
Fostex,FE83EN,8,165,0.84,1.057,4.06,0.7,7.5,0.0267,28.3,1.53,,,,,0.15,,,,,,,,,,,,,,,,,,,,,,,,,,,,,,,,,,,,,,,,,,,,,,,,,,,,,,,,,,,
Fostex,FE83NV,8,149.7,0.78,0.96,4.21,0.9,7.1,0.1,30,1.4,,0.8,,3.2,,,,,,,,,87.5,,15,,,,,,,,,,46,,70,,,,,,,16,,,,,,,,83,,,,,,,,,,,,,,,,,,,,,,
Fostex,FE83NV2,8,149.7,0.78,0.96,4.21,0.9,7.1,0.1,,1.4,,0.8,,3.2,,,,,,,,,,,,,,,,,,,,,,,,,,,,,,,,,,,,,,,,,,,,,,,,,,,,,,,,,,,,
Fostex,FT17H,8,2600,,,,,,,,,,,,,,,,,,,,,98.5,,30,,,,,,,,,,49.5,,62.5,,,,,,,,,,,,,,,87,,,,,,,,,,,,,,,,,,,,,,
Fostex,FT207D,8,,,,,,,,,,,,,,,,,,,,,,,,,,,,,,,,,,,,,,,,,,,,,,,,,,,,,,,,,,,,,,,,,,,,,,,,,
Fostex,FT28D,8,850,,,,,,,,,,,,,,,,,,,,,90,,40,,,,,,,,,,32.8,,70,,,,,,,,,,,,,,,78,90,,,,,,,,,,,,,,,,,,,,,
Fostex,FT96H,8,,,,,,,,,,,,,,,,,,,,,,,,,,,,,,,,,,,,,,,,,,,,,,,,,,,,,,,,,,,,,,,,,,,,,,,,,
Fostex,FW108HS,8,65,0.46,0.488,8.778,3.6,7.2,0.48,50,6,,,,5.98,1.55,,,,,,,,,,,,,,,,,,,,,,,,,,,,,,,,,,,,,,,,,,,,,,,,,,,,,,,,,,,
Fostex,FW168HS,8,42,0.34,0.346,13.8,14.31,5.9,0.47,132.7,25,,,,10.56,4,,,,,,,,,,,,,,,,,,,,,,,,,,,,,,,,,,,,,,,,,,,,,,,,,,,,,,,,,,,
Fostex,FW168N,8,40,0.16,0.17,15.67,14.25,5.9,,,,,,,,0.5,,,,,,,,,,,,,,,,,,,,,,,,,,,,,,,,,,,,,,,,,,,,,,,,,,,,,,,,,,,
Fostex,FW208N,8,29,0.2,0.21,13.2,43.4,5.8,,,40,,,,,6.5,,,,,,,,,,,,,,,,,,,,,,,,,,,,,,,,,,,,,,,,,,,,,,,,,,,,,,,,,,,
Fostex,fw305,8,25,0.25,0.28,2.73,254,6.6,,,55,,,,,4.8,,,,,,,,95,,40,,,,,,,,,,120.5,,278,,,,,,,,,,,,,,,315,,,,,,,,,,,,,,,,,,,,,,
Fostex,FW405N,8,27,0.45,0.478,6.76,392.5,6.89,0.64,890,100.8,,0.344,,,7.9,,,,,,,,,,,,,,,,,,,,,,,,,,,,,,,,,,,,,,,,,,,,,,,,,,,,,,,,,,,
Fostex,fw800hs,8,,0.69,0.71,19.22,1.473,6.6,0.163,4015,629,,0.0644,,,2.3,,,,,,2.87,,,,,,,,,,,,,,,,,,,,,,,,,,,,,,,,,,,,,,,,,,,,,,,,,,,,,
Fostex,P650K,,,,,,,,,,,,,,,,,,,,,,,,,,,,,,,,,,,,,,,,,,,,,,,,,,,,,,,,,,,,,,,,,,,,,,,,,,
Fostex,P800K,,,,,,,,,,,,,,,,,,,,,,,,,,,,,,,,,,,,,,,,,,,,,,,,,,,,,,,,,,,,,,,,,,,,,,,,,,
Fostex,PT20K,,,,,,,,,,,,,,,,,,,,,,,,,,,,,,,,,,,,,,,,,,,,,,,,,,,,,,,,,,,,,,,,,,,,,,,,,,
Fostex,PW80K,,,,,,,,,,,,,,,,,,,,,,,,,,,,,,,,,,,,,,,,,,,,,,,,,,,,,,,,,,,,,,,,,,,,,,,,,,
Fostex,t250d,8,,,,,,,,,,,,,,,,,,,,,,,,,,,,,,,,,,,,,,,,,,,,,,,,,,,,,,,,,,,,,,,,,,,,,,,,,
Fostex,T360FD,4,,,,,,,,,,,,,,,,,,,,,,,,,,,,,,,,,,,,,,,,,,,,,,,,,,,,,,,,,,,,,,,,,,,,,,,,,
Fostex,T500A-MKIII,8,,,,,,,,,,,,,,,,,,,,,,104,,15,,,,,,,,,,138.6,,90,,,,,,,,,,,,,,,90,,,,,,,,,,,,,,,,,,,,,,
Fostex,T900A,8,3600,,,,,,,,,,,,,,,,,,,,,106,,60,,,,,,,,,,98.3,,82,,,,,,,,,,,,,,,82,,,,,,,,,,,,,,,,,,,,,,
Fostex,T90A,8,3600,,,,,,,,,,,,,,,,,,,,,106,,50,,,,,,,,,,87.8,,60,,,,,,,,,,,,,,,60,,,,,,,,,,,,,,,,,,,,,,
Fostex,T925A,8,3500,,,,,,,,,,,,,,,,,,,,,108,,50,,,,,,,,,,108,,82,,,,,,,,,,,,,,,82,,,,,,,,,,,,,,,,,,,,,,
Fostex,T96A,,,,,,,,,,,,,,,,,,,,,,,,,,,,,,,,,,,,,,,,,,,,,,,,,,,,,,,,,,,,,,,,,,,,,,,,,,
Fostex,T96A-SA,8,,,,,,,,,,,,,,,,,,,,,,,,,,,,,,,,,,,,,,,,,,,,,,,,,,,,,,,,,,,,,,,,,,,,,,,,,
Fountek,FE85,,,,,,,,,,,,,,,,,,,,,,,,,,,,,,,,,,,,,,,,,,,,,,,,,,,,,,,,,,,,,,,,,,,,,,,,,,
Fountek,FE86,8,86.4,0.535,0.688,2.4,1.53,6.3,,29.2,2.689,,,,3.656,2.25,,,,,,,,83.4,15,,,,,,,80,,,,41,,72,86,,4,,,,20.3,,,,,,,,80,80,,,,,,,,,,,,,,,,,,,,,
Fountek,FE87,8,101,735,939,3381,1.254,6.776,,,,,,,3.1,1,,,,,,,,84,13,,,,84,,,80,,,,,,,,,,,,,25,5,,,,,,,79,79,52.7,,,,,,,,,,,,,,,,,,,,
Fountek,FM135D-II,8,73,0.28,0.69,1.84,6.47,6.3,,,,,,,,,,,,,,,,89,30,,,,,89,,,150,,,,,,,,,,,,,,,,,,,,,,,,,,,,,,,,,,,,,,,,,,
Fountek,FR58C,8,154,1.18,2.38,2.36,0.49,6.35,,,,,,,,,,,,,,,,80.7,5,,,,,80.7,,,,,,,,,,,,,,,,,,,,,,,61,,,,,,,,,,,,,,,,,,,,,,
Fountek,FR58EX,8,134,0.54,0.67,2.6,0.31,6.4,,,,,,,,,,,,,,,,82.3,15,,,,,82.3,,,,,,,,,,,,,,,,,,,,,,,,,,,,,,,,,,,,,,,,,,,,,
Fountek,FR58EX,8,,,,,,,,,,,,,,2.9,,,,,,,,82,15,,,,,,,80,,,,,,,,,,,,,,,,,,,,,,,,,,,,,,,,,,,,,,,,,,,
Fountek,FR59EXE,4,139,0.48,0.67,1.71,0.36,3.9,,,,,,,,,,,,,,,,85.6,10,,,,,85.6,,,74,,,,,,,,,,,,,,,,,,,,,,,,,,,,,,,,,,,,,,,,,,
Fountek,FR89EX-8,,97,0.51,0.57,4.88,1.4,,,,,,,,,,,,,,,,,85.3,15,,,,,85.3,,,88.4,,,,,,,,,,,,,,,,,,,,,,,,,,,,,,,,,,,,,,,,,,
Fountek,FW100B,8,77,0.62,0.78,3.08,2.12,6.2,,,,,,,,,,,,,,,,84,35,,,,,84,,,,,,,,,,,,,,,,,,,,,,,,,,,,,,,,,,,,,,,,,,,,,
Fountek,FW168,8,45,0.39,0.45,3.24,16.5,7.2,,,,,,,,,,,,,,,,87.3,50,,,,,87.3,,,168,,,,,,,,,,,,,,,,,,,,,,,,,,,,,,,,,,,,,,,,,,
Fountek,FW168K,8,48.6,0.42,0.52,2.31,15.1,6.8,,,,,,,,,,,,,,,,87.1,50,,,,,87.1,,,182,,,,,,,,,,,,,,,,,,,,,,,,,,,,,,,,,,,,,,,,,,
Fountek,FW168K,8,48.6,0.427,0.524,2.319,15.1,6.8,,124.69,15.673,,0.684,,7.896,5,,,,,,,,87,50,,,,,,,165,182,,,86.5,,151.5,169.5,,6,,,,35.5,15,,,,,,,,,,,,,,,,,,,,,,,,,,,,,
Fountek,FW322,8,40.1,0.461,0.509,4.893,53,6.8,,514.7,111.632,,0.141,,19.5,8,,,,,,,,90,300,,,,,,,304.8,317,,,151.5,,284,300,,8,,,,75,,,,,,,,,,,,,,,,,,,,,,,,,,,,,,
Fountek,FW322/4,4,41.8,0.35,0.42,2.21,40.6,3.4,,,,,,,,,,,,,,,,90.3,300,,,,,90.3,,,317,,,,,,,,,,,,,,,,,,,,,,,,,,,,,,,,,,,,,,,,,,
Fountek,FW322/8,8,40.1,0.46,0.5,4.89,53,6.8,,,,,,,,,,,,,,,,90.2,300,,,,,90.2,,,317,,,,,,,,,,,,,,,,,,,,,,,,,,,,,,,,,,,,,,,,,,
Fountek,Neo CD3.5H,7,,,,,,,,,,,,,,,,,,,,,,95.5,12,,,,,95.5,,,,,,,,,,,,,,,,,,,,,60,9,,,,,,,,,,,,,,,,,,,,,,,
Fountek,Neo-X-2.0,8,,,,,,,,,,,,,,,,,,,,,,94,25,,,,,,,60,,,,,,,,,,,,,,,,13,,,,,,,,,,,,,,,,,,,,,,,,,,,
Fountek,neocd1.0,5,,,,,,,,,,,,,,,,,,,,,,90,,12,,,,,,,,,,,,,,,,,,,,,,,,,,,,,,,,,,,,,,,,,,,,,,,,,
Fountek,NeoCD1.0,5,,,,,,,,,,,,,,,,,,,,,,90,12,,,,,90,,,100,,,,,,,,,,,,,,,,,,38,8,,,,,,,,,,,,,,,,,,,,,,,
Fountek,NeoCD2.0-B,7,,,,,,,,,,,,,,,,,,,,,,97,20,,,,,97,,,,,,,,,,,,,,,,,,,,,120,8,,,,,,,,,,,,,,,,,,,,,,,
Fountek,neocd2.0m-blk,7,,,,,,,,,,,,,,,,,,,,,,,,,,,,,,,,,,,,,,,,,,,,,,,,,,,,,,,,,,,,,,,,,,,,,,,,,
Fountek,NeoCD3.0,7,400,,,,,,,,,,,,,,,,,,,,,95,17,,,,,,,60,,,,,,,,,,,,,,,,3,,,,,,,,,,,,,,,,,,,,,,,,,,,
Fountek,NeoCD3.0-B,7,,,,,,,,,,,,,,,,,,,,,,93,17,,,,,93,,,110,,,,,,,,,,,,,,,,,,60,8,,,,,,,,,,,,,,,,,,,,,,,
Fountek,neocd3.0m-blk,7,400,,,,,,,,,,,,,,,,,,,,,,,,,,,,,,,,,,,,,,,,,,,,,,,,,,,,,,,,,,,,,,,,,,,,,,,,
Fountek,neocd3.5h,7,,,,,,0.02,,,,,,,,,,,,,,,,95.5,12,,,,95.5,,,60,,,,100.1,,,,,,,,,,,,,,,,,110,98,,86.1,68.6,,,,,,,,,,,,,,,,,,
Fountek,Neopro10i,9,,,,,,,,,,,,,,,,,,,,,,102,80,,,,,102,,,,,,,,,,,,,,,,,,,,,255,14,,,,,,,,,,,,,,,,,,,,,,,
Fountek,Neopro5i,7,,,,,,,,,,,,,,,,,,,,,,100,60,,,,,100,,,,,,,,,,,,,,,,,,,,,145,15,,,,,,,,,,,,,,,,,,,,,,,
Fountek,NEOPRO6I,7,,,,,,,,17.98,,,,,,,,,,,,,,97,80,,,,,,,,,,,,,,,,,,,,,,,,,,,,,,,,,,,,,,,,,,,,,,,,,,
Fountek,NEOS1.0,6,,,,,,,,6,,,,,,,,,,,,,,92,17,,,,,,,,,,,,,,,,,,,,,,,,,,,,,,,,,,,,,,,,,,,,,,,,,,
Fountek,NeoX1.0-B,8,,,,,,,,,,,,,,,,,,,,,,92,20,,,,,92,,,,,,,,,,,,,,,,,,,,,12,45,,,,,,,,,,,,,,,,,,,,,,,
Fountek,NeoX2.0-B,8,,,,,,,,,,,,,,,,,,,,,,94,25,,,,,94,,,,,,,,,,,,,,,,,,,,,12,60,,,,,,,,,,,,,,,,,,,,,,,
Fountek,NeoX3.0 black,8,,,,,,0.02,,,,,,,,,,,,,,,,,,,,,,,,,,,,78.994,,,,,,,,,,,,,,,,,62.738,144.018,,50.8,125.984,,,,,,,,,,,,,,,,,,
Fountek,NeoX3.0-B,8,,,,,,,,,,,,,,,,,,,,,,95,30,,,,,95,,,,,,,,,,,,,,,,,,,,,12,80,,,,,,,,,,,,,,,,,,,,,,,
Fountek,RD1.0,8,,,,,,,,,,,,,,,,,,,,,,93,12,,,,,93,,,90,,,,,,,,,,,,,,,,,,8,40,,,,,,,,,,,,,,,,,,,,,,,
Fountek,X3.0,8,,,,,,,,,,,,,,,,,,,,,,95,30,,,,,,,,,,,,,,,,,,,,,,,,,,,,,,,,,,,,,,,,,,,,,,,,,,
Gradient,MDS 05 4 OHM - Kevlar,4,58,,,,,3.3,0.43,85,10.5,,,,,,,,,,,,,87,,100,,,,,,,,,,77,,121,,,,,,,25,,,,,,,,150,,,,,,,,,,,,,,,,,,,,,,
Grs,10SFPC-W,8,34.1,0.67,0.9,2.92,82.685192049,5.9,0.68,353.9,,,,,,4.3,,,,,,,,,75,,10,,,,,254,,,,,,,,,,,,,,,,,,,,,,,,,,,,,,,,,,,,,,,,,,,
Grs,10SW-4HE,4,25,0.5,,4,60.59805170688,3.8,3,346.4,110.7,,0.36,,10.8,11,,,,,,,,,,,,,,,,254,256.794,,,130.81,,233.172,,,8,,,,50.8,,,,,,,,,,,,,,,,,,,,,,,,,,,,,,
Grs,12PR-8,8,30,1.06,1.58,3.18,112.701049436,7.2,1.4,,100,,0.29,,9.2,3.5,,,,,,,,,100,,12,,,,,304.8,,,,,,,,,,,,,,,,,,,,,,,,,,,,,,,,,,,,,,,,,,,
Grs,12SW-4,4,32,0.98,1.27,4.51,69.2,3.7,1.1,,124.6,,,,,8.5,,426,,,,,,,,,,,,,,304.8,311,,,147,,289,294,6,8,,,,51,,,,,,,,,,,,,,,,,,,,,,,,,,,,,,
Grs,8PF-8,8,51,0.93,1.17,4.58,26.901004262,7.59,1.11,215.4,,,0.44,,,3,,,,,,,,,100,,8,,,,,203.2,,,,,,,,,,,,,,,,,,,,,,,,,,,,,,,,,,,,,,,,,,,
Grs,8SW-4,4,49,0.88,1.19,4.22,26.33466733056,3.86,0.84,,,,,,,6,,,,,,,,,,,,,,,,203.2,209.55,,,100,,183,198,,8,,,,38.1,,,,,,,,,,,,,,,,,,,,,,,,,,,,,,
Grs,PRT-8,8,1005,,,,,6.8,0.1,,,,,,,,,,,,,,,,30,,,,,,,,100,,,,,74,,,,,,,,,,,45,,,,,,,,,,,,,,,,,,,,,,,,,,
Grs,PT2522-4,4,,4.46,,4.6,,3.4,0.01,,,,,,,,,,,,,,,,,,,,,,,,,,,9.4,,,,,,,,,,,,,,,,,88.9,67.564,,72.898,58.42,,,,,,,,,,,,,,,,,,
Grs,PT5010-8,8,,1.96,,2.14,,6.8,0.01,,,,,,,,,,,,,,,,,,,,,,,,,,,15.24,,,,,,,,,,,,,,,,,255.016,124.968,,229.87,106.68,,,,,,,,,,,,,,,,,,
Grs,PT6816-8,8,,4.57,,6.19,,6.4,0.02,,,,,,,,,,,,,,,,,,,,,,,,,,,11.938,,,,,,,,,,,,,,,,,200.025,65.024,,175.006,41.91,,,,,,,,,,,,,,,,,,
Grs,PT6825-8,8,,2.06,,,,6.4,0.02,,,,,,,,,,,,,,,,,,,,,,,,,,,9.398,,,,,,,,,,,,,,,,,199.898,88.9,,175.006,66.294,,,,,,,,,,,,,,,,,,
Grs,RT1.R-8,8,,,,,,0.2,,,,,,,,,,,,,,,,,,,,,,,,,,,,,,,,,,,,,,,,,,,,,,,,,,,,,,,,,,,,,,,,,,,
Grs,RT2.0-8,8,,,,,,0.2,,,,,,,,,,,,,,,,,,,,,,,,,,,,,,,,,,,,,,,,,,,,,,,,,,,,,,,,,,,,,,,,,,,
Harwood Acoustics,25R,4,1010,3.18,59.6,3.36,,4.2,,,,,,,,,,,,,,,,95,,80,,,,,,,,,,,,,,,,,,,,,,,,,,,109,,,,,,,,,,,,,,,,,,,,,,
Harwood Acoustics,AM20,4,2000,,,,,3.9,,,,,,,,,,,,,,,,92,,60,,,,,,,,,,20,,,,,,,,,,,,,,,,,73,65,,53,55,,,,,,,,,,,,,,,,,,
Harwood Acoustics,AM22,4,1500,,,,,3.8,,,,,,,,,,,,,,,,94,,50,,,,,,,,,,23.5,,,,,,,,,,,,,,,,,85,110,,61,82,,,,,,,,,,,,,,,,,,
Harwood Acoustics,AM24,6,1300,,,,,5.8,,,,,,,,,,,,,,,,92,,60,,,,,,,,,,45,,,,,,,,,,,,,,,,,100,100,,89,75,,,,,,,,,,,,,,,,,,
Harwood Acoustics,AM25,4,1010,3.18,59.6,3.36,,4.2,,,,,,,,,,,,,,,,95,,80,,,,,,,,,,,,,,,,,,,,,,,,,,,74,106,,,,,,,,,,,,,,,,,,,,,
Harwood Acoustics,AM25.2,8,500,,,,,8.1,,30,,,,,,,,,,,,,,96,,100,,,,,,,,,,19,,,,,,,,,,,,,,,,,84,160,,58,142,,,,,,,,,,,,,,,,,,
Harwood Acoustics,AM35,6,900,,,,,5,,38,,,,,,,,,,,,,,100,,120,,,,,,,,,,21,,,,,,,,,,,,,,,,,180,110,,153,87,,,,,,,,,,,,,,,,,,
Harwood Acoustics,G1,6,205,,,,,4.7,,,,,,,,,,,,,,,,92,,30,,,,,,,,,,84,,,,,,,,,,,,,,,,,110,,,,,,,,,,,,,,,,,,,,,,
Harwood Acoustics,G2SE,6,205,,,,,4.7,,,,,,,,,,,,,,,,92,,30,,,,,,,,,,84,,,,,,,,,,,,,,,,,110,,,,,,,,,,,,,,,,,,,,,,
Harwood Acoustics,HF20,13,850,,,,,12,,,,,,,,,,,,,,,,90,,10,,,,,,,,,,35,,,,,,,,,,,,,,,,,80,,,,,,,,,,,,,,,,,,,,,,
Harwood Acoustics,T27,8,1250,0.96,1.4,3,,6,0.106,,,,,,,,,,,,,,,86,,,,,,,,,,,,18,,74,,,,,,15,19,3,,3.3,,,,,108,,,,,,,,,,,,,,,,,,,,,,
Hiquphon,OW1-92,8,850,,,,,5.8,,,,,,,,,,,,,,,,87,100,,,,,87,,,92,,,,,70,,,,,,,,,,,20,,,,,,,,,,,,,,,,,,,,,,,,,,
Hiquphon,OW2-92,8,900,,,,,5.8,,,,,,,,,,,,,,,,90,100,,,,,90,,,92,,,,,70,,,,,,,,,,,20,,,,,,,,,,,,,,,,,,,,,,,,,,
HiVi,B2S,8,152,1.2,1.53,5.69,0.2,,,13,1.6,,,,,1.5,,,,,,,,78,10,,,,,78,,51,,,,,,,,,,,,,,,,,,,,,,,,,,,,,,,,,,,,,,,,,,,
HiVi,b3n,8,77,0.86,1.07,4.48,1.7,6.5,,30,3.2,,1.32,,3.1,3,,,,,,,,81,,,,,,81,,,,,,,,,,,,,,,,,,3,,,,,,,,,,,,,,,,,,,,,,,,,,,
HiVi,b3s,8,80,0.93,1.19,4.29,1.6,6.5,,30,3.1,,1.26,,2.9,3,,,,,,,,82,,,,,,82,,,,,,,,,,,,,,,,,,3,,,,,,,,,,,,,,,,,,,,,,,,,,,
HiVi,B4N,,,,,,,,,,,,,,,,,,,,,,,,,,,,,,,,,,,,,,,,,,,,,,,,,,,,,,,,,,,,,,,,,,,,,,,,,,
HiVi,D10.8,8,24,0.41,0.44,6.84,147.2476022784,6.5,,434,75.5,,0.56,,13.4,8,,,,,,,,,,,,,,,,254,,,,,,,,,,,,,101.6,,,,,,,,,,,,,,,,,,,,,,,,,,,,,,
HiVi,DMB-A,5,700,,,,,4.3,,,,,,,,,,,,,,,,92,,,,,,92,,,145.034,,,42.926,,102.108,,,,,,,50,,,,,51,,,,,,,,,,,,,,,,,,,,,,,,,
HiVi,DMN-A,,,,,,,,,,,,,,,,,,,,,,,93,,,,,,93,,,,,,,,,,,,,,,,,,,,,,,,,,,,,,,,,,,,,,,,,,,,,
HiVi,F-10,8,28,0.31,0.33,5.12,78.6,6.5,,363,72.6,,0.4202,,16.2,6,,,,,,,,89,100,100,10,,,,,254,,,,112,,236,,,,,,,50,22,,10,,,,,286,,,,,,,,,,,,,,,,,,,,,,
HiVi,F5,8,52,0.33,0.36,4.31,9.061390909,6.5,0.49,79,11.5,,0.83,,,2.7,,,,,,,,86,35,35,5,,,,,127,,,,94,,136,,,,,,,25,10.4,,5,,,,,154,,,,,,,,,,,,,,,,,,,,,,
HiVi,F8,8,37,0.4,0.44,4.71,38.794079831,6.5,,214,30.5,,0.59,,,5,,,,,,,,,60,,8,,,,,203.2,,,,,,,,,,,,,,,,,,,,,,,,,,,,,,,,,,,,,,,,,,,
HiVi,L5-8R,,,,,,,,,,,,,,,,,,,,,,,,,,,,,,,,,,,,,,,,,,,,,,,,,,,,,,,,,,,,,,,,,,,,,,,,,,
HiVi,L6-4R,4,,0.4,443,3856,14.69,,,,,,,,,4.3,,,,,,,,88,30,,,,,88,,152,,,,,,,,,,,,,,,,,,,,,,,,,,,,,,,,,,,,,,,,,,,
HiVi,L6-6R,,,,,,,,,,,,,,,,,,,,,,,,,,,,,,,,,,,,,,,,,,,,,,,,,,,,,,,,,,,,,,,,,,,,,,,,,,
HiVi,L6-8R,,,,,,,,,,,,,,,,,,,,,,,,,,,,,,,,,,,,,,,,,,,,,,,,,,,,,,,,,,,,,,,,,,,,,,,,,,
HiVi,m4n,8,69,1.08,1.35,5.39,4.3,6.5,,53,4.8,,1.08,,3.1,3,,,,,,,,82,,,,,,82,,,,,,,,,,,,,,,20,,,3,,,,,,,,,,,,,,,,,,,,,,,,,,,
HiVi,M6N,8,46,0.39,0.42,4.69,21.803971876,6.5,,133,13.6,,0.871,,7.8,4.3,,,,,,,,,45,45,6,,,,,152.4,,,,95.5,,142,,,,,,,25,14.5,,6,,,,,179,,,,,,,,,,,,,,,,,,,,,,
HiVi,M8N-1,8,33,0.45,0.5,5.02,53.5,6.5,,214,36.5,,0.822,,9.6,5.8,,,,,,,,88,80,80,8,,,,,203.2,,,,92,,178,,,,,,,35.5,17.5,,6,,,,,222,,,,,,,,,,,,,,,,,,,,,,
HiVi,q1r,,,,,,,,,,,,,,,,,,,,,,,,,,,,,,,,,,,,,,,,,,,,,,,,,,,,,,,,,,,,,,,,,,,,,,,,,,
HiVi,RT-2C,8,,,,,,6.4,,,,,,,,,,,,,,,,93,,30,,,,,,,,,,19,,,,,,,,,,,,,,,,,176,,,66,158,,,,,,,,,,,,,,,,,,
HiVi,RT1.3WE,,,,,,,,,,,,,,,,,,,,,,,,,,,,,,,,,,,,,,,,,,,,,,,,,,,,,,,,,,,,,,,,,,,,,,,,,,
HiVi,rt1c-a,5,,,,,,5,,,,,,,,,,,,,,,,94,,15,,,,,,,,,,11,,,,,,,,,,,,,,,,,120,,,75,90,,,,,,,,,,,,,,,,,,
HiVi,RT2H-A,8,,,,,,7,,,,,,,,,,,,,,,,94,,30,,,,,,,181.102,,,,,155.702,,,,,,,,,,,,,,,182.5,168.5,,156,158,,,,,,,,,,,,,,,,,,
HiVi,Swans (HiVi-Research) TN 25 Fiber Dome Tweeter,5,1500,,,,,4.6,,,,,,,,,,,,,,,,90,,15,,,,,,,,,,56,,43,,,,,,,25,2,,,,,,,54.5,54.5,,,,,,,,,,,,,,,,,,,,,
HiVi,T20-8,8,2000,,,,,6.5,0.05,,,,,,,,,,,,,,,89,,,,,,89,,,50.8,,,12.7,,35.179,,,,,,,28,,,,,19,,,,,,,,,,,,,,,,,,,,,,,,,
HiVi,TN-28,6,1300,,,,,5.1,,,,,,,,,,,,,,,,90,,15,,,,,,,,,,,,,,,,,,,28,,,,,,,,,,,,,,,,,,,,,,,,,,,,,,
HiVi,TN28-B,6,1300,,,,,5.1,,,,,,,,,,,,,,,,,,,,,,,,,47.625,,,99.314,,,,,,,,,,,,,,25,,,,,,,,,,,,,,,,,,,,,,,,,
Jantzen Audio,060-0000,8,1030,0.62,0.8,402,,,,,,,,,,,,,,,,,,,,,,,,,,,,,,,,,,,,,,,,,,,,,,,,,,,,,,,,,,,,,,,,,,,,,
Jantzen Audio,060-0000,,,,,,,,,,,,,,,,,,,,,,,,,,,,,,,,,,,,,,,,,,,,,,,,,,,,,,,,,,,,,,,,,,,,,,,,,,
Jantzen Audio,060-0001,6,700,,,,,4.9,,,,,,,,,,,,,,,,,,,,,,,,,,,,,,,,,,,,,,,,,,,,,,,,,,,,,,,,,,,,,,,,,,,
Jantzen Audio,060-0001,,,,,,,,,,,,,,,,,,,,,,,,,,,,,,,,,,,,,,,,,,,,,,,,,,,,,,,,,,,,,,,,,,,,,,,,,,
Jantzen Audio,060-0002,6,62,0.53,,2.34,5.5,4.9,,85,12,,,,,,,,,,,,,,,,,,,,,,,,,,,,,,,,,,,,,,,,,,,,,,,,,,,,,,,,,,,,,,,,
Jantzen Audio,060-0002,,,,,,,,,,,,,,,,,,,,,,,,,,,,,,,,,,,,,,,,,,,,,,,,,,,,,,,,,,,,,,,,,,,,,,,,,,
Jantzen Audio,060-0003,6,50,0.53,,2.31,13.3,5.04,,119,15,,,,,,,,,,,,,,,,,,,,,,,,,,,,,,,,,,,,,,,,,,,,,,,,,,,,,,,,,,,,,,,,
Jantzen Audio,060-0003,,,,,,,,,,,,,,,,,,,,,,,,,,,,,,,,,,,,,,,,,,,,,,,,,,,,,,,,,,,,,,,,,,,,,,,,,,
Jantzen Audio,060-0004,12,54,0.59,,2.08,12.8,10.03,,119,13.4,,,,,,,,,,,,,,,,,,,,,,,,,,,,,,,,,,,,,,,,,,,,,,,,,,,,,,,,,,,,,,,,
Jantzen Audio,060-0004,,,,,,,,,,,,,,,,,,,,,,,,,,,,,,,,,,,,,,,,,,,,,,,,,,,,,,,,,,,,,,,,,,,,,,,,,,
Jantzen Audio,060-0005,,,,,,,,,,,,,,,,,,,,,,,,,,,,,,,,,,,,,,,,,,,,,,,,,,,,,,,,,,,,,,,,,,,,,,,,,,
Jantzen Audio,060-0008,,,0.25,0.26,10,,,,,,,,,,,,,,,,,,,,,,,,,,,,,,,,,,,,,,,,,,,,,,,,,,,,,,,,,,,,,,,,,,,,,
Jantzen Audio,060-0008,,,,,,,,,,,,,,,,,,,,,,,,,,,,,,,,,,,,,,,,,,,,,,,,,,,,,,,,,,,,,,,,,,,,,,,,,,
Jantzen Audio,JA-8008,8,46,,,,44.3,6.07,,219,18,,,,11.1,3.5,,,,,,,,95,,,,,,,,203,,,,,,,,,,,,,,,,,,,,,,,,,,,,,,,,,,,,,,,,,,,
Jantzen Audio,JA5004,6,62,0.53,,2.34,5.5,,,85,12,,,,,,,,,,,,,,,100,,,,,,,,,,,,,,,,,,,,,,,,,,,,,,,,,,,,,,,,,,,,,,,,,
Jbl Selenium,D220Ti-8,8,,,,,,,,,,,,,,,,,,,,,,,,,,,,,,,115.062,,,,,,,,,,,,,,,,,25,,,,,,,,,,,,,,,,,,,,,,,,,
Jupiter Speakers,10LA-P-4,,,,,,,,,,,,,,,,,,,,,,,,,,,,,,,,,,,,,,,,,,,,,,,,,,,,,,,,,,,,,,,,,,,,,,,,,,
Jupiter Speakers,10LC-4,,,,,,,,,,,,,,,,,,,,,,,,,,,,,,,,,,,,,,,,,,,,,,,,,,,,,,,,,,,,,,,,,,,,,,,,,,
Jupiter Speakers,10LC-8,,,,,,,,,,,,,,,,,,,,,,,,,,,,,,,,,,,,,,,,,,,,,,,,,,,,,,,,,,,,,,,,,,,,,,,,,,
Jupiter Speakers,10SA-4,,,,,,,,,,,,,,,,,,,,,,,,,,,,,,,,,,,,,,,,,,,,,,,,,,,,,,,,,,,,,,,,,,,,,,,,,,
Jupiter Speakers,10SA-8,,,,,,,,,,,,,,,,,,,,,,,,,,,,,,,,,,,,,,,,,,,,,,,,,,,,,,,,,,,,,,,,,,,,,,,,,,
Jupiter Speakers,10SA-P-4,,,,,,,,,,,,,,,,,,,,,,,,,,,,,,,,,,,,,,,,,,,,,,,,,,,,,,,,,,,,,,,,,,,,,,,,,,
Jupiter Speakers,10SA-P-8,,,,,,,,,,,,,,,,,,,,,,,,,,,,,,,,,,,,,,,,,,,,,,,,,,,,,,,,,,,,,,,,,,,,,,,,,,
Jupiter Speakers,10SC-4,,,,,,,,,,,,,,,,,,,,,,,,,,,,,,,,,,,,,,,,,,,,,,,,,,,,,,,,,,,,,,,,,,,,,,,,,,
Jupiter Speakers,10SC-8,,,,,,,,,,,,,,,,,,,,,,,,,,,,,,,,,,,,,,,,,,,,,,,,,,,,,,,,,,,,,,,,,,,,,,,,,,
Jupiter Speakers,12LA-8,,,,,,,,,,,,,,,,,,,,,,,,,,,,,,,,,,,,,,,,,,,,,,,,,,,,,,,,,,,,,,,,,,,,,,,,,,
Jupiter Speakers,12LC-16,,,,,,,,,,,,,,,,,,,,,,,,,,,,,,,,,,,,,,,,,,,,,,,,,,,,,,,,,,,,,,,,,,,,,,,,,,
Jupiter Speakers,12LC-8,,,,,,,,,,,,,,,,,,,,,,,,,,,,,,,,,,,,,,,,,,,,,,,,,,,,,,,,,,,,,,,,,,,,,,,,,,
Jupiter Speakers,12LC-P-8,,,,,,,,,,,,,,,,,,,,,,,,,,,,,,,,,,,,,,,,,,,,,,,,,,,,,,,,,,,,,,,,,,,,,,,,,,
Jupiter Speakers,8SA-4,,,,,,,,,,,,,,,,,,,,,,,,,,,,,,,,,,,,,,,,,,,,,,,,,,,,,,,,,,,,,,,,,,,,,,,,,,
Jupiter Speakers,8SA-8,,,,,,,,,,,,,,,,,,,,,,,,,,,,,,,,,,,,,,,,,,,,,,,,,,,,,,,,,,,,,,,,,,,,,,,,,,
Jupiter Speakers,8SA-P-4,,,,,,,,,,,,,,,,,,,,,,,,,,,,,,,,,,,,,,,,,,,,,,,,,,,,,,,,,,,,,,,,,,,,,,,,,,
Jupiter Speakers,8SA-P-8,,,,,,,,,,,,,,,,,,,,,,,,,,,,,,,,,,,,,,,,,,,,,,,,,,,,,,,,,,,,,,,,,,,,,,,,,,
Jupiter Speakers,8SC-4,,,,,,,,,,,,,,,,,,,,,,,,,,,,,,,,,,,,,,,,,,,,,,,,,,,,,,,,,,,,,,,,,,,,,,,,,,
Jupiter Speakers,8SC-8,,,,,,,,,,,,,,,,,,,,,,,,,,,,,,,,,,,,,,,,,,,,,,,,,,,,,,,,,,,,,,,,,,,,,,,,,,
Jupiter Speakers,M10C-16,,,,,,,,,,,,,,,,,,,,,,,,,,,,,,,,,,,,,,,,,,,,,,,,,,,,,,,,,,,,,,,,,,,,,,,,,,
Jupiter Speakers,M10C-8,,,,,,,,,,,,,,,,,,,,,,,,,,,,,,,,,,,,,,,,,,,,,,,,,,,,,,,,,,,,,,,,,,,,,,,,,,
Jupiter Speakers,M10C-P-8,,,,,,,,,,,,,,,,,,,,,,,,,,,,,,,,,,,,,,,,,,,,,,,,,,,,,,,,,,,,,,,,,,,,,,,,,,
Jupiter Speakers,M12A-8,,,,,,,,,,,,,,,,,,,,,,,,,,,,,,,,,,,,,,,,,,,,,,,,,,,,,,,,,,,,,,,,,,,,,,,,,,
Jupiter Speakers,M12C-8,,,,,,,,,,,,,,,,,,,,,,,,,,,,,,,,,,,,,,,,,,,,,,,,,,,,,,,,,,,,,,,,,,,,,,,,,,
Jupiter Speakers,M12C-P-8,,,,,,,,,,,,,,,,,,,,,,,,,,,,,,,,,,,,,,,,,,,,,,,,,,,,,,,,,,,,,,,,,,,,,,,,,,
Lcy,LCY-100K-MK2,8,,,,,,,,,,,,,,,,,,,,,,,,,,,,,,,,,,,,,,,,,,,,,,,,,,,,,,,,,,,,,,,,,,,,,,,,,
Lcy,LCY-K100,,,,,,,,,,,,,,,,,,,,,,,,,,,,,,,,,,,,,,,,,,,,,,,,,,,,,,,,,,,,,,,,,,,,,,,,,,
Lpg,26na,8,,,,,,,,6.8,0.22,,,,2.4,,,,,,,,,,,,,,,,,,,,,,,,,,,,,,,,,,,,,,,,,,,,,,,,,,,,,,,,,,,,
Markaudio,alpair-10-gold GEN 3,,,,,,,,,,,,,,,,,,,,,,,,,,,,,,,,,,,,,,,,,,,,,,,,,,,,,,,,,,,,,,,,,,,,,,,,,,
Markaudio,alpair-10-grey GEN 3,,,,,,,,,,,,,,,,,,,,,,,,,,,,,,,,,,,,,,,,,,,,,,,,,,,,,,,,,,,,,,,,,,,,,,,,,,
Markaudio,Alpair-10P-A,,,,,,,,,,,,,,,,,,,,,,,,,,,,,,,,,,,,,,,,,,,,,,,,,,,,,,,,,,,,,,,,,,,,,,,,,,
Markaudio,ALPAIR-11MS-GLD,,43.748,0.344,0.407,2.215,17.709,7.2,0.063087,111.22,12.005,11.331,1.008,,7.812,,,,,,,0.403,,,,,,,,,,,,,,,,,,,,,,,,,,,,,,,,,,,,,,,,,,,,,,,,,,,,,
Markaudio,ALPAIR-11MS-GREY,,43.748,0.344,0.407,2.215,17.709,7.2,0.063087,111.22,12.005,11.331,1.008,,7.812,,,,,,,0.403,,,,,,,,,,,,,,,,,,,,,,,,,,,,,,,,,,,,,,,,,,,,,,,,,,,,,
Markaudio,Alpair-5G,,104.5246,0.5473,0.6805,2.7967,1.168,3.4,,28,2.2159,2.1308,1.0463,,,3,,,,,,,,,,,,,,,,,,,,,,,,,,,,,,,,,,,,,,,,,,,,,,,,,,,,,,,,,,,
Markaudio,ALPAIR-5V3-GOLD GEN.3,,,,,,,,,,,,,,,,,,,,,,,,,,,,,,,,,,,,,,,,,,,,,,,,,,,,,,,,,,,,,,,,,,,,,,,,,,
Markaudio,ALPAIR-5V3-GREY GEN.3,,,,,,,,,,,,,,,,,,,,,,,,,,,,,,,,,,,,,,,,,,,,,,,,,,,,,,,,,,,,,,,,,,,,,,,,,,
Markaudio,ALPAIR-7MS-GOLD,,74.724,0.565,0.744,2.35,4.968,7.2,0.124716,50.27,3.277,3.072,1.384,,3.859,,,,,,,0.27,,,,,,,,,,,,,,,,,,,,,,,,,,,,,,,,,,,,,,,,,,,,,,,,,,,,,
Markaudio,ALPAIR-7MS-GREY,,74.724,0.565,0.744,2.35,4.968,7.2,0.124716,50.27,3.277,3.072,1.384,,3.859,,,,,,,0.27,,,,,,,,,,,,,,,,,,,,,,,,,,,,,,,,,,,,,,,,,,,,,,,,,,,,,
Markaudio,CHN-110,8,44.2,0.4172,0.4884,2.86,24.7335,6.8,,109,8.77,8.1228,,,5.8206,8,,,,,,,,,,,,,,,,146.05,171.5,,,,,133,158.2,4,5,,,,,,,,,,,,,,,,,,,,,,,,,,,,,,,,,,
Markaudio,CHN-110-Silver,,44.1601,0.4172,0.4884,2.86,24.7335,6.8,,109,8.77,8.1228,,,,,,,,,,,,,,,,,,,,,,,,,,,,,,,,,,,,,,,,,,,,,,,,,,,,,,,,,,,,,,,
Markaudio,CHN-40,,97.4826,0.6429,0.7752,3.7689,1.1523,6.8,,23,1.6942,1.6322,1.5733,,,,,,,,,,,,,,,,,,,,,,,,,,,,,,,,,,,,,,,,,,,,,,,,,,,,,,,,,,,,,,
Markaudio,CHN-40P MICA,,106.691,0.548,0.6781,2.8554,1.1688,6.8,,23,1.3944,1.3324,1.5959,,,3.5,,,,,,,,,,,,,,,,,,,,,,,,,,,,,,,,,,,,,,,,,,,,,,,,,,,,,,,,,,,
Markaudio,CHN-50,,113.1594,0.5526,0.6865,2.8318,1.0965,3.4,,28,2.0871,2.002,0.9822,,,,,,,,,,,,,,,,,,,,,,,,,,,,,,,,,,,,,,,,,,,,,,,,,,,,,,,,,,,,,,
Markaudio,CHN-50P,,,,,,,,,,,,,,,,,,,,,,,,,,,,,,,,,,,,,,,,,,,,,,,,,,,,,,,,,,,,,,,,,,,,,,,,,,
Markaudio,CHN-70,,71.62,0.48,0.649,1.848,5.31,5,0.017917,50.27,3.339,3.134,1.479,,3.403,4,,,,,,0.291,,,,,,,,,,,,,,,,,,,,,,,,,,,,,,,,,,,,,,,,,,,,,,,,,,,,,
Markaudio,CHP-70-BP GEN2,,,,,,,,,,,,,,,,,,,,,,,,,,,,,,,,,,,,,,,,,,,,,,,,,,,,,,,,,,,,,,,,,,,,,,,,,,
Markaudio,chp-70-p GEN2,,,0.52,0.67,2.3,4.7,7.2,0.03061,,3.7,3.49,0.00131,,4.24,,,,,,,,,,,,,,,,,,,,,,,,,,,,,,,,,,,,,,,,,,,,,,,,,,,,,,,,,,,,
Markaudio,CHP-90,,48.53,0.3635,0.4354,2.2008,20.05,6.2,,85,5.5051,4.9619,1.9898,,,,,,,,,,,,,,,,,,,,,,,,,,,,,,,,,,,,,,,,,,,,,,,,,,,,,,,,,,,,,,
Markaudio,CHR-120-Champagne,,,,,,,,,,,,,,,,,,,,,,,,,,,,,,,,,,,,,,,,,,,,,,,,,,,,,,,,,,,,,,,,,,,,,,,,,,
Markaudio,CHR-120-Chrome,,,,,,,,,,,,,,,,,,,,,,,,,,,,,,,,,,,,,,,,,,,,,,,,,,,,,,,,,,,,,,,,,,,,,,,,,,
Markaudio,chr-70-black,,,,,,,,,,,,,,,,,,,,,,,,,,,,,,,,,,,,,,,,,,,,,,,,,,,,,,,,,,,,,,,,,,,,,,,,,,
Markaudio,chr-70-gold-r3,,,,,,,,,,,,,,,,,,,,,,,,,,,,,,,,,,,,,,,,,,,,,,,,,,,,,,,,,,,,,,,,,,,,,,,,,,
Markaudio,chr-70-grey-r3,,,,,,,,,,,,,,,,,,,,,,,,,,,,,,,,,,,,,,,,,,,,,,,,,,,,,,,,,,,,,,,,,,,,,,,,,,
Markaudio,CHR-90-CHROME,,44.3,0.3598,0.4212,2.4647,26.1403,6.8,,85,4.9661,4.523,2.5942,,,7,,,,,,,,,,,,,,,,,,,,,,,,,,,,,,,,,,,,,,,,,,,,,,,,,,,,,,,,,,,
Markaudio,CHR-90-GOLD,,44.3,0.3598,0.4212,2.4647,26.1403,6.8,,85,4.9661,4.523,2.5942,,,7,,,,,,,,,,,,,,,,,,,,,,,,,,,,,,,,,,,,,,,,,,,,,,,,,,,,,,,,,,,
Markaudio,MA200-M Copper,8,33,0.3455,0.4086,2.239,65.1957,6.8,0.2283,206,21.1652,19.4903,1.099,,,9,,,,,,,,,,,,,,,,203.2,223.5,,,97,,189,223.5,5.2,6,,,,,,,,,,,,,,,,,,,,,,,,,,,,,,,,,,
Markaudio,MA200M-Copper,,33.0003,0.3455,0.4086,2.239,65.1957,6.8,,206,21.1652,19.4093,1.099,,,9,,,,,,,,,,,,,,,,,,,,,,,,,,,,,,,,,,,,,,,,,,,,,,,,,,,,,,,,,,,
Markaudio,MA200M-Grey,,33.0003,0.3455,0.4086,2.239,65.1957,6.8,,206,21.1652,19.4093,1.099,,,9,,,,,,,,,,,,,,,,,,,,,,,,,,,,,,,,,,,,,,,,,,,,,,,,,,,,,,,,,,,
Markaudio,MAOP10,,,,,,,,,,,,,,,,,,,,,,,,,,,,,,,,,,,,,,,,,,,,,,,,,,,,,,,,,,,,,,,,,,,,,,,,,,
Markaudio,MAOP11,,39.6919,0.2942,0.3473,1.9226,24.4625,7.2,,111,11.3528,10.6889,1.4162,,,,,,,,,,,,,,,,,,,,,,,,,,,,,,,,,,,,,,,,,,,,,,,,,,,,,,,,,,,,,,
Markaudio,MAOP5 PAIR,4,110,0.4,0.6,1.6,1.6,,,,1.4,,,,,3,,,,,,,,,,,,,,,,,,,,,,,,,,,,,,,,,,,,,,,,,,,,,,,,,,,,,,,,,,,
Markaudio,MAOP7,,76.533,0.556,0.711,2.556,3.915,5.4,0.021551,50.265,3.963,3.758,1.091,,,4.5,,,,,,,,,,,,,,,,,,,,,,,,,,,,,,,,,,,,,,,,,,,,,,,,,,,,,,,,,,,
Markaudio,PLUVIA ELEVEN GOLD,,,,,,,,,,,,,,,,,,,,,,,,,,,,,,,,,,,,,,,,,,,,,,,,,,,,,,,,,,,,,,,,,,,,,,,,,,
Markaudio,PLUVIA ELEVEN GREY,,,,,,,,,,,,,,,,,,,,,,,,,,,,,,,,,,,,,,,,,,,,,,,,,,,,,,,,,,,,,,,,,,,,,,,,,,
Markaudio,Pluvia-7-HD-Chrome,,72.5494,0.584,0.7173,3.1446,4.4227,5.4,,50,3.839,3.6373,1.2536,,,,,,,,,,,,,,,,,,,,,,,,,,,,,,,,,,,,,,,,,,,,,,,,,,,,,,,,,,,,,,
Markaudio,Pluvia-7-HD-Gold,,,,,,,,,,,,,,,,,,,,,,,,,,,,,,,,,,,,,,,,,,,,,,,,,,,,,,,,,,,,,,,,,,,,,,,,,,
Markaudio,Pluvia-7-PHD,,,,,,,,,,,,,,,,,,,,,,,,,,,,,,,,,,,,,,,,,,,,,,,,,,,,,,,,,,,,,,,,,,,,,,,,,,
Markaudio,Pluvia-7P MICA,,72.2524,0.472,0.5483,3.3897,4.4592,3.3,,50,3.839,3.6373,1.2639,,,4,,,,,,,,,,,,,,,,,,,,,,,,,,,,,,,,,,,,,,,,,,,,,,,,,,,,,,,,,,,
Markaudio,TW 6,4,1.7,,,,,3.2,,,,,,,,,,,,,,,,,,,,,,,,,74,,,9.3,,,,,,,,,,,,,,25.4,,,,,,,,,,,,,,,,,,,,,,,,,
Monacor,AIRMT-130,8,3000,,,,,5.2,,,,,,,,,,,,,,,,98,60,60,,,,,,,,,,40,,,,,,,,,,,,,,,,,130,90,,71,111,,,,,,,,,,,,,,,,,,
Monacor,AIRMT-85,4,2500,,,,,3.8,,,,,,,,,,,,,,,,92,20,40,,,,,,,85,,,35,,66,,,,,,,,,,,,,,,85,36,,,,,,,,,,,,,,,,,,,,,
Monacor,AR-30,8,600,,,,,,,,,,,,,,,,,,,,,,30,,,,,,,80,80,,,,,,,,6,,,,,,,,,,,,,,,,,,,,,,,,,,,,,,,,,,
Monacor,AR-50,8,500,,,,,,,,,,,,,,,,,,,,,,50,,,,,,,90,90,,,,,,,,6,,,,,,,,,,,,,,,,,,,,,,,,,,,,,,,,,,
Monacor,BR-50,4,40,,,,,,,,,,,,,,,,,,,,,,,50,,,,,,,,,,,,,,,4,,,,,,,,,,,,131,131,,,,,,,,,,,,,,,,,,,,,
Monacor,DT-100,8,1500,,,,,5.7,,,,,,,,,,,,,,,,92,30,30,,,,92,,25,,,,26,26,72,,,,,70,,25,,,,25,,,,116,80,,,,,,,,,,,,,,,,,,,,,
Monacor,DT-105,8,1500,,,,,5.7,,,,,,,,,,,,,,,,90,30,,,,,90,,,100,,,,,85,,,,,,,,,,,25,,,,,,,,,,,,,,,,,,,,,,,,,,
Monacor,DT-107,8,1200,,,,,5.7,,,,,,,,,,,,,,,,89,80,,,,,89,,25,96,,,,23,72,,,,,60,,25,,,,25,,,,96.5,,,,,,,,,,,,,,,,,,,,,,
Monacor,DT-109,8,1200,,,,,5.7,,,,,,,,,,,,,,,,90,40,,,,,90,,,100,,,,,85,,,,,,,,,,,25,,,,,,,,,,,,,,,,,,,,,,,,,,
Monacor,DT-19SU,8,,,,,,,,,,,,,,,,,,,,,,91,50,,,,,,,19,,,,,,,,,,,,,,,,,,,,,,,,,,,,,,,,,,,,,,,,,,,
Monacor,DT-25N,8,1600,,,,,5.7,,,,,,,,,,,,,,,,95,40,40,,,95,,,25,66,,,21,,50,,,,,,,25,,,,20,25,,,66,21,,,,,,,,,,,,,,,,,,,,,
Monacor,DT-28N,8,1200,,,,,,,,,,,,,,,,,,,,,94,50,,,,,,,28,,,,,,,,,,,36,,28,,,,,,,,55,55,,,,,,,,,,,,,,,,,,,,,
Monacor,DT-300,8,750,,,,,5.7,,,,,,,,,,,,,,,,93,50,50,,,,93,,30,116,,,53,,,,,,,,,30,,,,30,,,,116,,,,,,,,,,,,,,,,,,,,,,
Monacor,DT-99,8,1500,,,,,5.7,,,,,,,,,,,,,,,,93,,40,,,,93,,25,100,,,35,,,,,,,70,,25,,,,25,,,,100,,,,,,,,,,,,,,,,,,,,,,
Monacor,DT140,4,1200,,,,,,,,,,,,,,,,,,,,,90,40,40,,,90,,,,,,,30,,80,,,,,,,25,,,,,,,,103,31,,,,,,,,,,,,,,,,,,,,,
Monacor,DT28,8,1200,,,,,,,,,,,,,,,,,,,,,94,,50,,,,,,,,,,20,,46,,,,,,,28,,,,,,,,55,55,,,,,,,,,,,,,,,,,,,,,
Monacor,DT284,4,1300,,,,,,,,,,,,,,,,,,,,,91,60,100,,,,,,28,,,,18,,50,,,,,,,28,,,,,,,,60,,,,,,,,,,,,,,,,,,,,,,
Monacor,DTM 104/4 - Hifi Dome Tweeter 4 OHM,4,1200,,,,,,,,,,,,,,,,,,,,,92,,45,,,,,,,,,,32,,80,,,,,,,25,,,,,,,,104,,,,,,,,,,,,,,,,,,,,,,
Monacor,DTM 104/8 - Textilkalotte 8 OHM,8,1200,,,,,,,,,,,,,,,,,,,,,92,,45,,,,,,,,,,32,,80,,,,,,,25,,,,,,,,104,,,,,,,,,,,,,,,,,,,,,,
Monacor,DTM-104/8,8,1200,,,,,,,,,,,,,,,,,,,,,92,45,,,,92,,,25,,,,,,80,,,,,,,25,,,,,,,,104,32,,,,,,,,,,,,,,,,,,,,,
Monacor,HT 88 PA Horn Tweeter,8,2500,,,,,,,,,,,,,,,,,,,,,99,,50,,,,,,,,,,75,,,,,,,,,25,,,,,,,,87,87,,67,67,,,,,,,,,,,,,,,,,,
Monacor,HT 958 PA/SW 8 OHM Ring-Radiator,8,2.2,,,,,,,,,,,,,,,,,,,,,101,,30,,,,,,,,,,45,,72,,,,,,,25.4,,,,,,,,97,,,,,,,,,,,,,,,,,,,,,,
Monacor,HT-22/8,8,,,,,,,,,,,,,,,,,,,,,,91,10,,,,,,,80,,,,,,,,,,,,,,,,,,,,,,,,,,,,,,,,,,,,,,,,,,,
Monacor,MHD-55,8,2000,,,,,,,,,,,,,,,,,,,,,103,30,,,,,,,80,,,,,187,,,,,,80,,25,,,,,,,,269,101,,,,,,,,,,,,,,,,,,,,,
Monacor,MRD-120,8,1300,,,,,,,,,,,,,,,,,,,,,100,50,,,,,,,25,120,,,85,,,,,,,120,,34.5,,,,,,,,,,,,,,,,,,,,,,,,,,,,,,
Monacor,MRD-160,8,750,,,,,,,,,,,,,,,,,,,,,100,60,,,,,,,25,115,,,53,,,,,,,110,,44.4,,,,,,,,,,,,,,,,,,,,,,,,,,,,,,
Monacor,MSH-116/4,4,95,,0.48,2.38,2.7,,,55,4.6,,0.62,,4.3,1,,,,,,,,91,40,,,,,,,110,,,,,,,,,,,,,25,,,,,,,,,,,,,,,,,,,,,,,,,,,,,,
Monacor,RBT-10,5,,,,,,,,,,,,,,,,,,,,,,90,12,,,,,90,,,100,,,,,,,,,,,,,,,,,,38,8,,,,,,,,,,,,,,,,,,,,,,,
Monacor,RBT-1000,6,1600,,,,,,,,,,,,,,,,,,,,,96,40,40,,,,,,,,,,34,,,,,,,,,,,,,,,,,104,104,,94,94,,,,,,,,,,,,,,,,,,
Monacor,RBT-35SR,7,,,,,,,,,,,,,,,,,,,,,,96,12,96,,,,,,,,,,103,,,,,,,,,,,,,,,60,9,110,,,87,62,,,,,,,,,,,,,,,,,,
Monacor,RBT-56,4,,,,,,3.5,,,,,,,,,,,,,,,,90,10,10,,,,,,,56.5,,,10,,48,,,,,,,,,,,,,,,56.5,,,,,,,,,,,,,,,,,,,,,,
Monacor,RBT-95,8,4500,,,,,,,,,,,,,,,,,,,,,98,30,30,,,,,,95,95,,,17,,,,,,,,,,,,,,,,,95,,,80,45,,,,,,,,,,,,,,,,,,
Monacor,RBT-95SR,8,3500,,,,,,,,,,,,,,,,,,,,,98,40,40,,,,,,,,,,35,,,,,,,,,,,,,,,,,95,68,,82,47,,,,,,,,,,,,,,,,,,
Monacor,SP-10/4S,4,,,,,,,,,,,,,,,,,,,,,,,15,,,,,,,105,,,,,,,,,,,,,,,,,,,,,,,,,,,,,,,,,,,,,,,,,,,
Monacor,SP-13/4,4,,,,,,,,,,,,,,,,,,,,,,,20,,,,,,,125,,,,,,,,,,,,,,,,,,,,,,,,,,,,,,,,,,,,,,,,,,,
Monacor,SP-167E,4,62,,,,,,,,,,,,,2.5,,,,,,,,92,35,,,,,,,170,,,,,,,,,,,,,,,,,,,,,169,,,,,,,,,,,,,,,,,,,,,,
Monacor,SP-17/4,4,,,,,,,,,,,,,,,,,,,,,,,30,,,,,,,170,,,,,,,,,,,,,,,,,,,,,,,,,,,,,,,,,,,,,,,,,,,
Monacor,SP-202E,4,51,,,,,,,,,,,,,2.5,,,,,,,,93,50,,,,,,,210,,,,,,,,,,,,,,,,,,,,,202,,,,,,,,,,,,,,,,,,,,,,
Monacor,SP-252E,4,42,,,,,,,,,,,,,4,,,,,,,,94,75,,,,,,,250,,,,,,,,,,,,,,,,,,,,,255,,,,,,,,,,,,,,,,,,,,,,
Monacor,SP-59/4S,4,,,,,,,,,,,,,,,,,,,,,,,3,,,,,,,85,,,,,,,,,,,,,,,,,,,,,,,,,,,,,,,,,,,,,,,,,,,
Monacor,SP-6,8,,,,,,,,,,,,,,,,,,,,,,,10,,,,,,,55,,,,,,,,,,,,,,,,,,,,,,,,,,,,,,,,,,,,,,,,,,,
Monacor,SP-6/4SQ,4,,,,,,,,,,,,,,,,,,,,,,,3,,,,,,,59,,,,,,,,,,,,,,,,,,,,,,,,,,,,,,,,,,,,,,,,,,,
Monacor,SP-60/4,4,65,0.49,0.64,2.1,6,,0.2,55,4,,0.8,,2.9,2,,,,,,,,90,30,,,,,,,110,,,,,,,,,,,,,25.5,,,,,,,,,,,,,,,,,,,,,,,,,,,,,,
Monacor,SP-60/8,8,65,0.49,0.64,2.1,6,,0.2,55,4,,0.8,,2.9,2,,,,,,,,90,30,,,,,,,100,,,,,,,,,,,,,25.5,,,,,,,,,,,,,,,,,,,,,,,,,,,,,,
Monacor,SP-7/4SQ,4,,,,,,,,,,,,,,,,,,,,,,,4,,,,,,,66,,,,,,,,,,,,,,,,,,,,,,,,,,,,,,,,,,,,,,,,,,,
Monacor,SP-7/4SQS,4,,,,,,,,,,,,,,,,,,,,,,,4,,,,,,,66,,,,,,,,,,,,,,,,,,,,,,,,,,,,,,,,,,,,,,,,,,,
Monacor,SP-8/4SQ,4,,,,,,,,,,,,,,,,,,,,,,,10,,,,,,,88,,,,,,,,,,,,,,,,,,,,,,,,,,,,,,,,,,,,,,,,,,,
Monacor,SP-8/4SQS,4,,,,,,,,,,,,,,,,,,,,,,,10,,,,,,,88,,,,,,,,,,,,,,,,,,,,,,,,,,,,,,,,,,,,,,,,,,,
Monacor,SP-90,8,45,0.57,0.68,3.36,42,6.5,0.5,210,17,,0.8,,,2,,,,,,,,92,35,35,,,,92,,210,205,,,90,,185,,,,,,,,,,,,,,,205,,,,,,,,,,,,,,,,,,,,,,
Monacor,SP8-4S,,,,,,,,,,,,,,,,,,,,,,,,,,,,,,,,,,,,,,,,,,,,,,,,,,,,,,,,,,,,,,,,,,,,,,,,,,
Monacor,SPH-130AL,8,48,,0.34,5.07,10.8,6.4,0.6,80,9,,1.2,,7.22,2.3,,,,,,,,88,50,,,,,,,,,,,,,,,,,,,,,,,,,,,,,,,,,,,,,,,,,,,,,,,,,,
Monacor,SPH-135/AD,8,39,0.37,0.42,3.4,26,6,0.47,95,7.8,,2.14,,5,,,,,,,,,89,,,,,,89,,,135,,,,,,,,,,,,,,,,,,,,,,,,,,,,,,,,,,,,,,,,,,
Monacor,SPH-135C,8,40,0.39,0.43,4.48,17,6,0.75,95,12,,1.35,,6.5,,,,,,,,,88,50,,,,,88,,,133,,,,,,,,,,,,,,,,,,,,,,,,,,,,,,,,,,,,,,,,,,
Monacor,SPH-135KEP,8,45,0.3,0.32,5.54,15.5,6,0.75,95,10,,1.23,,7.5,,,,,,,,,89,50,,,,,89,,,133,,,,,,,,,,,,,,,,,,,,,,,,,,,,,,,,,,,,,,,,,,
Monacor,SPH-135TC,,40,0.42,0.48,3.44,16,,,95,8.9,,1.69,,4.2,,,,,,,,,85,,,,,,85,,,135,,,,,,,,,,,,,,,,,,,,,,,,,,,,,,,,,,,,,,,,,,
Monacor,SPH-165,8,33,0.21,0.23,2.02,36,6.3,1.1,137,16,,1.22,,9.7,,,,,,,,,89,,,,,,89,,,165,,,,,,,,,,,,,,,,,,,,,,,,,,,,,,,,,,,,,,,,,,
Monacor,SPH-165CP,8,30,0.31,0.33,4.85,38,6.3,0.7,127,17,,1.71,,7.6,,,,,,,,,89,80,,,,,89,,,165,,,,,,,,,,,,,,,,,,,,,,,,,,,,,,,,,,,,,,,,,,
Monacor,SPH-210,8,28,0.24,0.27,2.14,81,6.3,1,210,24.5,,1.32,,10.3,,,,,,,,,90,50,,,,,90,,,210,,,,,,,,,,,,,,,,,,,,,,,,,,,,,,,,,,,,,,,,,,
Monacor,SPH-250KE,8,23,0.41,0.45,5.25,204,6.1,0.7,346,45,,0.94,,9.4,,,,,,,,,90,100,,,,,90,,250,258,,,,,,,,,,,,50,,,,,,,,,,,,,,,,,,,,,,,,,,,,,,
Monacor,SPH-300TC,8,23,0.24,0.26,3.03,290,,,495,68,,0.85,3.2,10.3,4,,198,,,,,,91,120,,,,,,,300,,,,,,,,,,,,,,,,,,,,,,,,,,,,,,,,,,,,,,,,,,,
Monacor,SPH-380TC,4,21.5,0.28,0.31,2.81,275,,,845,199.5,,0.28,9.6,25,11.1,,938,,,,,,89,250,,,,,,,380,,,,,,,,,,,,,,,,,,,,,,,,,,,,,,,,,,,,,,,,,,,
Monacor,SPM-100/8,8,75,0.61,,,5,,,,,,,,,,,,,,,,,86,40,,,,,,,102,,,,,,,,,,,,,,,,,,,,,,,,,,,,,,,,,,,,,,,,,,,
Monacor,SPM-116/8,8,75,0.52,,,5,,,,,,,,,,,,,,,,,87,40,,,,,,,115,,,,,,,,,,,,,,,,,,,,,,,,,,,,,,,,,,,,,,,,,,,
Monacor,SPM-165/8,8,49,0.55,0.67,2.7,33,6.5,0.6,140,10.3,,1,,5.8,,,,,,,,,88,60,,,,,88,,165,,,,,,,,,,,,,,,,,,,,,,,,,,,,,,,,,,,,,,,,,,,
Monacor,SPM-200X,4,,,,,,,,,,,,,,1,,,,,,,,84,30,,,,,,,205,,,,,,,,,,,,,,,,,,,,,,,,,,,,,,,,,,,,,,,,,,,
Monacor,SPM-205/4,,,,,,,,,,,,,,,,,,,,,,,,,,,,,,,,200,,,,,,,,,,,,,,,,,,,,,,,,,,,,,,,,,,,,,,,,,,
Monacor,SPM-205/8,8,37,0.7,0.92,2.95,54,7.2,0.7,210,22,,,,6.5,,,,,,,,,89,,,,,,89,,,200,,,,,,,,,,,,,,,,,,,,,,,,,,,,,,,,,,,,,,,,,,
Morel,424D,4,60,0.32,0.38,2.05,4.530695455,3.1,0.25,,6.5,,1.056,,,4,,,,,,,,,150,,4,,,,,101.6,,,,,,,,,,,,,,,,,,,,,,,,,,,,,,,,,,,,,,,,,,,
Morel,CAT-328-104,9,651,,,,,5.2,0.09,6,0.44,,,,3.5,,,,,,,,,91,,200,,,,,,,,,,46,,,,,,,,,29,2.7,,2.5,,,,,104,,,,,,,,,,,,,,,,,,,,,,
Morel,CAT-328-104,,650,,,,,5.2,0.09,6,0.44,,,,3.5,,,,,,,,,90,,,,,,90,,,,,,,,,,,,,,,,,,,,,,,,,,,,,,,,,,,,,,,,,,,,,
Morel,CAT298,8,900,,,,,5.2,0.05,6,0.5,,,,3.3,,,,,,,,,89,80,80,,,89,89,,,104,,,30,,,,,,,,,28,2.5,,2.5,28,,,,104,,,,,,,,,,,,,,,,,,,,,,
Morel,CAT298-110,8,900,,,,,5.2,0.05,6,0.5,,,,,,,,,,,,,89,80,,,,,89,,,110,,,,,72,,,,,,,,,,,28,,,,,,,,,,,,,,,,,,,,,,,,,,
Morel,CAT298-94,8,900,,,,,5.2,0.05,6,0.5,,,,,,,,,,,,,89,80,,,,,89,,,94,,,,,72,,,,,,,,,,,28,,,,,,,,,,,,,,,,,,,,,,,,,,
Morel,CAT308,8,650,,,,,5.2,0.09,6,0.44,,,,3.5,,,,,,,,,90,200,200,,,90,90,,,104,,,46,,,,,,,,,28,2.7,,2.5,28,,,,104,,,,,,,,,,,,,,,,,,,,,,
Morel,CAT328-104,8,650,,,,,5.2,0.09,6,0.44,,,,3.5,,,,,,,,,90,200,,,,,90,,,104,,,,,72,,,,,,,,,,,28,,,,,,,,,,,,,,,,,,,,,,,,,,
Morel,CAT328-110,8,652,,,,,5.2,0.09,6,0.44,,,,3.5,,,,,,,,,90,200,200,,,,90,,,110,,,46,,72,,,,,,,30,2.7,,2.5,28,,,,110,,,,,,,,,,,,,,,,,,,,,,
Morel,CAT378,8,700,,,,,5.2,0.09,6,0.44,,,,3.5,,,,,,,,,93,200,200,,,93,,,,94,,,,,,,,,,,,28,2.7,,2.5,28,25,,,94,,,,,,,,,,,,,,,,,,,,,,
Morel,CAT408,8,780,0.52,1.3,0.87,,5.2,0.09,6,0.46,,,,,,,,,,,,,89,120,120,,,89,,,,72,,,60,,44,,,,,,,28,2.7,,2.5,28,,,,72,,,,,,,,,,,,,,,,,,,,,,
Morel,CAW428,8,74,0.38,0.46,2.33,4.5,5.5,0.32,57,4.55,,1.007,0.91,5,,,,,,,,,88,150,,,,,88,,,118.5,,,,,,,,,,,,,,,,,,,,,,,,,,,,,,,,,,,,,,,,,,
Morel,CAW634,4,43,0.42,0.53,2.1,13.7,3.6,0.46,119,17,,0.796,2.225,5.6,,,,,,,,,86,150,,,,,86,,,160,,,,,,,,,,,,,,,,,,,,,,,,,,,,,,,,,,,,,,,,,,
Morel,ECW638,8,39,0.29,0.36,1.42,19,5,0.26,119,16,,0.994,2.82,7.45,,,,,,,,,88,150,,,,,88,,152.4,160,,,,,140.0048,,,,,,,,,,,,,,,,,,,,,,,,,,,,,,,,,,,,,
Morel,EM1308,8,320,0.47,1.01,0.9,,6.2,0.2,28,3,,,,5.2,1,,,,,,,,88,200,200,,,,88,,50.8,130,,,80,,,,,,,,,54,6,,4,54,,,,130,,,,,,,,,,,,,,,,,,,,,,
Morel,EM428,8,68,0.41,0.48,3.03,3.5,5.4,0.36,57,6.55,,0.88,0.86,5.4,,,,,,,,,87,150,,,,,87,,101.6,118.5,,,,,93.98,,,,,,,,,,,,,,,,,,,,,,,,,,,,,,,,,,,,,
Morel,ET338,8,700,,,,,5.2,0.09,6,0.44,,,,6.3,,,,,,,,,92.5,,200,,,92.5,,,,,,,66,,76,,,,,,,28,2.7,,2.5,,,,,110,,,,,,,,,,,,,,,,,,,,,,
Morel,ET338-104,8,700,,,,,5.2,0.09,6,0.44,,,,6.3,,,,,,,,,92.5,200,200,,,92.5,,,,104,,,66,,76,,,,,,,28,2.7,,2.5,28,,,,104,,,,,,,,,,,,,,,,,,,,,,
Morel,ET338-110,8,700,,,,,5.2,0.09,6,0.44,,,,,,,,,,,,,92.5,200,,,,,92.5,,,110,,,,,76,,,,,,,,,,,28,,,,,,,,,,,,,,,,,,,,,,,,,,
Morel,ET448,8,750,,,,,5.2,0.05,6,0.44,,,,2.3,,,,,,,,,92,120,120,,,92,,,,72,,,55,,44,,,,,,,28,2.7,,2.5,28,,,,72,,,,,,,,,,,,,,,,,,,,,,
Morel,EW428,8,62,0.35,0.41,2.36,4.7,6.3,0.44,57,6.16,,1.046,1.02,6.1,,,,,,,,,87,150,,,,,87,,101.6,118.5,,,,,93.98,,,,,,,,,,,,,,,,,,,,,,,,,,,,,,,,,,,,,
Morel,EW536,6,45,0.22,0.28,1.16,10.3,4.5,0.38,88,13,,0.952,3.18,1,,,,,,,,,88,150,,,,,88,,127,143,,,,,120.904,,,,,,,,,,,,,,,,,,,,,,,,,,,,,,,,,,,,,
Morel,Integra 424,4,120,0.48,0.6,2.47,2,3,0.15,,5,,0.35,1.52,,,,,,,,,,88,,,,,,88,,,118.5,,,,,,,,,,,,,,,,,,,,,,,,,,,,,,,,,,,,,,,,,,
Morel,Integra 524,4,62,0.29,0.36,1.65,12.93,,,,6.59,,0.98,,,,,,,,,,,90.4,,,,,,90.4,,,143.2,,,,,,,,,,,,,,,,,,,,,,,,,,,,,,,,,,,,,,,,,,
Morel,Integra 624,4,58,0.35,0.43,1.84,15.35,,,,9.62,,0.77,,,,,,,,,,,90.3,,,,,,90.3,,,160.2,,,,,,,,,,,,,,,,,,,,,,,,,,,,,,,,,,,,,,,,,,
Morel,MDM 55 Midrange,8,380,0.68,1.75,1.13,,6.2,0.19,28,2.8,,,,,,,,,,,,,89.5,200,,,,,89.5,,,,,,,,76,,,,,,,,,,,54,,,,,,,,,,,,,,,,,,,,,,,,,,
Morel,MDM55,8,380,0.68,1.75,1.13,,6.3,0.19,28,2.8,,,,5.2,1,,,,,,,,89.5,,200,,,,89.5,,,87.122,,,86,,,,,,,,,54,6,,4,,,,,87,87,,,,,,,,,,,,,,,,,,,,,
Morel,MDT-22,,,,,,,,,,,,,,,,,,,,,,,,,,,,,,,,,,,,,,,,,,,,,,,,,,,,,,,,,,,,,,,,,,,,,,,,,,
Morel,MDT-29,,1000,,,,,3.6,,,0.45,,,,2.61,,,,,,,,,92,,,,,,92,,,,,,,,,,,,,,,,,,,,,,,,,,,,,,,,,,,,,,,,,,,,,
Morel,MDT-32-S,,650,,,,,5.2,0.09,6,0.44,,,,3.5,,,,,,,,,90,,,,,90,,,,,,,,,,,,,,,,,,,,,,,,,,,,,,,,,,,,,,,,,,,,,,
Morel,MDT-33,,700,,,,,5.2,,6,0.44,,,,6.3,,,,,,,,,,,,,,,,,,,,,,,,,,,,,,,,,,,,,,,,,,,,,,,,,,,,,,,,,,,,
Morel,MDT12,8,1000,,,,,5.2,,,,,,,,,,,,,,,,89,80,,,,,89,,,,,,,,44,,,,,,,,,,,28,,,,,,,,,,,,,,,,,,,,,,,,,,
Morel,MDT22T,8,650,,,,,5.2,,,,,,,,,,,,,,,,89,80,,,,,89,,,,,,,,44,,,,,,,,,,,28,,,,,,,,,,,,,,,,,,,,,,,,,,
Morel,MDT29-4,,1000,,,,,3.6,,6,0.45,,,,2.61,,,,,,,,,92,,,,,,92,,,,,,,,,,,,,,,,,,,,,,,,,,,,,,,,,,,,,,,,,,,,,
Morel,MDT30S,,,,,,,,,,,,,,,,,,,,,,,,,,,,,,,,,,,,,,,,,,,,,,,,,,,,,,,,,,,,,,,,,,,,,,,,,,
Morel,MSW 538,8,45,0.36,,,12.176244035,,,,13.68,,,,,3.5,,,,,,,,,150,,5,,,,,127,,,,,,,,,,,,,,,,,,,,,,,,,,,,,,,,,,,,,,,,,,,
Morel,MW1054,,,,,,,,,,,,,,,,,,,,,,,,,,,,,,,,,,,,,,,,,,,,,,,,,,,,,,,,,,,,,,,,,,,,,,,,,,
Morel,MW144,8,52,0.55,0.71,2.44,8,5.2,,,,,,,,,,,,,,,,88,,,,,,88,,,142,,,,,,,,,,,,,,,,,,,,,,,,,,,,,,,,,,,,,,,,,,
Morel,MW166,8,46,0.58,0.74,2.79,15.6,6.7,,,,,,,,,,,,,,,,86,,,,,,86,,,160,,,,,,,,,,,,,,,,,,,,,,,,,,,,,,,,,,,,,,,,,,
Morel,mw1668,,,,,,,,,,,,,,,,,,,,,,,,,,,,,,,,,,,,,,,,,,,,,,,,,,,,,,,,,,,,,,,,,,,,,,,,,,
Morel,MW265-4,4,30,0.61,0.79,2.79,61,3.5,,,,,,,,,,,,,,,,92,,,,,,92,,,222,,,,,,,,,,,,,,,,,,,,,,,,,,,,,,,,,,,,,,,,,,
Morel,MW265-8,8,30,0.61,0.79,2.79,61,5.2,,,,,,,,,,,,,,,,89,,,,,,89,,,222,,,,,,,,,,,,,,,,,,,,,,,,,,,,,,,,,,,,,,,,,,
Morel,Power Slim 6,4,66,0.95,1.55,2.47,7.7,4,0.17,141,20,,0.28,,,,,,,,,,,84,80,,,,,84,,,160,,,,,,,,,,,,,,,,,,,,,,,,,,,,,,,,,,,,,,,,,,
Morel,PowerSlim 6 Carbon,6,72,0.62,0.88,2.16,8.4,4,0.26,133,14.15,,0.34,,,,,,,,,,,89,70,,,,,89,,,160,,,,,,,,,,,,,,,,,,,,,,,,,,,,,,,,,,,,,,,,,,
Morel,RU-SOLUS,,,,,,,,,,,,,,,,,,,,,,,,,,,,,,,,,,,,,,,,,,,,,,,,,,,,,,,,,,,,,,,,,,,,,,,,,,
Morel,ST1048,8,680,0.36,0.65,0.8,,5.2,0.09,6,0.44,,,,,,,,,,,,,91.5,220,,,,91.5,91.5,,,104,,,,,75,,,,,,,,,,,28,,,,,,,,,,,,,,,,,,,,,,,,,,
Morel,ST1048-BLK,,680,,,,,5.2,0.09,6,0.44,,,,,,,,,,,,,,,,,,,,,,,,,,,,,,,,,,,,,,,,,,,,,,,,,,,,,,,,,,,,,,,,
Morel,ST1108,8,680,,,,,5.2,0.09,6,0.44,,,,,,,,,,,,,91.5,220,220,,,91.5,,,,110,,,40,,75,,,,,,,28,2.7,,4.2,28,,,,110,,,,,,,,,,,,,,,,,,,,,,
Morel,ST1308,8,680,,,,,5.2,0.09,6,0.44,,,,,,,,,,,,,91.5,220,220,,,,,,,130,,,40,,104,,,,,,,28,2.7,,4.2,28,,,,130,,,,,,,,,,,,,,,,,,,,,,
Morel,ST728,8,800,0.36,0.65,0.8,,5.2,0.05,6,0.44,,,,,0.95,,,,,,,,91,120,120,,,,91,,,72,,,53,,,,,,,,,28,2.7,,4.6,28,,,,72,,,,,,,,,,,,,,,,,,,,,,
Morel,TICW-638-ND,4,,,,,14,5.4,0.32,,,,,,,,,,,,,,,,,,,,,,,,,,,,,,,,,,,,75,15.5,,5,,,,,,,,,,,,,,,,,,,,,,,,,,,
Morel,TM4055-8,8,365,0.51,1.32,0.84,,6.5,0.17,,,,,,,1,,,,,,,,,,,,,,,,,143.2,,,80,,135,,,,,,,,,,,,,,,,,,,,,,,,,,,,,,,,,,,,,
Morel,TSCT1044,4,591,,,,,4.19,0.047,6,,,,,,,,,,,,,,95,200,,,,,95,,,104,,,,,72.8,,,,,,,,,,,28,,,,,,,,,,,,,,,,,,,,,,,,,,
Morel,TSCT1104,4,573,0.41,0.53,2.41,,4.19,0.047,6,,,,,,,,,,,,,,95,200,,,,,95,,,110,,,,,72.8,,,,,,,,,,,28,,,,,,,,,,,,,,,,,,,,,,,,,,
Morel,UW 1058 Woofer,8,26,0.43,0.58,1.72,40.8,6.8,1.33,346,99.3,,0.24,11.691,,,,,,,,,,85.8,500,,,,,85.8,,,263,,,,,,,,,,,,,,,,,,,,,,,,,,,,,,,,,,,,,,,,,,
Morel,UW 1258 Woofer,8,21,0.43,0.56,1.88,138.38,6.8,1.33,437,105.49,,0.44,8.15,,,,,,,,,,87,800,,,,,87,,,305,,,,,,,,,,,,,,,,,,,,,,,,,,,,,,,,,,,,,,,,,,
Morel,UW 958 Woofer,8,28,0.35,0.45,1.61,39.5,6.2,1.32,243,65.5,,0.47,7.374,,,,,,,,,,85.8,500,,,,,85.8,,,222,,,,,,,,,,,,,,,,,,,,,,,,,,,,,,,,,,,,,,,,,,
Mundorf,164UM1.1,,,,,,,,,,,,,,,,,,,,,,,,,,,,,,,,,,,,,,,,,,,,,,,,,,,,,,,,,,,,,,,,,,,,,,,,,,
Mundorf,168PP27-628-286,,,,,,,,,,,,,,,,,,,,,,,,,,,,,,,,,,,,,,,,,,,,,,,,,,,,,,,,,,,,,,,,,,,,,,,,,,
Mundorf,AMT164UM2.3-R,,,,,,,,,,,,,,,,,,,,,,,,,,,,,,,,,,,,,,,,,,,,,,,,,,,,,,,,,,,,,,,,,,,,,,,,,,
Mundorf,AMT17D1.1,,,,,,,8.6,,,,,,,,,,,,,,,,,,,,,,,,,,,,,,,,,,,,,,,,,,,,,,,,,,,,,,,,,,,,,,,,,,,
Mundorf,AMT17D2.1,,,,,,,,,,,,,,,,,,,,,,,,,,,,,,,,,,,,,,,,,,,,,,,,,,,,,,,,,,,,,,,,,,,,,,,,,,
Mundorf,AMT17D2.2,,1700,,,,,4.7,,,,,,,,,,,,,,,,,,,,,,,,,,,,,,,,,,,,,,,,,,,,,,,,,,,,,,,,,,,,,,,,,,,
Mundorf,AMT1908C,,,,,,,,,,,,,,,,,,,,,,,,,,,,,,,,,,,,,,,,,,,,,,,,,,,,,,,,,,,,,,,,,,,,,,,,,,
Mundorf,AMT19CM1.1-C,,,,,,,8.1,,,,,,,,,,,,,,,,,,,,,,,,,,,,,,,,,,,,,,,,,,,,,,,,,,,,,,,,,,,,,,,,,,,
Mundorf,AMT19CM2.1-C,,,,,,,,,,,,,,,,,,,,,,,,,,,,,,,,,,,,,,,,,,,,,,,,,,,,,,,,,,,,,,,,,,,,,,,,,,
Mundorf,AMT21CM2.1-C,,,,,,,4.4,,,,,,,,,,,,,,,,,,,,,,,,,,,,,,,,,,,,,,,,,,,,,,,,,,,,,,,,,,,,,,,,,,,
Mundorf,AMT21CM2.1-C,,,,,,,,,,,,,,,,,,,,,,,,,,,,,,,,,,,,,,,,,,,,,,,,,,,,,,,,,,,,,,,,,,,,,,,,,,
Mundorf,AMT23CM1.1-C,,,,,,,6.9,,,,,,,,,,,,,,,,,,,,,,,,,,,,,,,,,,,,,,,,,,,,,,,,,,,,,,,,,,,,,,,,,,,
Mundorf,AMT23CM1.1-C,,,,,,,,,,,,,,,,,,,,,,,,,,,,,,,,,,,,,,,,,,,,,,,,,,,,,,,,,,,,,,,,,,,,,,,,,,
Mundorf,AMT23CM1.1-R,,,,,,,6.9,,,,,,,,,,,,,,,,,,,,,,,,,,,,,,,,,,,,,,,,,,,,,,,,,,,,,,,,,,,,,,,,,,,
Mundorf,AMT23CM1.1-R,,,,,,,,,,,,,,,,,,,,,,,,,,,,,,,,,,,,,,,,,,,,,,,,,,,,,,,,,,,,,,,,,,,,,,,,,,
Mundorf,AMT23D1.1,,,,,,,6.9,,,,,,,,,,,,,,,,,,,,,,,,,,,,,,,,,,,,,,,,,,,,,,,,,,,,,,,,,,,,,,,,,,,
Mundorf,AMT23D1.1,,,,,,,,,,,,,,,,,,,,,,,,,,,,,,,,,,,,,,,,,,,,,,,,,,,,,,,,,,,,,,,,,,,,,,,,,,
Mundorf,AMT23D6.1-C,,,,,,,6.9,,,,,,,,,,,,,,,,,,,,,,,,,,,,,,,,,,,,,,,,,,,,,,,,,,,,,,,,,,,,,,,,,,,
Mundorf,AMT23D6.1-R,,1500,,,,,6.9,,,,,,,,,,,,,,,,,,,,,,,,,,,,,,,,,,,,,,,,,,,,,,,,,,,,,,,,,,,,,,,,,,,
Mundorf,AMT25CM1.1-R,6,1400,,,,,5.9,,64.64,,,,,,,,,,,,,,93,210,,,,,93,,,,,,,,,,,,,,,,,,,,,,,100,130,53,,,,,,,,,,,,,,,,,,,,
Mundorf,AMT25CS2.1-R,,,,,,,7.3,,,,,,,,,,,,,,,,,,,,,,,,,,,,,,,,,,,,,,,,,,,,,,,,,,,,,,,,,,,,,,,,,,,
Mundorf,AMT25CS2.1-R,,,,,,,,,,,,,,,,,,,,,,,,,,,,,,,,,,,,,,,,,,,,,,,,,,,,,,,,,,,,,,,,,,,,,,,,,,
Mundorf,AMT25D1.1,,,,,,,5.6,,,,,,,,,,,,,,,,,,,,,,,,,,,,,,,,,,,,,,,,,,,,,,,,,,,,,,,,,,,,,,,,,,,
Mundorf,AMT25D1.1,,,,,,,,,,,,,,,,,,,,,,,,,,,,,,,,,,,,,,,,,,,,,,,,,,,,,,,,,,,,,,,,,,,,,,,,,,
Mundorf,AMT25D6.1-R,,,,,,,5.6,,,,,,,,,,,,,,,,,,,,,,,,,,,,,,,,,,,,,,,,,,,,,,,,,,,,,,,,,,,,,,,,,,,
Mundorf,AMT27D1.1,,,,,,,13.5,,,,,,,,,,,,,,,,,,,,,,,,,,,,,,,,,,,,,,,,,,,,,,,,,,,,,,,,,,,,,,,,,,,
Mundorf,AMT27D1.1,,,,,,,,,,,,,,,,,,,,,,,,,,,,,,,,,,,,,,,,,,,,,,,,,,,,,,,,,,,,,,,,,,,,,,,,,,
Mundorf,AMT29CM1.1-R,8,1500,,,,,8.5,,,,,,,,,,,,,,,,,,,,,,,,,,,,,,,,,,,,,,,,,,,,,,,,,,,,,,,,,,,,,,,,,,,
Mundorf,AMT29CM1.1-R,,,,,,,,,,,,,,,,,,,,,,,,,,,,,,,,,,,,,,,,,,,,,,,,,,,,,,,,,,,,,,,,,,,,,,,,,,
Mundorf,AMTU110W1.1,6,1750,,,,,5.5,,43.6,,,,,,,,,,,,,,93,20,20,,,,93,,,,,,45,,,,,,,,,,,,,,,,,125,55,45,114,33,,,,,,,,,,,,,,,,,,
Mundorf,AMTU110W1.1-R,6,1750,,,,,,,43.6,,,,,,,,,,,,,,93,,,,,,93,,,,,,,,,,,,,,,,,,,,,,,,,,,,,,,,,,,,,,,,,,,,,
Mundorf,AMTU160W1.1,4,1750,,,,,4.6,,68.1,,,,,,,,,,,,,,93,,15,,,,,,,,,,45,,,,,,,,,,,,,,,,,175,55,,164,33,,,,,,,,,,,,,,,,,,
Mundorf,AMTU160W1.1-R,4,1750,,,,,,,68.1,,,,,,,,,,,,,,93,,,,,,93,,,,,,,,,,,,,,,,,,,,,,,,,,,,,,,,,,,,,,,,,,,,,
Mundorf,AMTU40W1.1,4,,,,,,,,,,,,,,,,,,,,,,92,,,,,,92,,,,,,,,,,,,,,,,,,,,,,,,,,,,,,,,,,,,,,,,,,,,,
Mundorf,AMTU40W1.1,,,,,,,,,,,,,,,,,,,,,,,,,,,,,,,,,,,,,,,,,,,,,,,,,,,,,,,,,,,,,,,,,,,,,,,,,,
Mundorf,AMTU40W1.2,4,3900,,,,,3.7,,13.5,,,,,,,,,,,,,,92,10,10,,,,92,,,,,,45.2,,,,,,,,,,,,,,,,,55.2,55.2,45.2,33.2,33.2,,,,,,,,,,,,,,,,,,
Mundorf,AMTU40W1.2-C,4,3900,,,,,3.7,,13.5,,,,,,,,,,,,,,92,10,80,,,,92,,,80,,,,,,,,,,,,,,,,,,,,80,,,32,44,,,,,,,,,,,,,,,,,,
Mundorf,AMTU60W1.1,4,2350,,,,,4,,20.1,,,,,,,,,,,,,,93,10,10,,,,93,,,,,,45,,,,,,,,,,,,,,,,,75,55,45,64,33,,,,,,,,,,,,,,,,,,
Mundorf,AMTU60W1.1-C,4,2350,,,,,,,20.1,,,,,,,,,,,,,,93,,,,,,93,,,,,,,,,,,,,,,,,,,,,,,,,,,,,,,,,,,,,,,,,,,,,
Mundorf,AMTU80W1.1,4,2150,,,,,4.4,,31.4,,,,,,,,,,,,,,94,,15,,,,,,,,,,45,,,,,,,,,,,,,,,,,,,,84,33,,,,,,,,,,,,,,,,,,
Mundorf,AMTU80W1.1-R,4,2150,,,,,,,31.4,,,,,,,,,,,,,,94,,,,,,94,,,,,,,,,,,,,,,,,,,,,,,,,,,,,,,,,,,,,,,,,,,,,
Mundorf,U40W1.1,4,3900,,,,,3.7,,13.5,,,,,,,,,,,,,,92,,10,,,,,,,,,,42,,,,,,,,,,,,,,,,,55,55,,42,42,,,,,,,,,,,,,,,,,,
Neotera Audio,UF_CBS_295,,20.9,1.45,2.13,4.52,25,3.8,2.93,394,470,,0.12,13,10.8,,,,,,,,,,,,,,,,,,,,,,,,,,,,,,,,,,,,,,,,,,,,,,,,,,,,,,,,,,,,
Peerless,830656,,57,0.59,0.7,3.6,8.774,6.1,0.37,86.6,9.3,,0.833,,,3.46,,,,,,,,,,,,,,,,,,,,,,,,,,,,,,,,,,,,,,,,,,,,,,,,,,,,,,,,,,,
Peerless,830657,,,0.46,0.55,2.74,30.765,,0.38,141,11.5,,1.101,,,3.46,,,,,,,,,,,,,,,,,,,,,,,,,,,,,,,,,,,,,,,,,,,,,,,,,,,,,,,,,,,
Peerless,830668,,,,,,,,,,,,,,,,,,,,,,,,,,,,,,,,,,,,,,,,,,,,,,,,,,,,,,,,,,,,,,,,,,,,,,,,,,
Peerless,830669,,,0.54,0.58,7.1,132.42,,1.12,522.8,74.11,,0.345,,,8.3,,,,,,,,,,,,,,,,,,,,,,,,,,,,,,,,,,,,,,,,,,,,,,,,,,,,,,,,,,,
Peerless,830855,,,,,,,,,,,,,,,,,,,,,,,,,,,,,,,,,,,,,,,,,,,,,,,,,,,,,,,,,,,,,,,,,,,,,,,,,,
Peerless,830860,,56.1,0.41,0.5,2.41,10.6,5.7,0.6,88,8.1,,0.99,1.19,5.7,3.5,,,,,,,,88.3,,,,,,,,,,,,,,,,,,,,,,,,,,,,,,,,,,,,,,,,,,,,,,,,,,,
Peerless,830970,4,147,0.57,0.67,3.9,0.18,,0.03,13.9,1.39,,0.6611,,,1.65,,,,,,,,,,,,,,,,,,,,,,,,,,,,,,,,,,,,,,,,,,,,,,,,,,,,,,,,,,,
Peerless,830983,4,147,0.71,0.81,5.6,0.16,,0.03,15.2,1.64,,0.5023,,,1.65,,,,,,,,,,,,,,,,,,,,,,,,,,,,,,,,,,,,,,,,,,,,,,,,,,,,,,,,,,,
Peerless,830984,6.6,111,0.72,0.83,5.4,0.71,,0.05,22.2,2.03,,1.0152,,,2.05,,,,,,,,,,,,,,,,,,,,,,,,,,,,,,,,,,,,,,,,,,,,,,,,,,,,,,,,,,,
Peerless,830985,4,101,0.63,0.75,4.1,0.61,,0.03,21.2,1.92,,0.963,,,1.65,,,,,,,,,,,,,,,,,,,,,,,,,,,,,,,,,,,,,,,,,,,,,,,,,,,,,,,,,,,
Peerless,835017,,,,,,,,,,,,,,,,,,,,,,,,,,,,,,,,,,,,,,,,,,,,,,,,,,,,,,,,,,,,,,,,,,,,,,,,,,
Peerless,835026,,27,0.41,0.46,4.3,65.96,5.5,0.57,32.4,38.57,,0.8699,,,6.02,,,,,,,,,,,,,,,,,,,,,,,,,,,,,,,,,,,,,,,,,,,,,,,,,,,,,,,,,,,
Peerless,BC20SC15-04,4,1579,2.45,4.99,4.8,0,3.11,0.02,4.5,0.2,,0.0494,,1.13,0.2,,,,,,,,86.7,80,,,,1,86.7,,,66.3,,,,,38.8,,,,,,,,,,,19,,,,,,,,,,,,,,,,,,,,,,,,,,
Peerless,BC25SC08-04,4,1663,1.17,1.53,4.93,0,2.79,0.02,5.1,0.2,,0.0443,,1.98,0,,,,,,,,94.9,100,,,,1,94.9,,,70,,,,,44,,,,,,,,,,,25,,,,,,,,,,,,,,,,,,,,,,,,,,
Peerless,BC25SC55-04,4,1401,1.24,1.83,3.82,0,2.74,0.02,7.1,0.4,,0.0358,,2.18,0,,,,,,,,89.6,100,100,,,1,89.6,,,70,,,29.55,,,,,,,,,25.4,,,2,25,,,,25,,,70,54,,,,,,,,,,,,,,,,,,
Peerless,D19TD05-08,8,1687,0.69,1.94,1.08,0,6.33,0.02,4.2,0.2,,0.0434,,2.66,0.4,,,,,,,,87.5,100,,,,,87.5,,,94,,,,,70,,,,,,,,,,,19,,,,,,,,,,,,,,,,,,,,,,,,,,
Peerless,D26NC56-06,6,1625,0.97,3.59,1.33,0,4.68,0.02,7.1,0.4,,0.0266,,2.19,0.5,,,,,,,,89.3,100,,,,1,89.3,,,70,,,,,45,,,,,,,,,,,26,,,,,,,,,,,,,,,,,,,,,,,,,,
Peerless,d27tg35,,,,,,,,,,,,,,,,,,,,,,,,,,,,,,,,,,,,,,,,,,,,,,,,,,,,,,,,,,,,,,,,,,,,,,,,,,
Peerless,DA25BG08-06,6,710,0.51,0.704,1.78,,5.2,0.024,,,,,,,,,,,,,,,,,,,,,,,,104,,,44,,88,,,,,,,,,,,,25,,,,,,,,,,,,,,,,,,,,,,,,,
Peerless,DA25TX00-08,8,640,0.58,0.829,1.87,,6.9,0.026,,,,,,,,,,,,,,,,,,,,,,,,123,,,75,,90,,,,,,,,,,,,25,,,,,,,,,,,,,,,,,,,,,,,,,
Peerless,DA32TX00-08,8,630,0.46,0.621,1.73,,6.8,0.02,,,,,,,,,,,,,,,,,,,,,,,,132,,,78.6,,,,,,,,,,,,,,32,,,,,,,,,,,,,,,,,,,,,,,,,
Peerless,dq25sc16-04,,,,,,,,,,,,,,,,,,,,,,,,,,,,,,,,,,,,,,,,,,,,,,,,,,,,,,,,,,,,,,,,,,,,,,,,,,
Peerless,DX20BF00,4,822.14,1.27,2.93,2.24,,2.83,0.01,4.9,0.2,,0.1845,,,0.2,,,,,,,,86.9,,60,,,86.9,1,,,,,,40,,49.5,,,,,,,19.3,,,2,,,,,19,,,,,,,,,,,,,,,,,,,,,,
Peerless,GBS-115N25AL01-04,4,,,,,1.79,3.3,0.344,,8.45,,,,4.53,,,,,,,,,82.2,,,,,,,,,,,,,,,,,,,,,,,,,,,,,,,,,,,,,,,,,,,,,,,,,,,
Peerless,GBS-135F25AL02-04,4,63,0.57,0.66,4.12,5.351884005888,3.28,0.21,85.22,12.3,,,,4.92,,,,,,,,,,,,,,,,,127,152.4,,,,,118.872,,,,,,,,,,,,,,,,,,,,,,,,,,,,,,,,,,,,,
Peerless,GBS-200F35CP02-04,4,42,0.44,0.478,5.09,13.9,3.4,2.33,222,71.6,,,,12,6.7,,,,,,,,,,,,,,,,203.2,226,,,56,,186,211,6.4,8,,,,35.5,,,,,,,,,,,,,,,,,,,,,,,,,,,,,,
Peerless,HDS-P835024,,72,0.65,0.82,3.18,5.380200852480001,5.9,0.24,91.6,10.6,,,,5.88,,,,,,,,,,,,,,,,,127,152.4,,,,,120.65,,,,,,,,,,,,,,,,,,,,,,,,,,,,,,,,,,,,,
Peerless,NE315W-04,4,33.15,0.31,0.32,15.6,44.74061761536,2.78,0.38,506.7,,,,,11.12,,,,,,,,,,,,,,,,,304.8,224.028,,,,,186.944,,,,,,,,,,,,,,,,,,,,,,,,,,,,,,,,,,,,,
Peerless,OC25SC65-04,4,1400,1.26,1.83,4.07,0,3,0.02,6.9,0.3,,0.0427,,2.1,0,,,,,,,,93.1,25,25,,,1,93.1,,,41.3,,,,,32.5,,,,,,,25.4,,,2,25,25,,,41.26,,,41.26,38.15,,,,,,,,,,,,,,,,,,
Peerless,OX20SC00-04,4,1025,1.53,1.83,9.46,0,3.28,0.01,4.9,0.2,,0.117,,1.54,0.1,,,,,,,,87.1,80,80,,,1,87.1,,,,,,10.68,,30.2,,,,,,,19.3,,,2,19,,,,70.3,,,,,,,,,,,,,,,,,,,,,,
Peerless,P-830851,,62.6,0.53,0.65,2.95,3.8,6.1,1,,5.8,,1.11,0.78,4.6,3,,,,,,,,84.1,,,,,,84.1,,,,,,,,,,,,,,,,,,,,,,,,,,,,,,,,,,,,,,,,,,,,,
Peerless,P-830869,,,0.31,0.33,4.4,87.41,,0.63,227,24,,1.2079,,8.92,5.5,,,,,,,,1,,,,,1,1,,,,,,,,,,,,,,,,,,,,,,,,,,,,,,,,,,,,,,,,,,,,,
Peerless,P-S00108,,,,,,,,,,,,,,,,,,,,,,,,,,,,,,,,,,,,,,,,,,,,,,,,,,,,,,,,,,,,,,,,,,,,,,,,,,
Peerless,PMT30N18AL04-04,,,,,,,,,,,,,,,,,,,,,,,,,,,,,,,,,,,,,,,,,,,,,,,,,,,,,,,,,,,,,,,,,,,,,,,,,,
Peerless,S00106,,,,,,,,,,,,,,,,,,,,,,,,,,,,,,,,,,,,,,,,,,,,,,,,,,,,,,,,,,,,,,,,,,,,,,,,,,
Peerless,S03-193,,,,,,,,,,,,,,,,,,,,,,,,,,,,,,,,,,,,,,,,,,,,,,,,,,,,,,,,,,,,,,,,,,,,,,,,,,
Peerless,SLS-P830667,6,46,0.75,0.836,7.21,19,5.6,0.829,201,,,0.33,,8.33,11.1,,,,,,,,,,,,,,,,203.2,213,,,111.4,,178,5.2,,8,,,,38.4,,,,,,,,,,,,,,,,,,,,,,,,,,,,,,
Peerless,SLS-P830667,,42,0.66,0.75,5.7,26.334667330560002,5.5,0.78,213.8,34.8,,,,8.26,,,,,,,,,1,,,,,1,1,,203.2,214.376,,,,,172.466,,,,,,,,,,,,,,,,,,,,,,,,,,,,,,,,,,,,,
Peerless,STW-350F188PR01-04,,25.3,0.48,0.5,11.39,58.0495355136,3.2,3.31,774.4,576.8,,0.11,,24.18,10.4,,,,,,,,,,,,,,,,381,381,,,233,,,363,4.2,8,,,,188,,,36,,,,,,,,,,,,,,,,,,,,,,,,,,,
Peerless,TC5FC07-04,,145.74,0.46,0.51,4.41,0.15,3.52,0.08,7.8,0.7,,1.7563,,2.07,2,,,,,,,,1,,,,,1,1,,,,,,,,,,,,,,,,,,,,,,,,,,,,,,,,,,,,,,,,,,,,,
Peerless,TC6FD00-04,4,175,0.98,1.29,4.1,0.226534773,3.5,0.02,15.2,,,0.68,,1.92,1,,,,,,,,,15,,2,,,,,50.8,,,,,,,,,,,,,,,,,,,,,,,,,,,,,,,,,,,,,,,,,,,
Peerless,XT25BG60-04,4,630,0.32,0.43,1.31,,,,,,,,,,,,,,,,,,,,,,,,,,,,,,,,,,,,,,,,,,,,,,,,,,,,,,,,,,,,,,,,,,,,,
Peerless,xt25tg30,,,0.44,0.54,2.5,,,,,,,,,,,,,,,,,,1,,,,,1,1,,,,,,,,,,,,,,,,,,,,,,,,,,,,,,,,,,,,,,,,,,,,,
Peerless Vifa,TC7FD00-04,4,143,0.92,,3.7,,3.2,,,,,,,,,,,,,,,,82,20,,,,,,,60,,,,,,,,,,,,,,,,,,,,,,,,,,,,,,,,,,,,,,,,,,,
Purifi,PTT1.3T04-HAG-001,,,,,,,,,,,,,,,,,,,,,,,,,,,,,,,,,,,,,,,,,,,,,,,,,,,,,,,,,,,,,,,,,,,,,,,,,,
Purifi,PTT1.3T04-HAG-01,4,,,,,,3.5,0.013,,,,,,,,,,,,,,,,,,,,,,,,104,,,,,80,,,,,,,,,,,,33,,,,,,,,,,,,,,,,,,,,,,,,,
Purifi,PTT10X04-NAB-01,4,24,0.33,0.35,5.5,82,3.9,,360,98,,0.44,2.69,12.8,14.75,,,,,,,,,,,,,,,,,,,,,,,,,,,,,,,,,,,,,,,,,,,,,,,,,,,,,,,,,,,
Purifi,PTT4.0PR-NF2-01,,24,,,7,6.4,,,57,30,,1.41,,,14,,79.8,,,,,,,,,,,,,,102,125,,,39.5,,100,115,,6,,,,,,,,,,,,,,,,,,,,,,,,,,,,,,,,,,
Purifi,PTT4.0X08-NFC-01,8,41,0.37,0.41,4.2,5.7,6.4,,56.7,11.7,,1.25,0.73,6.9,8.8,,,,,,,,,,,,,,,,,,,,,,,,,,,,,,,,,,,,,,,,,,,,,,,,,,,,,,,,,,,
Purifi,PTT5.25PR-NF2-01,,20,,,9.9,13,,,85,50,,1.28,,,14,,,,,,,,,,,,,,,,,,,,,,,,,,,,,,,,,,,,,,,,,,,,,,,,,,,,,,,,,,,
Purifi,PTT5.25X04-NFA-01,4,29,0.24,0.25,6.5,13,3.6,,85,23.3,,1.27,0.66,7.9,9.8,,,,,,,,,,,,,,,,,,,,,,,,,,,,,,,,,,,,,,,,,,,,,,,,,,,,,,,,,,,
Purifi,PTT5.25X08-NFA-01,,29,,,,13,,,85,,,,,,,,,,,,,,,,,,,,,,133.35,,,,,,,,,,,,,,,,,,,,,,,,,,,,,,,,,,,,,,,,,,,
Purifi,PTT6.5M04NFA01,,55,0.33,,,13,,,133,,,,,,3.9,,,,,,,,,,,,,,,,,,,,,,,,,,,,,,,,,,,,,,,,,,,,,,,,,,,,,,,,,,,
Purifi,PTT6.5M08NFA01,,57,0.38,,,12,,,133,,,,,,3.9,,,,,,,,,,,,,,,,,,,,,,,,,,,,,,,,,,,,,,,,,,,,,,,,,,,,,,,,,,,
Purifi,PTT6.5PR-NF1-01,,17,,,10.9,26.2,,,133,80,,1.05,,,15,,199.5,,,,,,,,,,,,,,165,176,,,48.7,,144,166,,6,,,,,,,,,,,,,,,,,,,,,,,,,,,,,,,,,,
Purifi,PTT6.5W04-NAA-08,4,33,0.3,0.31,6.2,23.3,3.6,,133,24.5,,0.93,0.83,7.7,5.9,,,,,,,,,,,,,,,,,,,,,,,,,,,,,,,,,,,,,,,,,,,,,,,,,,,,,,,,,,,
Purifi,PTT6.5W04-NFA-01,4,33,0.23,0.27,6.3,28.9,3.7,0.32,132.7,21.1,,,,,,,,,,,,,,,,,,,,1000,165.1,176,,,,,145,,,,,,,,,,,,,,,,,,,,,,,,,,,,,,,,,,,,,
Purifi,PTT6.5W08-NFA-01,8,38.5,0.33,0.35,6.7,22,6.9,0.48,132.7,19.4,,,,,,,,,,,,,,,,,,,,1000,165.1,176,,,,,145,,,,,,,,,,,,,,,,,,,,,,,,,,,,,,,,,,,,,
Purifi,PTT6.5X04-NFA-06,4,30,0.29,0.3,7.3,,3.6,,133,27.4,,1.04,0.7,7.9,9.8,,,,,,,,,,,,,,,,,,,,,,,,,,,,,,,,,,,,,,,,,,,,,,,,,,,,,,,,,,,
Purifi,PTT6.5X08-NAA-08,4,34,0.4,0.42,7.7,20.4,5.9,0.5,132.7,27.2,,,,9,,,,,,,,,,,,,,,,,165.1,,,,,,,,,,,,,,,,,,,,,,,,,,,,,,,,,,,,,,,,,,,
Purifi,PTT6.5X08-NFA-06,8,31,0.34,0.36,5.6,26,5.9,,133,24.9,,1.04,0.88,8.9,9.8,,,,,,,,,,,,,,,,,,,,,,,,,,,,,,,,,,,,,,,,,,,,,,,,,,,,,,,,,,,
Purifi,PTT8.0X04-NAB-02,4,26,0.36,0.38,5.3,70,3.5,,235,43.2,,0.9,1.32,8,9.3,,,,,,,,,,,,,,,,,221,,,,102,193,210,5.2,,5,140,,52,23.6,,5,173,,,,,,,,,,,,,,,,,,,,,,,,,,
Purifi,PTT8.0X04-NAB-02,4,26,0.36,0.38,5.3,70.4,3.5,0.18,235.1,43.2,,0.9,1.32,,9.3,,,,,,,,89,350,,,,,,,203,221,,,,102,193,210,5.2,,5,140,,52,23.6,,5,173,,,,,,,,,,,,,,,,,,,,,,,,,,
Purifi,PTT8.0X08-NAB-02,8,24,0.35,0.37,5.8,74.5,6,0.33,235.1,47.6,,0.95,1.22,,9.3,,,,,,,,86.4,300,,,,,,,203,,,,,,,,,,,,,,,,,173,,,,,,,,,,,,,,,,,,,,,,,,,,
Pyramid,WX65X,4,69.5,0.58,0.82,2.03,8.495053978,3.3,,,,,,,,2,,,,,,,,,150,,,,,,,,,,,,,,,,,,,,,,,,,,,,,,,,,,,,,,,,,,,,,,,,,,
Raal,lazyribbon,,,,,,,,,,,,,,,,,,,,,,,,,,,,,,,,,,,,,,,,,,,,,,,,,,,,,,,,,,,,,,,,,,,,,,,,,,
Raal,RAAL_140-15D-AM,8,,,,,,,,,,,,,,,,,,,,,,,,,,,,,,,,,,,,,,,,,,,,,,,,,,,,,,,,,,,,,,,,,,,,,,,,,
Raal,raal-dipole,8,,,,,,,,,,,,,,,,,,,,,,,,,,,,,,,,,,,,,,,,,,,,,,,,,,,,,,,,,,,,,,,,,,,,,,,,,
Radian Audio,6CRN38LT6,12,82,0.35,0.36,11,9.3,8.3,0.6,138,11.5,,,,11.6,5,,,,,,,,,,,,,,,,165.1,187,,,124,,149,172,5.8,4,,,,38,,,,,,,,,,,,,,,,,,,,,,,,,,,,,,
SB Acoustics,AT60NC-4,4,2220,,,,,3.9,,12.6,,,,,,,,,,,,,,91,,,,,,91,,,,,,,,,,,,,,,,,,,,,,,,,,68,68,,,,,,,,,,,,,,,,,,
SB Acoustics,Bianco-75CD-T,8,,,,,,7,,,,,,,,,,,,,,,,109,,,,,109,,,,,,,,,,,,,,,,,,,,,,,,,,,,,,,,,,,,,,,,,,,,,,
SB Acoustics,DW-50,,,,,,,,,,,,,,,,,,,,,,,,,,,,,,,,,,,,,,,,,,,,,,,,,,,,,,,,,,,,,,,,,,,,,,,,,,
SB Acoustics,Grill-Satori-13,,,,,,,,,,,,,,,,,,,,,,,,,,,,,,,,,,,,,,,,,,,,,,,,,,,,,,,,,,,,,,,,,,,,,,,,,,
SB Acoustics,Grill-Satori-16,,,,,,,,,,,,,,,,,,,,,,,,,,,,,,,,,,,,,,,,,,,,,,,,,,,,,,,,,,,,,,,,,,,,,,,,,,
SB Acoustics,Grill-Satori-19,,,,,,,,,,,,,,,,,,,,,,,,,,,,,,,,,,,,,,,,,,,,,,,,,,,,,,,,,,,,,,,,,,,,,,,,,,
SB Acoustics,Grill-Satori-24,,,,,,,,,,,,,,,,,,,,,,,,,,,,,,,,,,,,,,,,,,,,,,,,,,,,,,,,,,,,,,,,,,,,,,,,,,
SB Acoustics,Grill-TW29,,,,,,,,,,,,,,,,,,,,,,,,,,,,,,,,,,,,,,,,,,,,,,,,,,,,,,,,,,,,,,,,,,,,,,,,,,
SB Acoustics,MD60N-6,6,450,,,,,5.3,0.14,32,2,,,,7.2,0.5,,,,,,,,94,,,,,,94,,,130,,,,,,,,,,,,,,,,,,,,,,,,,,,,,,,,,,,,,,,,,,
SB Acoustics,MR13P-8,8,45,0.31,0.33,4.25,12.5,6.8,0.11,70,6,,1.86,0.4,6.1,,,,6,,,,,88,,,,,,88,,,132,,,,,,,,,,,,30.5,11,,5,,,,,,,,,,,,,,,,,,,,,,,,,,,
SB Acoustics,MR13PNW-4,4,41,0.23,0.25,2.8,19.4,3.3,0.11,70,5.4,,2.79,0.5,4.3,,,,6,,,,,91,,,,,,91,,127,132,,,,,,,,,,,,30.5,11,,5,,,,,,,,,,,,,,,,,,,,,,,,,,,
SB Acoustics,MR13PNW-8,8,45,0.31,0.33,4.25,12.5,6.8,0.11,70,6,,1.86,0.4,6.1,,,,6,,,,,88,,,,,,88,,127,132,,,,,,,,,,,,30.5,11,,5,,,,,,,,,,,,,,,,,,,,,,,,,,,
SB Acoustics,MR13TX-4,4,44,0.27,0.28,4.98,12.2,3.4,0.11,69,7.2,,1.81,0.4,4.9,,,,6,,,,,90,,,,,,90,,,,,,,,,,,,,,,30.5,,,5,,,,,,,,,,,,,,,,,,,,,,,,,,,
SB Acoustics,MR16P-8,8,32,0.3,0.32,5.11,44.3,6.2,0.11,119,10.6,,2.3,0.4,6.5,,,,6.2,,,,,88,,,,,,88,,,165,,,,,,,,,,,,35.5,,,5,,,,,,,,,,,,,,,,,,,,,,,,,,,
SB Acoustics,MR16PNW-4,4,31,0.25,0.26,4.85,47.2,3.2,0.11,119,11.2,,2.35,0.45,5.2,,,,6.2,,,,,91,,,,,,91,,165.1,165,,,,,,,,,,,,35.5,,,5,,,,,,,,,,,,,,,,,,,,,,,,,,,
SB Acoustics,MR16PNW-8,8,31,0.32,0.34,5.75,44.8,6.2,0.11,119,11.8,,2.23,0.4,6.5,,,,6.2,,,,,88.5,,,,,,88.5,,165.1,165,,,,,,,,,,,,35.5,,,5,,,,,,,,,,,,,,,,,,,,,,,,,,,
SB Acoustics,MR16TX-8,8,35,0.31,0.32,6.47,38.9,6.2,0.11,117,10.3,,2,0.35,6.6,,,,5.7,,,,,89,,,,,,89,,,,,,,,,,,,,,,35.5,,,5,,,,,,,,,,,,,,,,,,,,,,,,,,,
SB Acoustics,MT19CP-8,8,43,0.31,0.33,6.54,37.1,6.5,0.12,152,12.1,,1.13,0.5,8.05,,,,7.2,,,,,90,,,,,,90,,,187,,,,,,,,,,,,,,,,,,,,,,,,,,,,,,,,,,,,,,,,,,
SB Acoustics,MW13P-4,4,41,0.27,0.29,3.71,14.6,3.8,0.13,70,7.2,,2.09,0.5,4.9,,,,10,,,,,89,,,,,,89,,127,132,,,,,,,,,,,,30.5,15,,5,,,,,,,,,,,,,,,,,,,,,,,,,,,
SB Acoustics,MW13P-8,8,41.5,0.3,0.33,3.55,15,6,0.15,70,6.8,,2.16,0.5,5.7,,,,10,,,,,87,,,,,,87,,,132,,,,,,,,,,,,30.5,15,,5,,,,,,,,,,,,,,,,,,,,,,,,,,,
SB Acoustics,MW13PNW-4,4,41,0.27,0.29,3.71,14.6,3.8,0.13,70,7.2,,2.09,0.5,4.9,,,,10,,,,,89,,,,,,89,,127,132,,,,,,,,,,,,30.5,15,,5,,,,,,,,,,,,,,,,,,,,,,,,,,,
SB Acoustics,MW13PNW-8,8,41.5,0.3,0.33,3.55,15,6,0.15,70,6.8,,2.16,0.5,5.7,,,,10,,,,,87,,,,,,87,,127,132,,,,,,,,,,,,30.5,15,,5,,,,,,,,,,,,,,,,,,,,,,,,,,,
SB Acoustics,MW13TX-4,4,38,0.26,0.27,5.08,16,3.8,0.16,70,7.4,,2.38,0.3,5,,,,10,,,,,89,,,,,,89,,,132,,,,,,,,,,,,,,,,,,,,,,,,,,,,,,,,,,,,,,,,,,
SB Acoustics,MW13TX-8,8,40,0.32,0.34,4.99,14.8,6,0.18,70,7.3,,2.19,0.4,5.7,,,,10,,,,,87,,,,,,87,,127,132,,,,,,,,,,,,,,,,,,,,,,,,,,,,,,,,,,,,,,,,,,
SB Acoustics,MW16P-12,12,30.6,0.37,0.4,4.81,47.3,10,0.19,119,11.5,,2.35,0.46,7.4,,,,12.4,,,,,85,,,,,,85,,,,,,,,,,,,,,,35.5,17.35,,5,,,,,,,,,,,,,,,,,,,,,,,,,,,
SB Acoustics,MW16P-4,4,28,0.27,0.28,5,50.2,3.4,0.2,119,12.8,,2.5,0.45,5.2,,,,12,,,,,90.5,,,,,,90.5,,,165,,,,,,,,,,,,36,17,,5,,,,,,,,,,,,,,,,,,,,,,,,,,,
SB Acoustics,MW16P-8,8,29,0.33,0.35,4.5,48,6.2,0.2,119,12.4,,2.4,0.5,6.3,,,,12,,,,,87.5,,,,,,87.5,,,165,,,,,,,,,,,,36,17,,5,,,,,,,,,,,,,,,,,,,,,,,,,,,
SB Acoustics,MW16PNW-4,4,28,0.27,0.28,5,50.2,3.4,0.2,119,12.8,,2.5,0.45,5.2,,,,12,,,,,90.5,,,,,,90.5,,152.4,165,,,,,,,,,,,,36,17,,5,,,,,,,,,,,,,,,,,,,,,,,,,,,
SB Acoustics,MW16PNW-8,8,29,0.33,0.35,4.5,48,6.2,0.2,119,12.4,,2.4,0.5,6.3,,,,12,,,,,87.5,,,,,,87.5,,152.4,165,,,,,,,,,,,,36,17,,5,,,,,,,,,,,,,,,,,,,,,,,,,,,
SB Acoustics,MW16TX-4,4,29,0.27,0.29,5,48,3.4,0.15,119,12.6,,2.39,0.46,5.2,,,,12,,,,,90.5,,,,,,90.5,,165.1,165,,,,,,,,,,,,,,,,,,,,,,,,,,,,,,,,,,,,,,,,,,
SB Acoustics,MW16TX-8,8,29.3,0.33,0.35,4.7,48,6.2,0.2,119,12.3,,2.4,0.48,6.3,,,,12,,,,,87.5,,,,,,87.5,,165.1,165,,,,,,,,,,,,,,,,,,,,,,,,,,,,,,,,,,,,,,,,,,
SB Acoustics,MW19P-4,4,29,0.24,0.26,4.53,61,3.4,0.14,158,17.4,,1.73,0.7,6.5,,,,13.6,,,,,91.5,,70,,,,91.5,,190.5,187,,,101.4,,163,,,,,,,39,19.6,,6,,,,,187,,,,,,,,,,,,,,,,,,,,,,
SB Acoustics,MW19P-8,8,32.5,0.33,0.36,4.06,48,6,0.2,158,17.9,,1.35,0.9,7.8,,,,13.4,,,,,89,,,,,,89,,190.5,187,,,,,,,,,,,,39,19.4,,6,,,,,,,,,,,,,,,,,,,,,,,,,,,
SB Acoustics,MW19PNW-4,4,32,0.28,0.3,4.11,48,3.4,0.14,158,18.4,,1.35,0.9,6.5,,,,13.6,,,,,91.5,,,,,,91.5,,,187,,,,,,,,,,,,39,19.6,,6,,,,,,,,,,,,,,,,,,,,,,,,,,,
SB Acoustics,MW19PNW-8,8,32.5,0.33,0.36,4.06,48,6,0.2,158,17.9,,1.35,0.9,7.8,,,,13.4,,,,,89,,,,,,89,,,187,,,,,,,,,,,,39,19.4,,6,,,,,,,,,,,,,,,,,,,,,,,,,,,
SB Acoustics,MW19TX-4,4,32,0.27,0.28,5.43,53.2,3.4,0.14,158,16.2,,1.52,0.6,6.3,,,,13.6,,,,,93,,,,,,93,,190.5,187,,,,,,,,,,,,,,,,,,,,,,,,,,,,,,,,,,,,,,,,,,
SB Acoustics,MW19TX-8,8,33,0.33,0.35,6.47,53.4,6,0.2,158,15.6,,1.52,0.5,7.5,,,,13.4,,,,,90,,,,,,90,,,187,,,,,,,,,,,,,,,,,,,,,,,,,,,,,,,,,,,,,,,,,,
SB Acoustics,SB10PGC21-4,4,89,0.92,1.01,11.2,1.2,3.4,0.15,27,2.8,,1.14,0.14,2.3,,,,4.5,,,,,84,,,,,,84,20000,,,,,,,,,,,,,,20.4,7.5,,3,,,,,,,,,,,,,,,,,,,,,,,,,,,
SB Acoustics,SB12CACS25-04,4,51,0.31,0.33,4.89,5.7,3.1,0.26,50,6.1,,1.6,0.4,4.3,,,,10,,,,,88,,,,,,88,,,,,,,,,,,,,,,,,,,,,,,,,,,,,,,,,,,,,,,,,,,,,
SB Acoustics,SB12CACS25-08,8,51,0.37,0.4,4.85,6.5,6.4,0.34,50,5.3,,1.84,0.35,5.2,,,,10,,,,,85.5,,,,,,85.5,,,,,,,,,,,,,,,,,,,,,,,,,,,,,,,,,,,,,,,,,,,,,
SB Acoustics,SB12CACS25-4,4,51,0.31,0.33,4.89,5.7,3.1,0.26,50,6.1,,1.6,0.4,4.3,,,,10,,,,,88,,,,,,88,,,123,,,,,,,,,,,,25.4,15,,5,,,,,,,,,,,,,,,,,,,,,,,,,,,
SB Acoustics,SB12CACS25-8,8,51,0.37,0.4,4.85,6.5,6.4,0.34,50,5.3,,1.84,0.35,5.2,,,,10,,,,,85.5,,,,,,85.5,,,123,,,,,,,,,,,,25.4,15,,5,,,,,,,,,,,,,,,,,,,,,,,,,,,
SB Acoustics,SB12MNRX2-25-04,,63.5,0.32,0.35,4.19,5.3,,0.15,50,4.2,,1.5,0.4,3.9,,,,4.4,,,,,90.5,,,,,,90.5,,,,,,,,,,,,,,,,,,,,,,,,,,,,,,,,,,,,,,,,,,,,,
SB Acoustics,SB12MNRX2-25-4,4,58,0.27,0.29,3.6,6.3,3.2,0.15,50,4.1,,1.77,0.4,4.1,,,,4.4,,,,,91,,,,,,91,,,123,,,,,,,,,,,,25.4,9.5,,5,,,,,,,,,,,,,,,,,,,,,,,,,,,
SB Acoustics,sb12nrx25-04,4,55,0.4,0.46,3.2,5.6,3.1,0.14,50.3,,,1.57,,3.6,,,,10,,,,,87.5,,,,,,87.5,,,,,,,,,,,,,,,,,,,,,,,,,,,,,,,,,,,,,,,,,,,,,
SB Acoustics,SB12NRX25-08,,57,0.37,0.41,4.1,5.3,,0.34,50,5.2,,1.49,0.45,5.4,,,,10,,,,,85.5,,,,,,85.5,,,,,,,,,,,,,,,,,,,,,,,,,,,,,,,,,,,,,,,,,,,,,
SB Acoustics,SB12NRX25-4,4,55,0.4,0.46,3.2,5.6,3.1,0.14,50,5.6,,1.57,0.6,3.6,,,,10,,,,,87.5,,,,,,87.5,,,123,,,,,,,,,,,,25.4,15,,5,,,,,,,,,,,,,,,,,,,,,,,,,,,
SB Acoustics,SB12NRX25-8,8,57,0.37,0.41,4.1,5.3,6.4,0.34,50,5.2,,1.49,0.45,5.4,,,,10,,,,,85.5,,,,,,85.5,,101.6,123,,,,,,,,,,,,25.4,15,,5,,,,,,,,,,,,,,,,,,,,,,,,,,,
SB Acoustics,SB12NRXF25-4,4,61,0.48,0.53,5.3,4.1,3.1,0.27,50,5.8,,1.17,0.42,3.6,,,,10,,,,,87,,,,,,87,,,123,,,,,,,,,,,,25.4,15,,5,,,,,,,,,,,,,,,,,,,,,,,,,,,
SB Acoustics,SB12NRXF25-8,8,63,0.42,0.46,5.4,4.2,6.4,0.34,50,5.5,,1.18,0.4,5.5,,,,10,,,,,85,,,,,,85,,,123,,,,,,,,,,,,25.4,15,,5,,,,,,,,,,,,,,,,,,,,,,,,,,,
SB Acoustics,SB12PAC-00,,33,,,12.4,4.3,,,50,19.2,,1.21,0.32,,,9,,,,,,,,,,,,,,,,,,,,,,,,,,,,,,,,,,,,,,,,,,,,,,,,,,,,,,,,,,
SB Acoustics,SB12PAC25-4,4,52.5,0.31,0.33,5,5.3,3.1,0.25,50,6.1,,1.5,0.4,4.35,,,,10,,,,,87,,,,,,87,,,112.5,,,,,,,,,,,,25.4,15,,5,,,,,,,,,,,,,,,,,,,,,,,,,,,
SB Acoustics,SB12PACR-00,,33,,,12.4,4.3,,,,19.2,,1.21,,,,9,,,,,,,,,,,,,,,,,,,,,,,,,,,,,,,,,,,,,,,,,,,,,,,,,,,,,,,,,,
SB Acoustics,SB12PACR25-00,,33,,,12.4,4.3,,,50,19.2,,1.21,0.32,,,9,,,,,,,,,,,,,,,,122,,,,,,,,,,,,,,,,,,,,,,,,,,,,,,,,,,,,,,,,,,
SB Acoustics,SB12PACR25-4,4,52.5,0.31,0.33,5,5.3,3.1,0.25,50,6.1,,1.5,0.4,4.35,,,,10,,,,,87,,,,,,87,,,,,,,,,,,,,,,25.4,15,,5,,,,,,,,,,,,,,,,,,,,,,,,,,,
SB Acoustics,SB12PACR25-4,4,52.5,0.31,0.33,5,5.3,3.1,0.25,50,6.1,,1.5,0.4,4.35,,,,10,,,,,87,,,,,,87,,,122,,,,,,,,,,,,,,,,,,,,,,,,,,,,,,,,,,,,,,,,,,
SB Acoustics,SB12PACR25-4-COAX,4,55,0.35,0.38,4.84,4.3,3.1,0.25,45,5.6,,1.49,0.4,4,,,,10,,,,,87.5,,,,,,87.5,,,122,,,,,,,,,,,,25.4,15,,5,,,,,,,,,,12.4,1.2,1.5,,,,,,,,,,,,,,,
SB Acoustics,SB12PFC-00,,34,,,12.5,4.2,,,50,18.8,,1.2,0.32,,,9,,,,,,,,,,,,,,,,,,,,,,,,,,,,,,,,,,,,,,,,,,,,,,,,,,,,,,,,,,
SB Acoustics,SB12PFC25-4,4,58,0.43,0.49,3.4,5.2,3.1,0.26,50,5.3,,1.47,0.6,3.5,,,,10,,,,,87.5,,,,,,87.5,,,,,,,,,,,,,,,25.4,15,,5,,,,,,,,,,,,,,,,,,,,,,,,,,,
SB Acoustics,SB12PFC25-4-Coax,4,58,0.33,0.36,4.07,4.8,3.1,0.26,45,4.5,,1.66,0.4,3.8,,,,10,,,,,87,,,,,,87,,101.6,,,,,,,,,,,,,25.4,15,,5,,,,,,,,,,12.4,1.2,1.5,,,,,,,,,,,,,,,
SB Acoustics,SB12PFC25R-08,,59,0.48,0.55,3.63,5.3,,0.36,50,4.9,,1.48,0.5,4.6,,,,10,,,,,84,,,,,,84,,,,,,,,,,,,,,,,,,,,,,,,,,,,,,,,,,,,,,,,,,,,,
SB Acoustics,SB12PFCR-00,,34,,,12.5,4.2,,,50,18.8,,1.2,0.32,,,9,,,,,,,,,,,,,,,,,,,,,,,,,,,,,,,,,,,,,,,,,,,,,,,,,,,,,,,,,,
SB Acoustics,SB12PFCR25-04,,58,0.43,0.49,3.4,5.2,,0.26,50,5.3,,1.42,0.6,3.5,,,,9.8,,,,,87.5,,,,,,87.5,,,,,,,,,,,,,,,,,,,,,,,,,,,,,,,,,,,,,,,,,,,,,
SB Acoustics,SB12PFCR25-4,4,58,0.43,0.49,3.4,5.2,3.1,0.26,50,5.3,,1.47,0.6,3.5,,,,10,,,,,87.5,,,,,,87.5,,,122,,,,,,,,,,,,25.4,15,,5,,,,,,,,,,,,,,,,,,,,,,,,,,,
SB Acoustics,SB12PFCR25-4-COAX,4,58,0.33,0.36,4.07,4.8,3.1,0.26,45,4.5,,1.66,0.4,3.8,,,,10,,,,,87,,,,,,87,,,122,,,,,,,,,,,,25.4,15,,5,,,,,,,,,,12.4,1.2,1.5,,,,,,,,,,,,,,,
SB Acoustics,SB12PFCR25-8,8,64,0.56,0.65,4.1,4.3,6.4,0.36,50,5.1,,1.21,0.5,4.5,,,,10,,,,,84.5,,,,,,84.5,,,122,,,,,,,,,,,,25.4,15,,5,,,,,,,,,,,,,,,,,,,,,,,,,,,
SB Acoustics,SB13PFC25-08,8,45,0.33,0.39,2.2,13.4,5.6,0.77,87,10,,1.25,1.4,6.2,,,,9,,,,,87,,,,,,87,,,,,,,,,,,,,,,,,,,,,,,,,,,,,,,,,,,,,,,,,,,,,
SB Acoustics,SB13PFC25-4,4,44,0.29,0.33,2.6,13.4,3.2,0.56,87,10.5,,1.25,1.1,5.3,,,,9,,,,,89,,,,,,89,,,,,,,,,,,,,,,25.4,14,,5,,,,,,,,,,,,,,,,,,,,,,,,,,,
SB Acoustics,SB13PFC25-4-Coax,4,43,0.27,0.3,2.26,14.4,3.2,0.3,82,9.1,,1.51,1.1,5.1,,,,9.3,,,,,90,,,,,,90,,127,,,,,,,,,,,,,25.4,14.3,,5,,,,,,,,,,12.4,1.2,1.5,,,,,,,,,,,,,,,
SB Acoustics,SB13PFC25-8,8,45,0.33,0.39,2.2,13.4,5.6,0.77,87,10,,1.25,1.4,6.2,,,,9,,,,,87,,,,,,87,,,,,,,,,,,,,,,25.4,14,,5,,,,,,,,,,,,,,,,,,,,,,,,,,,
SB Acoustics,SB13PFCR-00,,23,,,5.9,14.2,,,87,36,,1.33,0.88,,,10,,,,,,,,,,,,,,,,,,,,,,,,,,,,,,,,,,,,,,,,,,,,,,,,,,,,,,,,,,
SB Acoustics,SB13PFCR25-04,,,,,,,,,,,,,,,,,,,,,,,,,,,,,,,,,,,,,,,,,,,,,,,,,,,,,,,,,,,,,,,,,,,,,,,,,,
SB Acoustics,SB13PFCR25-08,,45,0.33,0.39,2.2,13.4,,0.77,87,10,,1.25,1.4,6.2,,,,9,,,,,87,,,,,,87,,,,,,,,,,,,,,,,,,,,,,,,,,,,,,,,,,,,,,,,,,,,,
SB Acoustics,SB13PFCR25-4 COAX,4,43,0.27,0.3,2.26,14.4,3.2,0.3,82,9.1,,1.51,1.1,5.1,,,,9.3,,,,,90,,,,,,90,,,150.5,,,,,,,,,,,,25.4,14.3,,5,,,,,,,,,,12.4,1.2,1.5,,,,,,,,,,,,,,,
SB Acoustics,SB13PFCR25-8,8,45,0.33,0.39,2.2,13.4,5.6,0.77,87,10,,1.25,1.4,6.2,,,,9,,,,,87,,,,,,87,,,,,,,,,,,,,,,25.4,14,,5,,,,,,,,,,,,,,,,,,,,,,,,,,,
SB Acoustics,SB13PFCR25-8,8,45,0.33,0.39,2.2,13.4,5.6,0.77,87,10,,1.25,1.4,6.2,,,,9,,,,,87,,,,,,87,,,150,,,,,,,,,,,,,,,,,,,,,,,,,,,,,,,,,,,,,,,,,,
SB Acoustics,SB14ST-C000-4,4,1300,,,,,3,0.04,2.2,0.11,,,,0.92,,,,0.3,,,,,86,,,,,,86,,,24,,,,,,,,,,,,12.4,1.2,,1.5,19,,,,,,,,,,,,,,,,,,,,,,,,,,
SB Acoustics,SB15BAC30-8COAX,8,43,0.36,0.39,4.8,17.5,5.7,0.13,80,7.1,,1.93,0.4,5.3,,,,6,,,,,86,,,,,,86,,,,,,,,,,,,,,,30.5,11,,5,,,,,,,,,,19.1,1.8,2.5,,,,,,,,,,,,,,,
SB Acoustics,SB15CAC30-4,4,32.5,0.31,0.34,4.61,20.2,3.1,0.12,82,11.3,,2.12,0.5,4.6,,,,10,,,,,88,,,,,,88,,,150,,,,,,,,,,,,30.5,15,,5,,,,,,,,,,,,,,,,,,,,,,,,,,,
SB Acoustics,SB15CAC30-8,8,35.5,0.38,0.42,4.77,17.9,5.7,0.14,82,10.7,,1.88,0.5,5.7,,,,10,,,,,86,,,,,,86,,127,150,,,,,,,,,,,,30.5,15,,5,,,,,,,,,,,,,,,,,,,,,,,,,,,
SB Acoustics,SB15CRC30-4,4,37,0.32,0.36,3.39,17.3,3.1,0.12,82,10.2,,1.81,0.7,4.55,,,,11,,,,,88.5,,,,,,88.5,,,150,,,,,,,,,,,,,,,,,,,,,,,,,,,,,,,,,,,,,,,,,,
SB Acoustics,SB15CRC30-8,8,40,0.41,0.46,3.52,14.9,5.9,0.14,82,9.8,,1.62,0.7,5.6,,,,11,,,,,86,,,,,,86,,127,150,,,,,,,,,,,,,,,,,,,,,,,,,,,,,,,,,,,,,,,,,,
SB Acoustics,SB15MFC30-4,4,35.5,0.28,0.3,5.26,19.4,3.1,0.12,82,9.9,,2.03,0.42,4.8,,,,10,,,,,90,,,,,,90,,,150,,,,,,,,,,,,30.5,15,,5,,,,,,,,,,,,,,,,,,,,,,,,,,,
SB Acoustics,SB15MFC30-8,8,39,0.37,0.4,4.4,17.7,5.7,0.14,82,9,,1.85,0.5,5.6,,,,10,,,,,87,,,,,,87,,,150,,,,,,,,,,,,30.5,15,,5,,,,,,,,,,,,,,,,,,,,,,,,,,,
SB Acoustics,SB15NAC30-4,4,35,0.3,0.32,5.65,18.3,3.1,0.12,82,10.8,,1.91,0.42,4.8,,,,10,,,,,88.5,,,,,,88.5,,,,,,,,,,,,,,,30.5,15,,5,,,,,,,,,,,,,,,,,,,,,,,,,,,
SB Acoustics,SB15NAC30-8,8,35.5,0.37,0.39,6,17.7,5.7,0.14,82,10.8,,1.86,0.4,5.9,,,,10,,,,,85.5,,,,,,85.5,,127,,,,,,,,,,,,,30.5,14,,5,,,,,,,,,,,,,,,,,,,,,,,,,,,
SB Acoustics,SB15NBAC30-4,4,33,0.29,0.31,4.4,21,3.1,0.12,82,10.6,,2.2,0.5,4.7,,,,10,,,,,88,,,,,,88,,127,150,,,,,,,,,,,,30.5,15,,5,,,,,,,,,,,,,,,,,,,,,,,,,,,
SB Acoustics,SB15NBAC30-8,8,35.5,0.37,0.39,6,17.7,5.7,0.14,82,10.8,,1.86,0.4,5.9,,,,10,,,,,85.5,,,,,,85.5,,,150,,,,,,,,,,,,30.5,14,,5,,,,,,,,,,,,,,,,,,,,,,,,,,,
SB Acoustics,SB15NRX2C30-4,4,36,0.29,0.31,4.53,18.6,3.1,0.12,82,9.7,,1.99,0.5,4.7,,,,10,,,,,89,,,,,,89,,,150,,,,,,,,,,,,30.5,15,,5,,,,,,,,,,,,,,,,,,,,,,,,,,,
SB Acoustics,SB15NRX2C30-8,8,39,0.36,0.4,4.18,16.9,5.9,0.14,82,9.2,,1.8,0.5,5.8,,,,10,,,,,86,,,,,,86,,,150,,,,,,,,,,,,30.5,15,,5,,,,,,,,,,,,,,,,,,,,,,,,,,,
SB Acoustics,SB15NRXC30-4,4,41,0.29,0.31,5.3,16.7,3.1,0.12,82,8.6,,1.75,0.42,4.7,,,,10,,,,,91,,,,,,91,,,,,,,,,,,,,,,30.5,15,,5,,,,,,,,,,,,,,,,,,,,,,,,,,,
SB Acoustics,SB15NRXC30-8,8,38,0.33,0.35,4.8,20.7,5.7,0.14,82,8.1,,2.17,0.4,5.6,,,,10,,,,,88,,,,,,88,,127,,,,,,,,,,,,,30.5,15,,5,,,,,,,,,,,,,,,,,,,,,,,,,,,
SB Acoustics,SB15SFCR-00,,21,,,2.7,41.8,,,178,62,,0.93,0.48,,11,11,,,,,,,,,,,,,,,,,,,,,,,,,,,,,,,,,,,,,,,,,,,,,,,,,,,,,,,,,,
SB Acoustics,SB15SFCR39-4,4,31.5,0.33,0.34,7.9,47.7,3.5,0.88,178,24,,1.06,0.6,7,,,,11,,,,,89.5,,,,,,89.5,,,,,,,,,,,,,,,38.5,17,,6,,,,,,,,,,,,,,,,,,,,,,,,,,,
SB Acoustics,SB15SFCR39-8,8,31,0.42,0.45,6.46,51,6.2,1.3,178,23.2,,1.13,0.7,7.9,,,,10,,,,,87,,,,,,87,,203.2,,,,,,,,,,,,,38.5,16,,6,,,,,,,,,,,,,,,,,,,,,,,,,,,
SB Acoustics,SB16FRPC25-7,,,,,,,,,,,,,,,,,,,,,,,,,,,,,,,,,,,,,,,,,,,,,,,,,,,,,,,,,,,,,,,,,,,,,,,,,,
SB Acoustics,SB16PFC25-4,4,35,0.34,0.39,2.76,32.7,3.2,0.56,124,13.8,,1.5,1.1,5,,,,9,,,,,89.5,,,,,,89.5,,,,,,,,,,,,,,,25.4,14,,5,,,,,,,,,,,,,,,,,,,,,,,,,,,
SB Acoustics,SB16PFC25-4-Coax,4,36,0.31,0.35,2.6,31.3,3.2,0.31,119,12.5,,1.56,1.1,5.1,,,,9.3,,,,,90,,,,,,90,,,,,,,,,,,,,,,25.4,14.3,,5,,,,,,,,,,12.4,1.2,1.5,,,,,,,,,,,,,,,
SB Acoustics,SB16PFC25-8,8,38,0.4,0.48,2.5,27,5.6,0.77,124,13.8,,1.25,1.4,6.2,,,,9,,,,,87,,,,,,87,,,,,,,,,,,,,,,25.4,14,,5,,,,,,,,,,,,,,,,,,,,,,,,,,,
SB Acoustics,SB16PFC25R-4,,35,0.34,0.39,2.76,32.7,,0.56,124,13.8,,1.5,1.1,5,,,,9,,,,,89.5,,,,,,89.5,,,,,,,,,,,,,,,,,,,,,,,,,,,,,,,,,,,,,,,,,,,,,
SB Acoustics,SB16PFC25R-4 COAX,4,36,0.31,0.35,2.6,31.3,3.2,0.31,119,12.5,,1.56,1.1,5.1,,,,9.3,,,,,90,,,,,,90,,,,,,,,,,,,,,,,,,,,,,,,,,,,,,,,,,,,,,,,,,,,,
SB Acoustics,SB16PFC25R-8,8,38,0.4,0.48,2.5,27,5.6,0.77,124,13.8,,1.25,1.4,6.2,,,,9,,,,,87,,,,,,87,,,,,,,,,,,,,,,,,,,,,,,,,,,,,,,,,,,,,,,,,,,,,
SB Acoustics,SB16PFCR-00,,22,,,4.4,30,,,124,38,,1.4,1.2,,,10,,,,,,,,,,,,,,,,,,,,,,,,,,,,,,,,,,,,,,,,,,,,,,,,,,,,,,,,,,
SB Acoustics,SB16PFCR25-4,4,35,0.34,0.39,2.76,32.7,3.2,0.56,124,13.8,,1.5,1.1,5,,,,9,,,,,89.5,,,,,,89.5,,,176,,,,,,,,,,,,25.4,14,,5,,,,,,,,,,,,,,,,,,,,,,,,,,,
SB Acoustics,SB16PFCR25-8,8,38,0.4,0.48,2.5,27,5.6,0.77,124,13.8,,1.25,1.4,6.2,,,,9,,,,,87,,,,,,87,,,176,,,,,,,,,,,,25.4,14,,5,,,,,,,,,,,,,,,,,,,,,,,,,,,
SB Acoustics,SB17CAC35-4,4,29.5,0.29,0.31,4.7,37.8,3.1,0.13,118,15.2,,1.91,0.6,5.3,,,,11,,,,,90,,,,,,90,,152.4,171,,,,,,,,,,,,35.5,16,,5,,,,,,,,,,,,,,,,,,,,,,,,,,,
SB Acoustics,SB17CRC35-04,4,31.5,0.32,0.35,4.32,35.5,3.1,0.13,118,14.2,,,0.65,5,,,,11,,,,,90,,,,,,90,,,,,,,,,,,,,,,,,,,,,,,,,,,,,,,,,,,,,,,,,,,,,
SB Acoustics,SB17CRC35-08,8,28,0.34,0.37,3.9,48,5.7,0.15,118,13.3,,,0.6,6,,,,11,,,,,87,,,,,,87,,,,,,,,,,,,,,,,,,,,,,,,,,,,,,,,,,,,,,,,,,,,,
SB Acoustics,SB17CRC35-4,4,31.5,0.32,0.35,4.32,35.5,3.1,0.13,118,14.2,,1.8,0.65,5,,,,11,,,,,90,,,,,,90,,152.4,171,,,,,,,,,,,,35.5,16,,5,,,,,,,,,,,,,,,,,,,,,,,,,,,
SB Acoustics,SB17CRC35-8,8,28,0.34,0.37,3.9,48,5.7,0.15,118,13.3,,2.43,0.6,6,,,,11,,,,,87,,,,,,87,,152.4,171,,,,,,,,,,,,35.5,16,,5,,,,,,,,,,,,,,,,,,,,,,,,,,,
SB Acoustics,SB17MFC35-4,4,30,0.28,0.3,5.2,45,3.1,0.13,118,12.3,,2.29,0.45,4.9,,,,11,,,,,90,,,,,,90,,152.4,171,,,,,146,,,,,,,35.5,16,,5,,,,,,,,,,,,,,,,,,,,,,,,,,,
SB Acoustics,SB17MFC35-8,8,33,0.37,0.4,4.9,39,5.7,0.15,118,11.8,,1.97,0.5,5.9,,,,11,,,,,88,,,,,,88,,152.4,171,,,,,146,,,,,,,35.5,16,,5,,,,,,,,,,,,,,,,,,,,,,,,,,,
SB Acoustics,SB17NAC35-4,4,32,0.32,0.34,5.95,33,3.1,0.13,118,14.8,,1.67,0.5,5.2,,,,11,,,,,90,,,,,,90,,152.4,,,,,,,,,,,,,35.5,16,,5,,,,,,,,,,,,,,,,,,,,,,,,,,,
SB Acoustics,SB17NAC35-8,8,31.5,0.42,0.45,6,33,5.7,0.15,118,15.2,,1.68,0.5,6.2,,,,11,,,,,86.5,,,,,,86.5,,152.4,,,,,,,,,,,,,35.5,16,,5,,,,,,,,,,,,,,,,,,,,,,,,,,,
SB Acoustics,SB17NBAC35-4,4,32,0.32,0.34,5.95,33,3.1,0.13,118,14.8,,1.67,0.5,5.2,,,,11,,,,,90,,,,,,90,,,171,,,,,,,,,,,,35.5,16,,5,,,,,,,,,,,,,,,,,,,,,,,,,,,
SB Acoustics,SB17NBAC35-8,8,31.5,0.42,0.45,6,33,5.7,0.15,118,15.2,,1.68,0.5,6.2,,,,11,,,,,86.5,,,,,,86.5,,152.4,171,,,,,,,,,,,,35.5,16,,5,,,,,,,,,,,,,,,,,,,,,,,,,,,
SB Acoustics,SB17NRX2C35-4,4,34,0.32,0.34,4.74,31.8,3.1,0.13,118,13.8,,1.61,0.6,5.1,,,,11,,,,,90,,,,,,90,,,171,,,,,,,,,,,,35.5,16,,5,,,,,,,,,,,,,,,,,,,,,,,,,,,
SB Acoustics,SB17NRX2L35-4,4,41,0.25,0.26,4.97,21.9,3.1,0.14,118,13.5,,1.1,0.7,6.45,,,,9.6,,,,,92,,,,,,92,,,,,,,,,,,,,,,35.5,15.6,,6,,,,,,,,,,,,,,,,,,,,,,,,,,,
SB Acoustics,SB17NRX2L35-4,,41,0.25,0.26,4.97,21.9,,0.14,118,13.5,,1.11,0.7,6.45,,,,9.6,,,,,92,,,,,,92,,,,,,,,,,,,,,,,,,,,,,,,,,,,,,,,,,,,,,,,,,,,,
SB Acoustics,SB17NRX2L35-8,8,37.8,0.28,0.3,4.55,26.1,5.7,0.16,118,13.4,,1.32,0.7,7.84,,,,9.6,,,,,89,,,,,,89,,,,,,,,,,,,,,,35.5,15.6,,6,,,,,,,,,,,,,,,,,,,,,,,,,,,
SB Acoustics,SB17NRX2L35-8,,37.8,0.28,0.3,4.55,26.1,,0.16,118,13.4,,1.32,0.7,7.84,,,,9.6,,,,,89,,,,,,89,,,,,,,,,,,,,,,,,,,,,,,,,,,,,,,,,,,,,,,,,,,,,
SB Acoustics,SB17NRXC35-4,4,35,0.32,0.34,5.5,35.2,3.1,0.13,118,11.6,,1.78,0.46,4.8,,,,11,,,,,92,,,,,,92,,,,,,,,,,,,,,,35.5,16,,5,,,,,,,,,,,,,,,,,,,,,,,,,,,
SB Acoustics,SB17NRXC35-8,8,32,0.34,0.36,5,44.5,5.7,0.15,118,11,,2.25,0.44,5.9,,,,11,,,,,89,,,,,,89,,,,,,,,,,,,,,,35.5,16,,5,,,,,,,,,,,,,,,,,,,,,,,,,,,
SB Acoustics,SB17NRXC35-8-UC,8,32,0.34,0.36,5,44.5,5.7,0.15,118,11,,2.25,0.44,5.9,,,,11,,,,,89,,,,,,89,,,,,,,,,,,,,,,35.5,16,,5,,,,,,,,,,,,,,,,,,,,,,,,,,,
SB Acoustics,SB19ST-C000-4,4,980,1.22,1.5,6.45,,3.4,0.07,3.8,0.22,,,,1.75,,,,1.2,,,,,88.5,,,,,,88.5,,,88,,,,,64,,,,,,,19.1,1.8,,3,19,,,,,,,,,,,,,,,,,,,,,,,,,,
SB Acoustics,SB20PFC30-4,4,33.7,0.33,0.37,2.78,66.2,3.4,0.71,216,22.4,,1,1.7,6.6,,,,11.5,,,,,92.5,,,,,,92.5,,,,,,,,,,,,,,,30.5,16.5,,5,,,,,,,,,,,,,,,,,,,,,,,,,,,
SB Acoustics,SB20PFC30-8,8,34,0.37,0.43,2.66,66.2,5.6,0.84,216,21.2,,1,1.7,7.7,,,,11.3,,,,,90.5,,,,,,90.5,,203.2,,,,,,,,,,,,,30.5,16.3,,5,,,,,,,,,,,,,,,,,,,,,,,,,,,
SB Acoustics,SB20PFCR-00,,20,,,6.8,55,,,216,76.7,,0.83,1.4,,,11,,,,,,,,,,,,,,,,,,,,,,,,,,,,,,,,,,,,,,,,,,,,,,,,,,,,,,,,,,
SB Acoustics,SB20PFCR30-4,4,33.7,0.33,0.37,2.78,66.2,3.4,0.71,216,22.4,,1,1.7,6.6,,,,11.5,,,,,92.5,,,,,,92.5,,203.2,218,,,,,,,,,,,,30.5,16.5,,5,,,,,,,,,,,,,,,,,,,,,,,,,,,
SB Acoustics,SB20PFCR30-8,8,34,0.37,0.43,2.66,66.2,5.6,0.84,216,21.2,,1,1.7,7.7,,,,11.3,,,,,90.5,,,,,,90.5,,,218,,,,,,,,,,,,30.5,16.3,,5,,,,,,,,,,,,,,,,,,,,,,,,,,,
SB Acoustics,SB20PFCS30-7,,39,0.66,0.77,4.5,59.5,,0.95,222,19.6,,0.85,1.07,5.6,,,,11,,,,,88,,,,,,88,,,,,,,,,,,,,,,,,,,,,,,,,,,,,,,,,,,,,,,,,,,,,
SB Acoustics,SB21RDC-C000-4,4,760,1,1.64,2.54,,3.1,0.04,4.6,0.25,,,,1.5,1,,,1,,,,,90,,80,,,,90,,,92,,,39.7,,,,,,,,,,1.5,,2.5,21,,,,100,,,,,,,,,,,,,,,,,,,,,,
SB Acoustics,SB21RDCN-C000-4,4,850,1.28,2.45,2.71,,3.1,0.04,4.6,0.25,,,,1.3,,,,0.5,,,,,89.5,,,,,,89.5,,,58,,,,,40,,,,,,,,,,,21,,,,,,,,,,,,,,,,,,,,,,,,,,
SB Acoustics,SB21SDC-C000-4,4,720,0.95,1.55,2.41,,3.1,0.04,4.9,0.25,,,,1.5,,,,1,,,,,91,,,,,,91,,,92,,,,,64,,,,,,,20.4,1.5,,2.5,21,,,,,,,,,,,,,,,,,,,,,,,,,,
SB Acoustics,SB21SDCN-C000-4,4,850,1.22,2.45,2.44,,3.1,0.04,4.9,0.25,,,,1.3,,,,0.5,,,,,90,,,,,,90,,,58,,,,,40,,,,,,,,,,,21,,,,,,,,,,,,,,,,,,,,,,,,,,
SB Acoustics,SB23CACS45-4,4,23,0.33,0.35,5,95,3.3,0.27,216,33,,1.43,0.8,6.7,,,,13,,,,,90,,,,,,90,,,234,,,,,,,,,,,,45.5,19,,6,,,,,,,,,,,,,,,,,,,,,,,,,,,
SB Acoustics,SB23CACS45-8,8,25,0.4,0.44,5.41,87,5.6,0.6,216,31,,1.31,0.9,7.9,,,,13,,,,,87.5,,,,,,87.5,,,234,,,,,,,,,,,,45.5,19,,6,,,,,,,,,,,,,,,,,,,,,,,,,,,
SB Acoustics,SB23MFCL-00,,19,,,15.3,31.2,,,210,141,,0.5,1.1,,,19,,,,,,,,,,,,,,,,,,,,,,,,,,,,,,,,,,,,,,,,,,,,,,,,,,,,,,,,,,
SB Acoustics,SB23MFCL45-4,4,27,0.34,0.36,7.7,37,3.3,0.73,210,59,,0.59,1.3,9.6,,,,24,,,,,87.5,,150,,,,87.5,,203.2,234,,,137.7,,203,,,8,,,,45.5,32,,8,,,,,234,,,,,,,,,,,,,,,,,,,,,,
SB Acoustics,SB23MFCL45-8,8,28.5,0.43,0.46,7.3,37,6.2,1.02,210,59,,0.59,1.3,11.3,,,,21,,,,,85,,,,,,85,,,234,,,,,,,,,,,,45.5,32,,8,,,,,,,,,,,,,,,,,,,,,,,,,,,
SB Acoustics,SB23NACS45-4,4,23,0.33,0.35,5.4,95,3.3,0.27,216,32,,1.45,0.9,6.7,,,,13,,,,,90,,,,,,90,,203.2,,,,,,,,,,,,,45.5,19,,6,,,,,,,,,,,,,,,,,,,,,,,,,,,
SB Acoustics,SB23NACS45-8,8,25,0.37,0.4,5.6,94,5.6,0.6,216,28.5,,1.42,0.8,7.9,,,,13,,,,,87.5,,,,,,87.5,,203.2,,,,,,,,,,,,,45.5,19,,6,,,,,,,,,,,,,,,,,,,,,,,,,,,
SB Acoustics,SB23NBACS45-4,4,23,0.33,0.35,5.4,95,3.3,0.27,216,32,,1.45,0.9,6.7,,,,13,,,,,90,,,,,,90,,,234,,,,,,,,,,,,45.5,19,,6,,,,,,,,,,,,,,,,,,,,,,,,,,,
SB Acoustics,SB23NBACS45-8,8,25,0.4,0.43,5.54,93.4,5.7,0.37,216,31.2,,1.43,0.8,7.9,,,,13,,,,,87.5,,,,,,87.5,,,234,,,,,,,,,,,,45.5,19,,6,,,,,,,,,,,,,,,,,,,,,,,,,,,
SB Acoustics,SB23NRXS45-4,4,27,0.3,0.32,5.55,87.5,3.3,0.29,216,27.2,,1.33,0.77,6.9,,,,13,,,,,92,,,,,,92,,203.2,234,,,,,,,,,,,,45.5,19,,6,,,,,,,,,,,,,,,,,,,,,,,,,,,
SB Acoustics,SB26ADC-C000-4,4,680,1.11,1.88,2.7,,3.2,0.04,6.2,0.38,,,,1.6,0.6,,,1.2,,,,,90,,,,,,90,,,100,,,,,84,,,,,,,25.4,1.3,,2.5,26,25,,,,,,,,,,,,,,,,,,,,,,,,,
SB Acoustics,SB26CDC-C000-4,4,690,1.12,2,2.55,,3.2,0.04,6.2,0.38,,,,1.6,,,,1.2,,,,,89,,,,,,89,,,100,,,34.798,,,,,,,,,25.4,1.3,,2.5,26,25,,,,,,,,,,,,,,,,,,,,,,,,,
SB Acoustics,SB26SFCL38-4,4,27.4,0.43,0.47,5.59,104,3.3,1,346,55.2,,0.61,1.7,8.2,,,,15.8,,,,,91,,,,,,91,,,265,,,,,,,,,,,,,,,,,,,,,,,,,,,,,,,,,,,,,,,,,,
SB Acoustics,SB26SFCL38-8,8,27.5,0.53,0.6,5.09,107,6,1.6,346,53,,0.63,1.8,9.6,,,,16.4,,,,,88,,,,,,88,,,265,,,,,,,,,,,,,,,,,,,,,,,,,,,,,,,,,,,,,,,,,,
SB Acoustics,SB26ST-C000-5,5,870,1.24,1.64,5,,4.4,0.07,6.2,0.33,,,,2.2,1.2,,,1.2,,,,,91,,80,,,,91,,,100,,,33.2,,,,,,,,,25.4,1.8,,3,26,,,,100,,,,,,,,,,,,,,,,,,,,,,
SB Acoustics,SB26STAC-C000-4,4,750,1.12,1.78,3,,3.2,0.04,6.2,0.3,,,,1.6,,,,1.2,,,,,91.5,,120,,,,91.5,,,100,,,39.7,,,,,,,,,,,,2.5,26,25,,,100,,,,,,,,,,,,,,,,,,,,,,
SB Acoustics,SB26STC-C000-04,4,750,1.12,1.78,3,,3.2,0.04,,,,,,,,,,,,,,,,,,,,,,,,,,,,,,,,,,,,,,,,,25,,,,,,,,,,,,,,,,,,,,,,,,,
SB Acoustics,SB26STC-C000-4,4,750,1.12,1.78,3,,3.2,0.04,6.2,0.3,,,,1.6,0.6,,,1.2,,,,,91.5,,,,,,91.5,,,100,,,,,82,,,,,,,25.4,1.3,,2.5,26,,,,,,,,,,,,,,,,,,,,,,,,,,
SB Acoustics,SB26STCN-C000-4,4,960,0.84,1.77,1.6,,3.2,0.04,6.2,0.3,,,,1.8,0.6,,,1.2,,,,,92.5,,,,,,92.5,,,72,,,,,50,,,,,,,25.4,1.3,,2.5,26,25,,,,,,,,,,,,,,,,,,,,,,,,,
SB Acoustics,SB26STWGC-4,4,780,1.2,2.1,2.8,,3.2,0.04,6.2,0.3,,,,1.6,,,,1.2,,,,,93,,,,,,93,,,100,,,,,84,,,,,,,25.4,1.3,,2.5,26,25,,,,,,,,,,,,,,,,,,,,,,,,,
SB Acoustics,SB29BAC-C000-4,4,600,0.64,0.9,2.1,,3,0.05,9.6,0.46,,,,2.4,,,,0.5,,,,,92.5,,,,,,92.5,,,,,,,,,,,,,,,29,2,,2.5,,,,,,,,,,,,,,,,,,,,,,,,,,,
SB Acoustics,SB29BNC-C000-4,4,950,0.69,1.4,1.36,,3,0.05,9.6,0.46,,,,2.6,,,,0.5,,,,,95,,,,,,95,,,,,,,,,,,,,,,29,2,,2.5,,,,,,,,,,,,,,,,,,,,,,,,,,,
SB Acoustics,SB29NRX-00,,10.2,,,10.8,66,,,312,505,,0.48,3,,,17,,,,,,,,,,,,,,,254,,,,79.1,,219,,,,,,,,,,,,,,,290,,,,,,,,,,,,,,,,,,,,,,
SB Acoustics,SB29NRX2-00,,17,,,7.3,60,,,312,205,,0.43,3,,,17,,,,,,,,,,,,,,,,,,,,,,,,,,,,,,,,,,,,,,,,,,,,,,,,,,,,,,,,,,
SB Acoustics,SB29NRX2-00-205G,,17,,,7.3,60,,,312,205,,0.43,3,,,17,,,,,,,,,,,,,,,,,,,,,,,,,,,,,,,,,,,,,,,,,,,,,,,,,,,,,,,,,,
SB Acoustics,SB29NRX75-8,8,26,0.37,0.39,7.06,85.6,6.2,1.34,311,58.9,,0.63,1.4,12.4,,,,22,,,,,88,,,,,,88,,,290,,,,,,,,,,,,75.6,28,,6,,,,,,,,,,,,,,,,,,,,,,,,,,,
SB Acoustics,SB29RDAC-C000-4,4,600,0.64,0.9,2.2,,3,0.05,9.6,0.45,,,,2.4,,,,0.5,,,,,93,,,,,,93,,,104,,,,,74,,,,,,,29,2,,2.5,29,,,,,,,,,,,,,,,,,,,,,,,,,,
SB Acoustics,SB29RDC-C000-4,4,600,0.64,0.9,2.2,,3,0.05,9.6,0.45,,,,2.4,0.25,,,0.5,,,,,93,,,,,,93,,,,,,,,,,,,,,,29,2,,2.5,,25,,,,,,,,,,,,,,,,,,,,,,,,,
SB Acoustics,sb29rdcn-c000-4,,,,,,,,,,,,,,,,,,,,,,,,,,,,,,,,,,,,,,,,,,,,,,,,,,,,,,,,,,,,,,,,,,,,,,,,,,
SB Acoustics,SB29RDNC-C000-4,4,680,0.45,0.72,1.2,,3,0.05,9.6,0.45,,,,2.6,0.5,,,0.5,,,,,94,,100,,,,94,,,72,,,37.8,,,,,,,,,29,2,,2.5,29,,,,104,,,,,,,,,,,,,,,,,,,,,,
SB Acoustics,SB29SDAC-C000-4,4,600,0.8,1.09,2.94,,3,0.05,9.6,0.45,,,,2.4,,,,0.5,,,,,93,,60,,,,93,,,104,,,40.8,,,,,,,,,29,2,,2.5,29,,,,104,,,,,,,,,,,,,,,,,,,,,,
SB Acoustics,SB29SDNC-C000-4,4,630,0.49,0.79,1.3,,3,0.05,9.6,0.45,,,,2.6,,,,0.5,,,,,95.5,,,,,,95.5,,,72,,,,,60,,,,,,,,,,,29,,,,,,,,,,,,,,,,,,,,,,,,,,
SB Acoustics,sb29swnrx-s75,6,20,0.31,0.33,6.7,66,4.5,3,312,,,0.48,,15.1,,,,22,,,,,86,,,,,,86,,,,,,,,,,,,,,,,,,,,,,,,,,,,,,,,,,,,,,,,,,,,,
SB Acoustics,SB29SWNRX-S75-6,6,20,0.29,0.31,4.5,66,4.5,3,312,132,,0.48,3.7,15.4,,,,22,,,,,86,,,,,,86,,,290,,,,,,,,,,,,75.6,28.5,,6,,,,,,,,,,,,,,,,,,,,,,,,,,,
SB Acoustics,SB34NRX-00,,8.7,,,12.1,183,,,508,665,,0.5,3,,,17,,,,,,,,,,,,,,,304.8,,,,,,,,,,,,,,,,,,,,,,,,,,,,,,,,,,,,,,,,,,,
SB Acoustics,SB34NRX2-00,,14,,,8.62,160,,,506,294,,0.44,3,,,17,,,,,,,,,,,,,,,,,,,,,,,,,,,,,,,,,,,,,,,,,,,,,,,,,,,,,,,,,,
SB Acoustics,SB34NRX2-00-294G,,14,,,8.62,160,,,506,294,,0.44,3,,,17,,,,,,,,,,,,,,,,,,,,,,,,,,,,,,,,,,,,,,,,,,,,,,,,,,,,,,,,,,
SB Acoustics,SB34NRX75-16,16,24.5,0.66,0.74,6.52,216,14,3.2,508,72,,0.59,1.7,14.5,,,,22,,,,,86,,,,,,86,,304.8,346,,,,,305,,,,,,,75.6,28,,6,,,,,,,,,,,,,,,,,,,,,,,,,,,
SB Acoustics,SB34NRX75-6,6,19,0.4,0.43,5.1,260,4.2,1.8,508,99,,0.71,2.3,10.7,,,,22,,,,,90,,,,,,90,,,346,,,,,,,,,,,,75.6,28,,6,,,,,,,,,,,,,,,,,,,,,,,,,,,
SB Acoustics,SB34NRXL75-8,8,22,0.28,0.29,5.5,205,6.2,1.2,508,93,,0.56,2.35,16.6,,,,20,,,,,91,,,,,,91,,304.8,346,,,,,,,,,,,,75.6,28,,8,,,,,,,,,,,,,,,,,,,,,,,,,,,
SB Acoustics,sb34swnrx-s75,6,19,0.32,0.34,5,164,4.5,3,508,154,,0.46,3.7,15.4,,,,22,,,,,88,,,,,,88,,,,,,,,,,,,,,,,,,,,,,,,,,,,,,,,,,,,,,,,,,,,,
SB Acoustics,SB34SWNRX-S75-6,6,19,0.32,0.34,5,164,4.5,3,508,154,,0.46,3.7,15.4,,,,22,,,,,88,,,,,,88,,,346,,,,,,,,,,,,75.6,28,,6,,,,,,,,,,,,,,,,,,,,,,,,,,,
SB Acoustics,SB34SWPL76-3-DV,,27.5,0.48,0.52,5.62,43,,,458,231,,0.14,7.1,,,,,30,,,,,,,,,,,,,,346,,,,,,,,,,,,75.5,38,,8,,,,,,,,,,,,,,,,,,,,,,,,,,,
SB Acoustics,SB34SWPL76-4,4,19,0.33,0.34,8.6,78.5,3.5,5.3,458,266,,0.26,3.7,18,,,,30,,,,,85,300,,,,,85,,,346,,,,,,,,,,,,76,38,,8,,,,,,,,,,,,,,,,,,,,,,,,,,,
SB Acoustics,SB36WBAC21-4,4,200,0.41,1.05,0.68,0.021,3.4,0.12,4.2,0.76,,0.83,1.4,1.76,,,,3.5,,,,,77,,,,,,77,,,36,,,,,,,,,,,,20.4,5.5,,2,,,,,,,,,,,,,,,,,,,,,,,,,,,
SB Acoustics,SB36WBAC21-8,8,160,0.61,0.92,1.75,0.035,5.8,0.13,4.2,0.7,,1.39,0.4,2.1,,,,3.5,,,,,75,,,,,,75,,,36,,,,,,,,,,,,,,,,,,,,,,,,,,,,,,,,,,,,,,,,,,
SB Acoustics,SB42FHCL75-6,6,18.4,0.31,0.32,7.4,462,4.6,2.1,850,166,,0.45,2.6,16.7,,,,23,,,,,93,,,,,,93,,381,417,,,,,377,,,,,,,75.6,31,,8,,,,,,,,,,,,,,,,,,,,,,,,,,,
SB Acoustics,SB65WBAC25-4,4,115,0.68,0.77,6,0.43,3.6,0.15,20,2.5,,0.77,0.3,2.9,,,,5.3,,,,,83.5,,,,,,83.5,,,,,,,,,,,,,,,25.4,8.3,,3,,,,,,,,,,,,,,,,,,,,,,,,,,,
SB Acoustics,SW26DAC-00,,13,,,8.8,54,,,312,400,,0.39,3.7,,,17,,,,,,,,,,,,,,,254,,,,84.6,,280,,,,,,,,,,,,,,,290,,,,,,,,,,,,,,,,,,,,,,
SB Acoustics,SW26DAC76,4,22,0.46,0.51,4.5,54,3.2,,312,134,,0.39,4.1,10.8,24,,,24,,,,,86,,,,,,86,,,,,,84.6,,249,,,,,,,75.5,30,,6,,,,,290,,,,,,,,,,,,,,,,,,,,,,
SB Acoustics,SW26DAC76,8,19.5,0.28,0.29,4.4,54,6.4,,312,172,,0.39,4.8,21.4,24,,,24,,,,,83,,250,,,,83,,,,,,137.7,,203,,,,,,,75.5,30,,6,,,,,219,,,,,,,,,,,,,,,,,,,,,,
SB Acoustics,SW26DAC76-3-DV,,19.5,0.28,0.29,5.96,49.7,,,312,185,,0.36,3.8,,,,,24,,,,,,,,,,,,,,,,,,,,,,,,,,75.5,30,,6,,,,,,,,,,,,,,,,,,,,,,,,,,,
SB Acoustics,SW26DAC76-4,4,22,0.46,0.51,4.5,54,3.2,,312,134,,0.39,4.1,10.8,,,,24,,,,,86,,,,,,86,,254,290,,,,,249,,,,,,,75.5,30,,6,,,,,,,,,,,,,,,,,,,,,,,,,,,
SB Acoustics,SW26DAC76-8,8,19.5,0.28,0.29,4.4,54,6.4,,312,172,,0.39,4.8,21.4,,,,24,,,,,83,,,,,,83,,254,290,,,,,,,,,,,,75.5,30,,6,,,,,,,,,,,,,,,,,,,,,,,,,,,
SB Acoustics,SW26DBAC-00,,13,,,8.8,54,,,312,400,,0.39,3.7,,,17,,,,,,,,,,,,,,,254,,,,,,,,,,,,,,,,,,,,,,,,,,,,,,,,,,,,,,,,,,,
SB Acoustics,SW26DBAC76-3-DV,,19.5,0.28,0.29,5.96,49.7,,,312,185,,0.36,3.8,,,,,24,,,,,,,,,,,,,,290,,,,,,,,,,,,75.5,30,,6,,,,,,,,,,,,,,,,,,,,,,,,,,,
SB Acoustics,SW26DBAC76-4,4,22,0.46,0.51,4.5,54,3.2,,312,134,,0.39,4.1,10.8,12,,,24,,,,,86,,200,,,,86,,254,290,,,84.6,,249,,,,,,,75.5,30,,6,,,,,290,,,,,,,,,,,,,,,,,,,,,,
SB Acoustics,SW26DBAC76-4BLK,,22,0.46,0.51,4.5,54,,,312,134,,0.39,4.1,10.8,,,,24,,,,,86,,,,,,86,,,,,,,,,,,,,,,,,,,,,,,,,,,,,,,,,,,,,,,,,,,,,
SB Acoustics,SW26DBAC76-8,8,19.5,0.28,0.29,4.4,54,6.4,,312,172,,0.39,4.8,21.4,,,,24,,,,,83,,,,,,83,,254,290,,,,,,,,,,,,75.5,30,,6,,,,,,,,,,,,,,,,,,,,,,,,,,,
SB Acoustics,SW26DBAC76-8BLK,,,0.28,0.29,,54,,,,172,,0.39,4.8,21.4,,,,24,,,,,83,,,,,,83,,,,,,,,,,,,,,,,,,,,,,,,,,,,,,,,,,,,,,,,,,,,,
SB Acoustics,SW26SFC38-4,4,28,0.31,0.33,5.04,84,3.5,1.27,340,63,,0.51,2.2,10.8,,,,7,,,,,92,,,,,,92,,,265,,,,,,,,,,,,,,,,,,,,,,,,,,,,,,,,,,,,,,,,,,
SB Acoustics,SW26SFC38-8,8,29,0.35,0.37,4.91,78,6,1.38,340,62,,0.48,2.3,13.5,,,,7,,,,,89,,,,,,89,,,265,,,,,,,,,,,,,,,,,,,,,,,,,,,,,,,,,,,,,,,,,,
SB Acoustics,TW29B,4,600,0.9,1.3,2.9,,3,0.02,9.6,0.46,,,,2,,,,0.5,,,,,92,,,,,,92,,,,,,,,,,,,,,,29,2,,2.5,,,,,,,,,,,,,,,,,,,,,,,,,,,
SB Acoustics,TW29B-B,4,600,0.9,1.3,2.9,,3,0.02,9.6,0.46,,,,2,,,,0.5,,,,,92,,,,,,92,,,,,,,,,,,,,,,29,2,,2.5,,,,,,,,,,,,,,,,,,,,,,,,,,,
SB Acoustics,TW29BN,4,725,0.46,0.6,2.1,,3,0.02,9.6,0.46,,,,3.1,0.25,,,0.5,,,,,95,,,,,,95,,,,,,,,,,,,,,,29,2,,2.5,,,,,,,,,,,,,,,,,,,,,,,,,,,
SB Acoustics,TW29BN-8,8,750,0.55,0.8,1.75,,6.2,0.04,9.6,0.44,,,,4.1,,,,0.4,,,,,93.5,,,,,,93.5,,,,,,,,,,,,,,,29,2.1,,2.5,,,,,,,,,,,,,,,,,,,,,,,,,,,
SB Acoustics,TW29BN-B,4,725,0.46,0.6,2.1,,3,0.02,9.6,0.46,,,,3.1,,,,0.5,,,,,95,,,,,,95,,,,,,,,,,,,,,,29,2,,2.5,,,,,,,,,,,,,,,,,,,,,,,,,,,
SB Acoustics,TW29BN-B-8,8,750,0.55,0.8,1.75,,6.2,0.04,9.6,0.44,,,,4.1,,,,0.4,,,,,93.5,,,,,,93.5,,,,,,,,,,,,,,,29,2.1,,2.5,,,,,,,,,,,,,,,,,,,,,,,,,,,
SB Acoustics,TW29BNWG-4,4,700,0.46,0.6,2.1,,3,0.02,9.6,0.46,,,,3.1,,,,0.5,,,,,97,,,,,,97,,,,,,,,,,,,,,,,,,,,,,,,,,,,,,,,,,,,,,,,,,,,,
SB Acoustics,TW29BNWG-8,8,750,0.55,0.8,1.75,,6.2,0.04,9.6,0.44,,,,4.1,,,,0.3,,,,,94,,,,,,94,,,,,,,,,,,,,,,,,,,,,,,,,,,,,,,,,,,,,,,,,,,,,
SB Acoustics,TW29D,4,600,0.81,1.27,2.2,,3,0.02,9.6,0.45,,,,2,,,,0.5,,,,,92.5,,,,,,92.5,,,104,,,,,74,,,,,,,29,2,,2.5,29,,,,,,,,,,,,,,,,,,,,,,,,,,
SB Acoustics,TW29D-B,4,600,0.81,1.27,2.2,,3,0.02,9.6,0.45,,,,2,,,,0.5,,,,,92.5,,,,,,92.5,,,104,,,,,74,,,,,,,29,2,,2.5,29,,,,,,,,,,,,,,,,,,,,,,,,,,
SB Acoustics,TW29DN,4,650,0.43,0.57,1.66,,3,0.02,9.6,0.45,,,,3.1,,,,0.5,,,,,96,,,,,,96,,,104,,,,,74,,,,,,,29,2,,2.5,29,,,,,,,,,,,,,,,,,,,,,,,,,,
SB Acoustics,TW29DN-8,8,650,0.46,0.65,1.61,,6.2,0.04,9.6,0.43,,,,4.1,,,,0.5,,,,,93,,,,,,93,,,104,,,,,74,,,,,,,29,2,,2.5,29,,,,,,,,,,,,,,,,,,,,,,,,,,
SB Acoustics,TW29DN-B,4,650,0.43,0.57,1.66,,3,0.02,9.6,0.45,,,,3.1,,,,0.5,,,,,96,,,,,,96,,,104,,,,,74,,,,,,,29,2,,2.5,29,,,,,,,,,,,,,,,,,,,,,,,,,,
SB Acoustics,TW29DN-B-8,8,650,0.46,0.65,1.61,,6.2,0.04,9.6,0.43,,,,4.1,,,,0.5,,,,,93,,,,,,93,,,104,,,,,74,,,,,,,29,2,,2.5,29,,,,,,,,,,,,,,,,,,,,,,,,,,
SB Acoustics,TW29R,4,600,0.77,1.24,2,,3,0.02,9.6,0.44,,,,2,0.25,,,0.5,,,,,92,,,,,,92,,,104,,,,,74,,,,,,,29,2,,2.5,29,,,,,,,,,,,,,,,,,,,,,,,,,,
SB Acoustics,TW29R-B,4,600,0.77,1.24,2,,3,0.02,9.6,0.44,,,,2,,,,0.5,,,,,92,,,,,,92,,,104,,,,,74,,,,,,,29,2,,2.5,29,,,,,,,,,,,,,,,,,,,,,,,,,,
SB Acoustics,TW29RN,4,700,0.49,0.65,2.1,,3,0.02,9.6,0.44,,,,3.1,,,,0.5,,,,,96,,,,,,96,,,104,,,,,74,,,,,,,29,2,,2.5,29,,,,,,,,,,,,,,,,,,,,,,,,,,
SB Acoustics,TW29RN-8,8,650,0.48,0.65,1.74,,6.2,0.04,9.6,0.42,,,,4.1,,,,0.4,,,,,93,,,,,,93,,,104,,,,,74,,,,,,,29,2.1,,2.5,29,,,,,,,,,,,,,,,,,,,,,,,,,,
SB Acoustics,TW29RN-B,4,700,0.49,0.65,2.1,,3,0.02,9.6,0.44,,,,3.1,,,,0.5,,,,,96,,,,,,96,,,104,,,,,74,,,,,,,29,2,,2.5,29,,,,,,,,,,,,,,,,,,,,,,,,,,
SB Acoustics,TW29RN-B-8,8,650,0.48,0.65,1.74,,6.2,0.04,9.6,0.42,,,,4.1,,,,0.4,,,,,93,,,,,,93,,,104,,,26.7,,,,,,,,,29,2.1,,2.5,29,25,,,,,,,,,,,,,,,,,,,,,,,,,
SB Acoustics,TW29TXN-B,4,650,0.46,0.65,1.62,,3,0.02,9.6,0.51,,,,3.1,,,,0.5,,,,,96,,,,,,96,,,104,,,,,74,,,,,,,29,2,,3,29,,,,,,,,,,,,,,,,,,,,,,,,,,
SB Acoustics,TW29TXN-B-4,,650,0.46,0.65,1.62,,,,9.6,0.51,,,,3.1,,,,0.5,,,,,96,,,,,,96,,,,,,,,,,,,,,,,,,,,,,,,,,,,,,,,,,,,,,,,,,,,,
SB Acoustics,TW29TXN-B-8,8,650,,,,,6.2,0.04,9.6,4.9,,,,4.1,,,,1.2,,,,,93,,,,,,93,,,104,,,,,74,,,,,,,29,2.2,,3,29,,,,,,,,,,,,,,,,,,,,,,,,,,
SB Acoustics,TW29TXNWG-4,4,635,0.47,0.64,1.73,,3,0.02,9.6,0.51,,,,3.1,,,,0.5,,,,,96,,,,,,96,,,170,,,52.7,,72.7,,,,,,,,,,,,29,,,,,,,,,,,,,,,,,,,,,,,,,
SB Acoustics,WG29-187,,,,,,,,,,,,,,,,,,,,,,,,,,,,,,,,,,,,,,,,,,,,,,,,,,,,,,,,,,,,,,,,,,,,,,,,,,
SB Acoustics,WO24P-4,4,28,0.4,0.42,6.7,71,3.3,0.29,255,42,,0.77,1.1,7.6,,,,17,,,,,91,,90,,,,91,,241.3,242,,,,,,,,,,,,49.5,23,,6,,,,,,,,,,,,,,,,,,,,,,,,,,,
SB Acoustics,WO24P-8,8,24.5,0.38,0.41,5.7,87.5,5.8,0.56,255,44.5,,0.95,1.2,9.9,,,,17,,,,,87,,90,,,,87,,,242,,,,,,,,,,,,49.5,23,,6,,,,,,,,,,,,,,,,,,,,,,,,,,,
SB Acoustics,WO24TX-4,4,26.3,0.35,0.37,5.66,79,3.3,0.29,255,42.8,,0.86,1.25,7.9,,,,17.5,,,,,91,,,,,,91,,,,,,,,,,,,,,,49.5,23.5,,6,,,,,,,,,,,,,,,,,,,,,,,,,,,
SB Acoustics,WO24TX-8,8,24.5,0.34,0.36,5.67,88,5.8,0.56,255,44.2,,0.95,1.2,10.45,,,,17.1,,,,,88,,,,,,88,,,,,,,,,,,,,,,49.5,23.1,,6,,,,,,,,,,,,,,,,,,,,,,,,,,,
SB Acoustics,WO34HC-4,4,20,0.23,0.25,5.53,233,3.5,0.7,585,132,,0.48,3,15.1,,,,16.6,,,,,92.5,,,,,,92.5,,,,,,,,,,,,,,,75.6,24.6,,8,,,,,,,,,,,,,,,,,,,,,,,,,,,
SB Acoustics,WO34HC-8,8,20.2,0.29,0.3,5.37,238,6.8,1,585,127,,0.49,3,19,,,,16.6,,,,,89.5,,,,,,89.5,,,,,,,,,,,,,,,75.6,24.6,,8,,,,,,,,,,,,,,,,,,,,,,,,,,,
SB Audience,15SW800,8,45,0.46,0.48,9.99,87.6,5.2,1.18,850.1,143.6,,0.09,4.1,,,,,,,,,,99,,,,,99,,,,,,,,,,,,,,,,,,,,,,,,,,,,,,,,,,,,,,,,,,,,,,
SB Audience,Bianco 8MW250,8,74,0.4,0.45,3.86,13.8,5.6,0.53,211.2,20.97,,0.22,2.53,,6.5,,,,,,,,94,,,,,94,,,,,,,,,,,,,,,,,,,,,,,,,,,,,,,,,,,,,,,,,,,,,,
SB Audience,Bianco-10MW150N,8,65,0.39,0.4,12.08,25.8,5.1,0.64,366.4,44.4,,0.14,1.5,,,,,,,,,,,,,,,,,,,,,,,,,,,,,,,,,,,,,,,,,,,,,,,,,,,,,,,,,,,,,
SB Audience,Bianco-12MW200,8,51,0.49,0.51,14.33,62.9,5.3,0.83,543.3,,,0.15,1.45,,,,,,,,,,99,,,,,99,,,,,,,,,,,,,,,,,,,,,,,,,,,,,,,,,,,,,,,,,,,,,,
SB Audience,Bianco-12OB150,8,44,0.63,0.69,6.39,103.8,7.2,1.18,539.1,52.4,,0.25,2.26,12.2,,,,,,,,,96,,,,,96,,,,,,,,,,,,,,,,,,,,,,,,,,,,,,,,,,,,,,,,,,,,,,
SB Audience,Bianco-15MW200,8,44,0.58,0.61,15.19,153.3,6.8,1.02,824.5,80.9,,0.16,1.48,,,,,,,,,,100,,,,,100,,,,,,,,,,,,,,,,,,,,,,,,,,,,,,,,,,,,,,,,,,,,,,
SB Audience,Bianco-25CD-P,8,,,,,,,,,,,,,,,,,,,,,,,,,,,,,,,,,,,,,,,,,,,,,,,,,,,,,,,,,,,,,,,,,,,,,,,,,
SB Audience,Bianco-44CD-PK,8,,,,,,6.2,,,,,,,,,,,,,,,,107,,,,,107,,,,,,,,,,,,,,,,,,,,,,,,,,,,,,,,,,,,,,,,,,,,,,
SB Audience,Bianco-44CD-T,8,,,,,,6.2,,,,,,,,,,,,,,,,105,,,,,105,,,,,,,,,,,,,,,,,,,,,,,,,,,,,,,,,,,,,,,,,,,,,,
SB Audience,Bianco-8MW125,8,89,0.55,0.57,14.63,10.1,5.8,0.5,224.3,22.8,,0.14,0.87,,,,,,,,,,97,,,,,97,,,,,,,,,,,,,,,,,,,,,,,,,,,,,,,,,,,,,,,,,,,,,,
SB Audience,Bianco-8MW150N,8,74,0.38,0.4,8.97,9.9,6.8,1.07,227,34,,0.14,1.76,16.5,,,,,,,,,,,,,,,,,,,,,,,,,,,,,,,,,,,,,,,,,,,,,,,,,,,,,,,,,,,,
SB Audience,Nero 10MWN600D,8,68.1,0.34,0.36,5.88,18.8,5.4,0.27,356.3,52.2,,0.1,3.8,,,,,,,,,,96,,,,,96,,,,,,,,,,,,,,,,,,,,,,,,,,,,,,,,,,,,,,,,,,,,,,
SB Audience,Nero 150BN450D,8,25,0.8,0.91,6.37,319,5.3,0.8,865.7,130,,0.3,3.27,,,,,,,,,,,,,,,,,,,,,,,,,,,,,,,,,,,,,,,,,,,,,,,,,,,,,,,,,,,,,
SB Audience,Nero 18OBN500D,8,22,0.9,1.1,6.6,662,5.3,0.82,1244,177,,0.3,3.67,,,,,,,,,,,,,,,,,,,,,,,,,,,,,,,,,,,,,,,,,,,,,,,,,,,,,,,,,,,,,
SB Audience,Nero 5CCN125D,8,,,,,,,,,,,,,,,,,,,,,,,,,,,,,,,,,,,,,,,,,,,,,,,,,,,,,,,,,,,,,,,,,,,,,,,,,
SB Audience,Nero 8MWN400D,8,63,0.38,0.41,4.07,13.9,5.2,0.25,208.7,28.4,,0.23,2.75,,6.7,,,,,,,,93.5,,,,,93.5,,,,,,,,,,,,,,,,,,,,,,,,,,,,,,,,,,,,,,,,,,,,,,
SB Audience,Nero-12MWN400D,8,66,0.52,0.55,8.98,31.1,5.4,0.19,543.3,78.8,,0.07,3.63,,,,,,,,,,96,,,,,96,,,,,,,,,,,,,,,,,,,,,,,,,,,,,,,,,,,,,,,,,,,,,,
SB Audience,Nero-12MWN700D,8,52.7,0.38,0.4,8.9,52.5,5.3,0.32,543.3,72.5,,0.13,2.7,,,,,,,,,,97,,,,,97,,,,,,,,,,,,,,,,,,,,,,,,,,,,,,,,,,,,,,,,,,,,,,
SB Audience,Nero-15MWN700D,8,41.4,0.46,0.48,9.07,145.9,5.4,0.37,865.7,107.6,,0.14,3.1,,,,,,,,,,97,,,,,97,,,,,,,,,,,,,,,,,,,,,,,,,,,,,,,,,,,,,,,,,,,,,,
SB Audience,Nero-15SW800,8,31,0.34,0.36,7.59,137,5.3,2.08,860.5,207.2,,0.13,5.25,,,,,,,,,,96,,,,,96,,,,,,,,,,,,,,,,,,,,,,,,,,,,,,,,,,,,,,,,,,,,,,
SB Audience,Nero-18SW1100D,8,36,0.33,0.34,11.83,153.1,5,1.36,1256.6,294,,0.07,5.54,,,,,,,,,,99,,,,,99,,,,,,,,,,,,,,,,,,,,,,,,,,,,,,,,,,,,,,,,,,,,,,
SB Audience,Nero-18SW1900D,8,34,0.42,0.43,15.68,157.9,5.3,1.59,1256.6,307.6,,0.07,4.21,,17.5,,,,,,,,95,,,,,95,,,,,,,,,,,,,,,,,,,,,,,,,,,,,,,,,,,,,,,,,,,,,,
SB Audience,Nero-21SW1100D,8,32,0.34,0.35,10.92,312.6,5.1,1.29,1654.7,309.3,,0.08,5.67,,,,,,,,,,101,,,,,101,,,,,,,,,,,,,,,,,,,,,,,,,,,,,,,,,,,,,,,,,,,,,,
SB Audience,Nero-6MRN150D,8,200,0.48,0.58,2.96,1.1,5.6,0.28,136.8,13.8,,0.04,6,,,,,,,,,,98,,,,,98,,,,,,,,,,,,,,,,,,,,,,,,,,,,,,,,,,,,,,,,,,,,,,
SB Audience,Nero-6MRN151D,8,230,0.48,0.58,2.65,0.8,5.6,0.17,136.8,14.6,,0.03,8.21,,,,,,,,,,98,,,,,,98,,,,,,,,,,,,,,,,,,,,,,,,,,,,,,,,,,,,,,,,,,,,,
SB Audience,Rosso 10CX300,,58,0.45,0.48,5.52,40.5,5.2,0.63,366.4,34.9,,0.21,2.32,,,,,,,,,,,,,,,,,,,,,,,,,,,,,,,,,,,,,,,,,,,,,,,,,,,,,,,,,,,,,
SB Audience,Rosso 12CX350,,49,0.49,0.52,6.99,90.4,5.2,0.58,530.9,47.5,,0.23,2.07,,,,,,,,,,,,,,,,,,,,,,,,,,,,,,,,,,,,,,,,,,,,,,,,,,,,,,,,,,,,,
SB Audience,Rosso 6C200D,8,61,0.34,0.35,12,8.8,5.4,0.42,145.3,23,,0.3,0.74,,,,,,,,,,93,,,,,,93,,,,,,,,,,,,,,,,,,,,,,,,,,,,,,,,,,,,,,,,,,,,,
SB Audience,Rosso 75CDN-T,8,,,,,,6.2,,,,,,,,,,,,,,,,110,,,,,110,,,,,,,,,,,,,,,,,,,,,,,,,,,,,,,,,,,,,,,,,,,,,,
SB Audience,Rosso 8CX250,,70,0.32,0.37,2.19,15.8,5.3,0.72,211.2,20.8,,0.25,4.17,,,,,,,,,,,,,,,,,,,,,,,,,,,,,,,,,,,,,,,,,,,,,,,,,,,,,,,,,,,,,
SB Audience,Rosso-12MW300,8,48,0.27,0.28,12.1,85.9,5.2,0.73,543.3,54.3,,0.21,1.34,,,,,,,,,,100,,,,,100,,,,,,,,,,,,,,,,,,,,,,,,,,,,,,,,,,,,,,,,,,,,,,
SB Audience,Rosso-15MW500,8,42,0.33,0.35,9.39,121.3,5.6,1.37,865.7,127.1,,0.11,3.55,,,,,,,,,,100,,,,,100,,,,,,,,,,,,,,,,,,,,,,,,,,,,,,,,,,,,,,,,,,,,,,
SB Audience,Rosso-15W400,8,44,0.33,0.34,11.15,140.1,5.2,1,907.9,107.6,,0.12,2.68,,,,,,,,,,102,,,,,102,,,,,,,,,,,,,,,,,,,,,,,,,,,,,,,,,,,,,,,,,,,,,,
SB Audience,Rosso-18SW1000D,8,35,0.46,0.49,10.13,164.3,5.3,1.64,1256.6,276,,0.07,6.05,,,,,,,,,,,,,,,,,,,,,,,,,,,,,,,,,,,,,,,,,,,,,,,,,,,,,,,,,,,,,
SB Audience,Rosso-18SW650,8,31,0.41,0.44,8.32,304.3,5,1.4,1244.1,189.7,,0.14,4.44,,,,,,,,,,99,,,,,99,,,,,,,,,,,,,,,,,,,,,,,,,,,,,,,,,,,,,,,,,,,,,,
SB Audience,Rosso-21SW800,8,38,0.76,0.8,14.41,224.4,6.4,1.82,1661.9,301.4,,0.06,5.03,,,,,,,,,,98,,,,,98,,,,,,,,,,,,,,,,,,,,,,,,,,,,,,,,,,,,,,,,,,,,,,
SB Audience,Rosso-25CDN-P,8,,,,,,5.5,,,,,,,,,,,,,,,,107,,,,,107,,,,,,,,,,,,,,,,,,,,,,,,,,,,,,,,,,,,,,,,,,,,,,
SB Audience,Rosso-44CD-PK,8,,,,,,6.2,,,,,,,,,,,,,,,,107,,,,,107,,,,,,,,,,,,,,,,,,,,,,,,,,,,,,,,,,,,,,,,,,,,,,
SB Audience,Rosso-44CDN-PK,8,,,,,,6.2,,,,,,,,,,,,,,,,109,,,,,109,,,,,,,,,,,,,,,,,,,,,,,,,,,,,,,,,,,,,,,,,,,,,,
SB Audience,Rosso-65CD-T,8,,,,,,6.2,,,,,,,,,,,,,,,,108,,,,,108,,,,,,,,,,,,,,,,,,,,,,,,,,,,,,,,,,,,,,,,,,,,,,
SB Audience,Rosso-65CDN-T,8,,,,,,,,,,,,,,,,,,,,,,,,,,,,,,,,,,,,,,,,,,,,,,,,,,,,,,,,,,,,,,,,,,,,,,,,,
SB Audience,ROSSO-6MW150D,8,66,0.32,0.33,9.24,8.8,5.4,0.39,145.3,19.4,,0.3,0.88,,,,,,,,,,94,,,,,94,,,,,,,,,,,,,,,,,,,,,,,,,,,,,,,,,,,,,,,,,,,,,,
Scan-Speak,107001,,,,,,,,,,,,,,,,,,,,,,,,,,,,,,,,,,,,,,,,,,,,,,,,,,,,,,,,,,,,,,,,,,,,,,,,,,
Scan-Speak,107002,,,,,,,,,,,,,,,,,,,,,,,,,,,,,,,,,,,,,,,,,,,,,,,,,,,,,,,,,,,,,,,,,,,,,,,,,,
Scan-Speak,107003,,,,,,,,,,,,,,,,,,,,,,,,,,,,,,,,,,,,,,,,,,,,,,,,,,,,,,,,,,,,,,,,,,,,,,,,,,
Scan-Speak,107004,,,,,,,,,,,,,,,,,,,,,,,,,,,,,,,,,,,,,,,,,,,,,,,,,,,,,,,,,,,,,,,,,,,,,,,,,,
Scan-Speak,107005,,,,,,,,,,,,,,,,,,,,,,,,,,,,,,,,,,,,,,,,,,,,,,,,,,,,,,,,,,,,,,,,,,,,,,,,,,
Scan-Speak,107006,,,,,,,,,,,,,,,,,,,,,,,,,,,,,,,,,,,,,,,,,,,,,,,,,,,,,,,,,,,,,,,,,,,,,,,,,,
Scan-Speak,107008,,,,,,,,,,,,,,,,,,,,,,,,,,,,,,,,,,,,,,,,,,,,,,,,,,,,,,,,,,,,,,,,,,,,,,,,,,
Scan-Speak,107009,,,,,,,,,,,,,,,,,,,,,,,,,,,,,,,,,,,,,,,,,,,,,,,,,,,,,,,,,,,,,,,,,,,,,,,,,,
Scan-Speak,107010,,,,,,,,,,,,,,,,,,,,,,,,,,,,,,,,,,,,,,,,,,,,,,,,,,,,,,,,,,,,,,,,,,,,,,,,,,
Scan-Speak,10f_4424g,4,,,,,,,,,,,,,,,,,,,,,,,,,,,,,,,,,,,,,,,,,,,,,,,,,,,,,,,,,,,,,,,,,,,,,,,,,
Scan-Speak,10f_8424g,8,,,,,,5.8,,,,,,,,,,,,,,,,,,,,,,,,,,,,,,,,,,,,,,,,,,,,,,,,,,,,,,,,,,,,,,,,,,,
Scan-Speak,114012,,,,,,,,,,,,,,,,,,,,,,,,,,,,,,,,,,,,,,,,,,,,,,,,,,,,,,,,,,,,,,,,,,,,,,,,,,
Scan-Speak,114013,,,,,,,,,,,,,,,,,,,,,,,,,,,,,,,,,,,,,,,,,,,,,,,,,,,,,,,,,,,,,,,,,,,,,,,,,,
Scan-Speak,114014,,,,,,,,,,,,,,,,,,,,,,,,,,,,,,,,,,,,,,,,,,,,,,,,,,,,,,,,,,,,,,,,,,,,,,,,,,
Scan-Speak,114015,,,,,,,,,,,,,,,,,,,,,,,,,,,,,,,,,,,,,,,,,,,,,,,,,,,,,,,,,,,,,,,,,,,,,,,,,,
Scan-Speak,114016,,,,,,,,,,,,,,,,,,,,,,,,,,,,,,,,,,,,,,,,,,,,,,,,,,,,,,,,,,,,,,,,,,,,,,,,,,
Scan-Speak,114017,,,,,,,,,,,,,,,,,,,,,,,,,,,,,,,,,,,,,,,,,,,,,,,,,,,,,,,,,,,,,,,,,,,,,,,,,,
Scan-Speak,12w_4524g,,,0.27,0.3,,,3.1,,,,,,,,,,,,,,,,,,,,,,,,,,,,,,,,,,,,,,,,,,,,,,,,,,,,,,,,,,,,,,,,,,,
Scan-Speak,12w_8524g,,,0.32,0.35,,,5.7,,,,,,,,,,,,,,,,,,,,,,,,,,,,,,,,,,,,,,,,,,,,,,,,,,,,,,,,,,,,,,,,,,,
Scan-Speak,13M-REPLACEMENT,,,,,,,,,,,,,,,,,,,,,,,,,,,,,,,,,,,,,,,,,,,,,,,,,,,,,,,,,,,,,,,,,,,,,,,,,,
Scan-Speak,13M8640-00,,64,0.24,0.27,2.7,5,5.8,0.1,48,4.1,,,0.6,6,1.5,5,,,,,,,87.5,,,,,,87.5,,,,,,,,,,,,,,,,,,,,,,,,,,,,,,,,,,,,,,,,,,,,,
Scan-Speak,15m_4531k,4,,,,4.8,16,,0.16,,11,,1.3,0.6,6,3,8,,,,,,,,,,,,,,,,,,,,,,,,,,,,,,,,,,,,,,,,,,,,,,,,,,,,,,,,,,
Scan-Speak,15m_4624g,,,,,,,,,,,,,,,,,,,,,,,,,,,,,,,,,,,,,,,,,,,,,,,,,,,,,,,,,,,,,,,,,,,,,,,,,,
Scan-Speak,15M/8631G00,8,42,0.35,0.37,,16.2,5.9,,95,10.9,,,,6.8,3,8,,,,,,,87,,,,,,,,150,,,,,,,,,,,,,,,,,,,,,,,,,,,,,,,,,,,,,,,,,,,
Scan-Speak,15w_4531g,,,,0.34,4.6,,3.4,,,,,,,,,,,,,,,,,,,,,,,,,,,,,,,,,,,,,,,,,,,,,,,,,,,,,,,,,,,,,,,,,,,
Scan-Speak,15w/8534T,,,0.39,0.43,,,,,,,,,,,,,,,,,,,,,,,,,,,,,,,,,,,,,,,,,,,,,,,,,,,,,,,,,,,,,,,,,,,,,,
Scan-Speak,16W/4434G-00,,,0.48,,,,3,,,,,,,,,,,,,,,,,,,,,,,,,,,,,,,,,,,,,,,,,,,,,,,,,,,,,,,,,,,,,,,,,,,
Scan-Speak,18M/8631T00,,65,0.71,,,14,6,,154,14.2,,,1.11,6.5,3,14.5,,,,,,,89,,,,,,,,,,,,,,,,,,,,,,,,,,,,,,,,,,,,,,,,,,,,,,,,,,,
Scan-Speak,18w_4531g,,,0.35,,,,3.4,0.3,157,,,1.33,,5.7,,,,,,,,,,,,,,,,,,,,,,,,,,,,,,,,,,,,,,,,,,,,,,,,,,,,,,,,,,,,
Scan-Speak,18w_8531g,,,0.36,0.39,5.1,,,0.35,157,,,,,,,,,,,,,,,,,,,,,,,,,,,,,,,,,,,,,,,,,,,,,,,,,,,,,,,,,,,,,,,,,
Scan-Speak,18w_8535,,,,0.46,,,,,,,,,,,,,,,,,,,,,,,,,,,,,,,,,,,,,,,,,,,,,,,,,,,,,,,,,,,,,,,,,,,,,,
Scan-Speak,18w_8545k,,,,0.3,,,5.5,,,,,,,,,,,,,,,,,,,,,,,,,,,,,,,,,,,,,,,,,,,,,,,,,,,,,,,,,,,,,,,,,,,
Scan-Speak,18W/4545-00,,,,,,,,,,,,,,,,,,,,,,,,,,,,,,,,,,,,,,,,,,,,,,,,,,,,,,,,,,,,,,,,,,,,,,,,,,
Scan-Speak,18W/4545-03,,30.5,0.27,0.32,1.8,35.4,,0.27,150,,,1.12,2.6,7.2,7,,,,,,,,90.2,,,,,,,,,,,,,,,,,,,,,,,,,,,,,,,,,,,,,,,,,,,,,,,,,,,
Scan-Speak,18W/8545-00,,,,,,,,,,,,,,,,,,,,,,,,,,,,,,,,,,,,,,,,,,,,,,,,,,,,,,,,,,,,,,,,,,,,,,,,,,
Scan-Speak,18W8546-00,,22,0.19,0.22,1.7,84,5.5,0.4,145,18.5,,,1.5,8,6.5,10,,,,,,,88,,,,,,88,,,,,,,,,,,,,,,,,,,,,,,,,,,,,,,,,,,,,,,,,,,,,
Scan-Speak,18W8546-01,,22,0.19,0.22,1.7,84,5.5,0.4,145,18.5,,,1.5,8,6.5,10,,,,,,,88,,,,,,88,,,,,,,,,,,,,,,,,,,,,,,,,,,,,,,,,,,,,,,,,,,,,
Scan-Speak,18wu_4741t,,,0.36,0.39,3.76,,3.3,0.4,154,,,,,5.9,,,,,,,,,,,,,,,,,,,,,,,,,,,,,,,,,,,,,,,,,,,,,,,,,,,,,,,,,,,,
Scan-Speak,18wu_4747t,,,0.35,0.39,,,3.3,0.4,,,,1.1,,5.9,,,,,,,,,,,,,,,,,,,,,,,,,,,,,,,,,,,,,,,,,,,,,,,,,,,,,,,,,,,,
Scan-Speak,18wu_8741t,,,0.39,0.44,,,,0.6,154,,,1.1,,7.3,,,,,,,,,,,,,,,,,,,,,,,,,,,,,,,,,,,,,,,,,,,,,,,,,,,,,,,,,,,,
Scan-Speak,18WU/4741T00,,34,0.36,,,38.4,3.3,,154,,,,,5.9,,,,,,,,,87.5,,,,,,,,180,,,,,,,,,,,,,42,8,,20,140,,,,,,,,,,,,,,,,,,,,,,,,,,
Scan-Speak,21W/8555-00,8,20,0.31,0.33,4.5,134,5.5,0.4,220,32,,,0.89,8.2,6.5,12,,,,,,,87,,,,,,87,,,,,,,,,,,,,,,,,,,,,,,,,,,,,,,,,,,,,,,,,,,,,
Scan-Speak,21W14555-01,,,,,,,,,,,,,,,,,,,,,,,,,,,,,,,,,,,,,,,,,,,,,,,,,,,,,,,,,,,,,,,,,,,,,,,,,,
Scan-Speak,22w_4534g,,,0.34,0.37,,,3,,,,,,,,,,,,,,,,,,,,,,,,,,,,,,,,,,,,,,,,,,,,,,,,,,,,,,,,,,,,,,,,,,,
Scan-Speak,22w_4851t,,,0.22,0.23,5.2,,3.7,0.3,,,,1.85,,8.2,,,,,,,,,,,,,,,,,,,,,,,,,,,,,,,,,,,,,,,,,,,,,,,,,,,,,,,,,,,,
Scan-Speak,22w_8534g,,,0.39,0.43,,,5.9,,,,,,,,,,,,,,,,,,,,,,,,,,,,,,,,,,,,,,,,,,,,,,,,,,,,,,,,,,,,,,,,,,,
Scan-Speak,22w_8851t,,,0.25,0.26,5.1,,6.2,0.35,,,,1.85,,9.9,,,,,,,,,,,,,,,,,,,,,,,,,,,,,,,,,,,,,,,,,,,,,,,,,,,,,,,,,,,,
Scan-Speak,22w_8857t,,,0.3,0.32,4.9,,6.2,0.35,,,,1.29,,10.1,,,,,,,,,,,,,,,,,,,,,,,,,,,,,,,,,,,,,,,,,,,,,,,,,,,,,,,,,,,,
Scan-Speak,23W/0-00-00,,,,,,,,,,,,,,,,,,,,,,,,,,,,,,,,,,,,,,,,,,,,,,,,,,,,,,,,,,,,,,,,,,,,,,,,,,
Scan-Speak,23W/0-00-02,,,,,,,,,,,,,,,,,,,,,,,,,,,,,,,,,,,,,,,,,,,,,,,,,,,,,,,,,,,,,,,,,,,,,,,,,,
Scan-Speak,25W/8567-SE,,,,,,,,,,,,,,,,,,,,,,,,,,,,,,,,,,,,,,,,,,,,,,,,,,,,,,,,,,,,,,,,,,,,,,,,,,
Scan-Speak,26w_0-00,,11,,,,95,,,352,400,,0.55,,,,,,,,,,,,,,,,,,,,,,,,,,,,,,,,,,,,,,,,,,,,,,,,,,,,,,,,,,,,,,
Scan-Speak,26w_4534g,,,,,,,,,,,,,,,,,,,,,,,,,,,,,,,,,,,,,,,,,,,,,,,,,,,,,,,,,,,,,,,,,,,,,,,,,,
Scan-Speak,26w_4558t,,,,,,,,,,,,,,,,,,,,,,,,,,,,,,,,,,,,,,,,,,,,,,,,,,,,,,,,,,,,,,,,,,,,,,,,,,
Scan-Speak,26W_4867T,,,0.29,0.31,5.8,,3.7,0.25,,,,1.53,,8.3,,,,,,,,,,,,,,,,,,,,,,,,,,,,,,,,,,,,,,,,,,,,,,,,,,,,,,,,,,,,
Scan-Speak,26w_8534g,,,,,,,,,,,,,,,,,,,,,,,,,,,,,,,,,,,,,,,,,,,,,,,,,,,,,,,,,,,,,,,,,,,,,,,,,,
Scan-Speak,26w_8861t,,,0.31,0.33,5.2,,,0.35,,,,,,9.9,,,,,,,,,,,,,,,,,,,,,,,,,,,,,,,,,,,,,,,,,,,,,,,,,,,,,,,,,,,,
Scan-Speak,26w_8867t,,,0.29,0.31,4.5,,5.8,0.4,,,,1.23,,11.2,,,,,,,,,,,,,,,,,,,,,,,,,,,,,,,,,,,,,,,,,,,,,,,,,,,,,,,,,,,,
Scan-Speak,26W/0-00-00,,11,,,13.7,95,,,352,400,,0.55,1.97,,,28,,,,,,,,,,,,,,,,270,,,,,,,,,,,,,,,,212,,,,,,,,,,,,,,,,,,,,,,,,,,
Scan-Speak,28W/8878T01,,22,0.31,0.33,,116,6.3,0.55,363,,,0.62,,14.9,,,,,,,,,88.5,,,,,,,,280,,,,,,,,,,,,,,,,,,,,,,,,,,,,,,,,,,,,,,,,,,,
Scan-Speak,290033,,,,,,,,,,,,,,,,,,,,,,,,,,,,,,,,,,,,,,,,,,,,,,,,,,,,,,,,,,,,,,,,,,,,,,,,,,
Scan-Speak,30w_0-00,,9.5,,,,200,,,466,435,,0.65,,,,,,,,,,,,,,,,,,,,,,,,,,,,,,,,,,,,,,,,,,,,,,,,,,,,,,,,,,,,,,
Scan-Speak,30w_4558t,,,,,,,,,,,,,,,,,,,,,,,,,,,,,,,,,,,,,,,,,,,,,,,,,,,,,,,,,,,,,,,,,,,,,,,,,,
Scan-Speak,30W/0-00-00,,9.5,,,14,200,,,466,435,,0.65,1.84,,,28,,,,,,,,,,,,,,,300,308,,,,,,,,,,,,,,,,244,,,,,,,,,,,,,,,,,,,,,,,,,,
Scan-Speak,32W/4878T-00,,,,,,,,,,,,,,,14,,,,,,,,,,,,,,,,,,,,,,,,,,,,,,,,,,,,,,,,,,,,,,,,,,,,,,,,,,,
Scan-Speak,32W/4878T11,,24,0.21,,,185,3.1,,526,,,,,14,,,,,,,,,95,,,,,,,,320,,,,,,,,,,,,,,,,,,,,,,,,,,,,,,,,,,,,,,,,,,,
Scan-Speak,32W/8878T11,,21,0.26,,,235,6.1,,526,,,,,16.5,,,,,,,,,91.5,,,,,,,,320,,,,,,,,,,,,,,,,,,,,,,,,,,,,,,,,,,,,,,,,,,,
Scan-Speak,820013,4,55,0.48,0.56,3.06,17.9,3,,80,,,,,4.8,,,,,,,,,90,,,,,,90,,150,165.5,,,,,,,,,,,,,,,,,,,,,,,,,,,,,,,,,,,,,,,,,,
Scan-Speak,D2004/602200,,550,0.95,,,0.01,2.8,,4.5,,,,,1.3,,,,,,,,,89,,,,,,,,19,,,,,,,,,,,,,,,,,,,,,,,,,,,,,,,,,,,,,,,,,,,
Scan-Speak,d2008_8512,,,,,,,,,,,,,,,,,,,,,,,,,,,,,,,,,,,,,,,,,,,,,,,,,,,,,,,,,,,,,,,,,,,,,,,,,,
Scan-Speak,D2008-852100,8,550,0.49,0.71,1.61,0.01,5.9,0.08,3.8,0.2,,0.42,,2.4,,,,,,,,,89,90,150,,,,,,19,92,,,38.4,,68,,,,,,1.9,,,,19.4,22,,,,91,,,,,,,,,,,,,,,,,,,,,,
Scan-Speak,D2008/851100,,,,,,,,,,,,,,,,,,,,,,,,,,,,,,,,,,,,,,,,,,,,,,,,,,,,,,,,,,,,,,,,,,,,,,,,,,
Scan-Speak,D2008/851100,,,,,,,,,,,,,,,,,,,,,,,,,,,,,,,,,,,,,,,,,,,,,,,,,,,,,,,,,,,,,,,,,,,,,,,,,,
Scan-Speak,D2008/851200,,800,0.63,,,0.01,5.7,,,,,,,,0.7,,,,,,,,88,,,,,,,,,,,,,,,,,,,,,,,,,,,,,,,,,,,,,,,,,,,,,,,,,,,
Scan-Speak,d2010_8513,,,,,,,,,,,,,,,,,,,,,,,,,,,,,,,,,,,,,,,,,,,,,,,,,,,,,,,,,,,,,,,,,,,,,,,,,,
Scan-Speak,D2010/851100,,,,,,,,,,,,,,,,,,,,,,,,,,,,,,,,,,,,,,,,,,,,,,,,,,,,,,,,,,,,,,,,,,,,,,,,,,
Scan-Speak,D2010/851300,,800,0.63,,,0.01,5.7,,,,,,,,0.7,,,,,,,,88,,,,,,,,,,,,,,,,,,,,,,,,,,,,,,,,,,,,,,,,,,,,,,,,,,,
Scan-Speak,D2404/5520-00,4,550,0.83,1.01,,0.01,3.4,0.01,4.6,,,,,2,,,,,,,,,91,120,,,,,,,24,104,,,,,80,,,,,,,,,,,,,,,,,,,,,,,,,,,,,,,,,,,,,
Scan-Speak,d2604_8330,,475,,0.71,,,2.8,,,,,,,,,,,,,,,,,,,,,,,,,,,,,,,,,,,,,,,,,,,,,,,,,,,,,,,,,,,,,,,,,,,
Scan-Speak,D2604/8300,,,,1.02,,,2.8,,,,,,,,,,,,,,,,,,,,,,,,,,,,,,,,,,,,,,,,,,,,,,,,,,,,,,,,,,,,,,,,,,,
Scan-Speak,d2606_9200,,1100,,1.31,,,,,,,,,,,,,,,,,,,,,,,,,,,,,,,,,,,,,,,,,,,,,,,,,,,,,,,,,,,,,,,,,,,,,,
Scan-Speak,d2606_9220,,,,,,,,,,,,,,,,,,,,,,,,,,,,,,,,,,,,,,,,,,,,,,,,,,,,,,,,,,,,,,,,,,,,,,,,,,
Scan-Speak,D2608/913000,,,,,,,,,,,,,,,,,,,,,,,,,,,,,,,,,,,,,,,,,,,,,,,,,,,,,,,,,,,,,,,,,,,,,,,,,,
Scan-Speak,D2904,,750,,,,,3.5,0.02,8,0.4,,,,2.7,0.25,1.3,,,,,,,90,,,,,,90,,,,,,,,,,,,,,,,,,,,,,,,,,,,,,,,,,,,,,,,,,,,,
Scan-Speak,d2904_9800,,500,,,,,3.5,,,,,,,,,,,,,,,,,,,,,,,,,,,,,,,,,,,,,,,,,,,,,,,,,,,,,,,,,,,,,,,,,,,
Scan-Speak,D2904-600001,,750,,,,,3.5,0.02,8,0.4,,,,2.7,0.25,1.3,,,,,,,90.5,,,,,,90.5,,,,,,,,,,,,,,,,,,,,,,,,,,,,,,,,,,,,,,,,,,,,,
Scan-Speak,D2904-9500,,550,,0.53,,,3.5,,,,,,,,,,,,,,,,,,,,,,,,,,,,,,,,,,,,,,,,,,,,,,,,,,,,,,,,,,,,,,,,,,,
Scan-Speak,D2904/950000,4,550,0.39,0.53,1.47,0.0198217926144,3.5,,9.5,0.45,,0.19,,3.2,0.1,,,,,,,,91,150,,,,,91,,28,104.5,,,,,75,,,,,,,,,,,28,,,,,,,,,,,,,,,,,,,,,,,,,,
Scan-Speak,d2905_9700,,500,,0.54,,,4.7,,,,,,,,,,,,,,,,,,,,,,,,,,,,,,,,,,,,,,,,,,,,,,,,,,,,,,,,,,,,,,,,,,,
Scan-Speak,D2905/950000,,550,,0.6,,,4.7,,,,,,,,,,,,,,,,,,,,,,,,,,,,,,,,,,,,,,,,,,,,,,,,,,,,,,,,,,,,,,,,,,,
Scan-Speak,D2908/714000,8,534,0.47,0.5,7.3,0.02,5.7,0.02,7,0.33,,,0.15,3.6,0.2,1.6,,,,,,,92,,,,,,92,,,,,,,,,,,,,,,,,,,,,,,,,,,,,,,,,,,,,,,,,,,,,
Scan-Speak,D3004/602200,4,440,0.42,0.5,2.42,0.03,3,,7,,,,,2.3,,,,,,,,,90.5,50,,,,,,,26,62,,,45.3,,,,,,,,,,,,,26,26,,,,,,,,,,,,,,,,,,,,,,,,,
Scan-Speak,D3004/604010,,450,,0.97,2.5,,3,0.02,,,,0.43,,1.7,,,,,,,,,,,,,,,,,,,,,,,,,,,,,,,,,,,,,,,,,,,,,,,,,,,,,,,,,,,,
Scan-Speak,D3004/606005,,700,0.54,,,0.01,2.9,,7,,,,,2.4,,,,,,,,,91,,,,,,,,26,,,,,,,,,,,,,,,,,,,,,,,,,,,,,,,,,,,,,,,,,,,
Scan-Speak,D3004/606200,,430,0.38,,,0.03,3,,7,,,,,2.4,,,,,,,,,91,,,,,,,,26,,,,,,,,,,,,,,,,,,,,,,,,,,,,,,,,,,,,,,,,,,,
Scan-Speak,D3004/6600,,,,,,,,,,,,,,,,,,,,,,,,,,,,,,,,,,,,,,,,,,,,,,,,,,,,,,,,,,,,,,,,,,,,,,,,,,
Scan-Speak,D3004/662001,,,,,,,,,,,,,,,,,,,,,,,,,,,,,,,,,,,,,,,,,,,,,,,,,,,,,,,,,,,,,,,,,,,,,,,,,,
Scan-Speak,H2606/920000,6,1030,0.7,1.2,2.1,,4.7,0.05,5.7,0.4,,,1.3,3.3,0.2,1.6,,,,,,,95,100,,,,,95,,25,104,,,,,72,,,,,,,25,1.6,,2,26,25,,,,,,,,,,,,,,,,,,,,,,,,,
Scan-Speak,H2606/920000,,1030,,1.2,,,4.7,,,,,,,,,,,,,,,,,,,,,,,,,,,,,,,,,,,,,,,,,,,,,,,,,,,,,,,,,,,,,,,,,,,
Scan-Speak,M21WG-09-08,8,38,0.7,0.82,4.9,81,5.6,,,,,,,,,,,,,,,,90,50,,,,,90,,,215,,,,,,,,,,,,,,,,,,,,,,,,,,,,,,,,,,,,,,,,,,
Scan-Speak,M21WO-39-08,8,28,0.3,0.35,1.97,105,5.5,,,,,,,,,,,,,,,,90,80,,,,,90,,,215,,,,,,,,,,,,,,,,,,,,,,,,,,,,,,,,,,,,,,,,,,
Scan-Speak,P17WJ-00-08,8,37,0.35,0.45,1.55,34.7,5.8,0.55,136,14,,,,,,,,,,,,,88,40,,,,,88,,,170,,,,,,,,,,,,,,,,,,,,,,,,,,,,,,,,,,,,,,,,,,
Scan-Speak,p17wj00,,,,,,,,,,,,,,,,,,,,,,,,,,,,,,,,,,,,,,,,,,,,,,,,,,,,,,,,,,,,,,,,,,,,,,,,,,
Scan-Speak,P17WJ02-04,,,,,,,,,,,,,,,,,,,,,,,,,,,,,,,,,,,,,,,,,,,,,,,,,,,,,,,,,,,,,,,,,,,,,,,,,,
Scan-Speak,P21WO-20-08,8,28,0.33,0.41,1.6,113,5.7,,,,,,,,,,,,,,,,91,80,,,,,91,,,215,,,,,,,,,,,,,,,,,,,,,,,,,,,,,,,,,,,,,,,,,,
Scan-Speak,PL14WJ-09-08,8,47,0.38,0.46,2.2,13,5.8,0.49,80,8.2,,,1.3,5.5,,,,,,,,,88,40,,,,,88,,,149,,,,,,,,,,,,,,,,,,,,,,,,,,,,,,,,,,,,,,,,,,
Scan-Speak,PL18WO-09-08,8,38,0.34,0.4,2.46,25,5.8,0.85,132,17.5,,,,,,,,,,,,,87,100,,,,,87,,,180,,,,,,,,,,,,,,,,,,,,,,,,,,,,,,,,,,,,,,,,,,
Scan-Speak,r2004_6020,,,,,,,,,,,,,,,,,,,,,,,,,,,,,,,,,,,,,,,,,,,,,,,,,,,,,,,,,,,,,,,,,,,,,,,,,,
Scan-Speak,R2004/602200,,625,0.96,,,0.01,2.8,,3.8,,,,,1.3,,,,,,,,,87.5,,,,,,,,19,,,,,,,,,,,,,,,,,,,,,,,,,,,,,,,,,,,,,,,,,,,
Scan-Speak,r2604_8320,,,,,,,,,,,,,,,,,,,,,,,,,,,,,,,,,,,,,,,,,,,,,,,,,,,,,,,,,,,,,,,,,,,,,,,,,,
Scan-Speak,r2604_8330,,440,,,,,2.9,,,,,,,,,,,,,,,,,,,,,,,,,,,,,,,,,,,,,,,,,,,,,,,,,,,,,,,,,,,,,,,,,,,
Scan-Speak,R3004/602200,4,420,0.4,,,0.02,3,,5.6,,,,,2.4,,,,,,,,,89.5,50,,,,,,,26,62,,,,,48,,,,,,,,,,,26,,,,,,,,,,,,,,,,,,,,,,,,,,
Scan-Speak,R3004/662001,,,,,,,,,,,,,,,,,,,,,,,,,,,,,,,,,,,,,,,,,,,,,,,,,,,,,,,,,,,,,,,,,,,,,,,,,,
Scan-Speak,Scan Speak 26 W 00 Passiv-Membrane,,11,,,13.7,95,,,352,400,,0.55,,,28,,,,,,,,,,,,,,,,,,,,70.85,,240,,,,,,,,,,,,,,,270,,,,,,,,,,,,,,,,,,,,,,
Scan-Speak,Scan Speak 30 W 00 Passiv-Membrane,,9.5,,,14,200,,,466,435,,,,,28,,,,,,,,,,,,,,,,,,,,80,,280,,,,,,,,,,,,,,,308,,,,,,,,,,,,,,,,,,,,,,
SEAS,19TAFD/G,8,1700,,,,,6.2,0.05,4,0.23,,,,2.6,,,,0.5,,,,,88,,,,,,88,20000,,,,,,,,,,,,,,,,,,,,,,,,,,,,,,,,,,,,,,,,,,,,
SEAS,19TFF1,8,1700,,,,,6.2,0.05,4,0.23,,,,2.6,,,,0.5,,,,,88,,,,,,88,20000,,,,,,,,,,,,,,,,,,,,,,,,,,,,,,,,,,,,,,,,,,,,
SEAS,22TAF-G,6,1100,,,,,4.9,0.05,5.9,0.23,,,,3.3,,,,0.5,,,,,92,,,,,,92,30000,,,,,,,,,,,,,,,,,,,,,,,,,,,,,,,,,,,,,,,,,,,,
SEAS,22TFF,6,1050,,,,,1.9,0.05,5.9,0.25,,,,3.3,,,,0.4,,,,,91,,,,,,91,,,,,,,,,,,,,,,,,,,,,,,,,,,,,,,,,,,,,,,,,,,,,
SEAS,25TFFC,6,1200,,,,,4.8,0.05,7,0.3,,,,3.5,,,,0.5,,,,,,,,,,,,,,,,,,,,,,,,,,,,,,,,,,,,,,,,,,,,,,,,,,,,,,,,
SEAS,25TFFC H0519,6,1200,,,,,4.8,,,0.3,,,,3.5,,,,,,,,,,,,,,,,,,,,,,,,,,,,,,,,,,,,,,,,,,,,,,,,,,,,,,,,,,,,
SEAS,25TFFN-QG,6,1800,,,,,4.8,0.05,7,0.3,,,,2.45,,,,0.5,,,,,89,,,,,,89,25000,,,,,,,,,,,,,,,,,,,,,,,,,,,,,,,,,,,,,,,,,,,,
SEAS,27TAFC-G,6,500,,,,,4.8,0.05,7.6,0.32,,,,3.5,,,,0.5,,,,,91,,,,,,91,25000,,,,,,,,,,,,,,,,,,,,,,,,,,,,,,,,,,,,,,,,,,,,
SEAS,27TBC/G,6,1050,,,,,1.9,0.05,5.9,0.25,,,,3.3,,,,0.4,,,,,92,,,,,,92,,,,,,,,,,,,,,,,,,,,,,,,,,,,,,,,,,,,,,,,,,,,,
SEAS,27TBCD/GB-DXT,6,900,,,,,4.8,0.05,7.5,0.33,,,,3.7,,,,0.5,,,,,92,,,,,,92,25000,,104.2,,,59.3,,73,,,,,,,,,,,,26,,,,,,,,,,,,,,,,,,,,,,,,,
SEAS,27TBFC-G,6,550,,,,,4.8,0.05,7.5,0.34,,,,3.5,,,,0.5,,,,,91.5,,,,,,91.5,20000,,103.8,,,39,,73,,,,,,,,,,,,26,,,,,,,,,,,,,,,,,,,,,,,,,
SEAS,27TDC,6,550,,,,,4.8,0.05,7,0.3,,,,3.5,,,,0.5,,,,,90,,,,,,90,25000,,,,,,,,,,,,,,,,,,,,,,,,,,,,,,,,,,,,,,,,,,,,
SEAS,27TDFC,6,550,,,,,4.8,0.05,7.5,0.37,,,,3.5,,,,0.5,,,,,90,,,,,,90,25000,,,,,,,,,,,,,,,,,,,,,,,,,,,,,,,,,,,,,,,,,,,,
SEAS,27TFF,6,1200,,,,,4.8,0.05,7.5,0.3,,,,3.5,,,,0.5,,,,,92,,,,,,92,25000,,,,,,,,,,,,,,,,,,,,,,,,,,,,,,,,,,,,,,,,,,,,
SEAS,27TFF/TV,,,,,,,,,,,,,,,,,,,,,,,,,,,,,,,,,,,,,,,,,,,,,,,,,,,,,,,,,,,,,,,,,,,,,,,,,,
SEAS,27TFFC,6,550,,,,,4.8,0.05,7.6,0.25,,,,3.5,,,,0.5,,,,,91,,,,,,91,30000,,103.8,,,39,,73,,,,,,,,,,,,26,,,,,,,,,,,,,,,,,,,,,,,,,
SEAS,27TFFNC-G,4,1170,,,,,2.7,0.03,7.5,0.26,,,,1.9,,,,0.9,,,,,91,,,,,,91,30000,,53,,,21.5,,46,,,,,,,,,,,,26,,,,,,,,,,,,,,,,,,,,,,,,,
SEAS,27TFFNC/CG,4,1170,,,,,2.7,0.03,7.5,0.26,,,,1.9,,,,0.9,,,,,91,,,,,,91,,,,,,,,,,,,,,,,,,,,,,,,,,,,,,,,,,,,,,,,,,,,,
SEAS,27TTFNC/GW,6,750,,,,,4.9,0.05,7,0.32,,,,3.9,,,,0.5,,,,,91.5,,,,,,91.5,25000,,,,,,,,,,,,,,,,,,,,,,,,,,,,,,,,,,,,,,,,,,,,
SEAS,29TFF-W,6,950,,,,,4.7,0.05,8,0.35,,,,3.5,,,,0.5,,,,,92,,,,,,92,25000,,,,,,,,,,,,,,,,,,,,,,,,,,,,,,,,,,,,,,,,,,,,
SEAS,A26RE4,8,25,0.39,0.43,3.84,169,6.3,3.8,350,37.4,,1.1,1.69,9.7,,,,8,,,,,89,,,,,,89,1500,,,,,,,,,,,,,,,,,,,,,,,,,,,,,,,,,,,,,,,,,,,,
SEAS,c16n001_f (e0051),4,37,0.49,0.58,3.24,15,3.2,0.27,,0.56,,1.3,1.09,,,,,,22,,,,,,,,,,,,127,146.05,,,,,125.984,,,,,,,,,,,,,,,,,,,,,,,,,,,,,,,,,,,,,
SEAS,C16NX001-X-TPCD,,,,,,,,,,,,,,,,,,,,,,,,,,,,,,,,,,,,,,,,,,,,,,,,,,,,,,,,,,,,,,,,,,,,,,,,,,
SEAS,C16NX001/F,,,,,,,,,,,,,,,,,,,,,,,,,,,,,,,127,,,,,,,,,,,,,,,,,,,,,,,,,,,,,,,,,,,,,,,,,,,
SEAS,C18EN002/A E0060-08/06,,,0.62,0.86,2.16,3.7,,,,,,0.17,4.95,,,,,,12,,,,,,,,,,,,,,,,,,,,,,,,,,,,,,,,,,,,,,,,,,,,,,,,,,,,,,,
SEAS,CA12RCY,8,57,0.31,0.36,2.17,5,6.4,1.05,55,6.1,,1.3,1.04,6.35,,,,6,,,,,86,,,,,,86,5000,,,,,,,,,,,,,,,,,,,,,,,,,,,,,,,,,,,,,,,,,,,,
SEAS,CA15RLY,8,44,0.34,0.42,1.88,14,5.6,0.82,80,7.7,,1.7,1.19,5.5,,,,10,,,,,87.5,,,,,,87.5,,,,,,,,,,,,,,,,,,,,,,,,,,,,,,,,,,,,,,,,,,,,,
SEAS,CA18RLY,8,42,0.47,0.56,2.92,32,5.8,1.05,136,10.6,,1.4,1.04,5.6,,,,10,,,,,90,,,,,,90,3000,,,,,,,,,,,,,,,,,,,,,,,,,,,,,,,,,,,,,,,,,,,,
SEAS,CA26RE4X,8,25,0.28,0.3,3.99,164,6.1,3.08,350,38.5,,1.1,1.66,11.6,,,,8,,,,,91,,,,,,91,1500,254,268.986,,,,,232.156,,,,,,,,,,,,,,,,,,,,,,,,,,,,,,,,,,,,,
SEAS,CA26RFX,8,29,0.34,0.4,2.14,129,6.3,1.95,350,36.1,,0.8,3.4,10.7,,,,14,,,,,90.5,,,,,,90.5,1000,,,,,,,,,,,,,,,,,,,,,,,,,,,,,,,,,,,,,,,,,,,,
SEAS,CC17RCY,8,34,0.28,0.32,2.23,45.1,5.7,10.65,130,10.5,,2.1,1.1,6.6,,,,6,,,,,92,,,,,,92,,,,,,,,,,,,,,,,,,,,,,,,,,,,,,,,,,,,,,,,,,,,,
SEAS,D1001-04S,,,,,,,,,,,,,,,,,,,,,,,,,,,,,,,,,,,,,,,,,,,,,,,,,,,,,,,,,,,,,,,,,,,,,,,,,,
SEAS,D1003,,,,,,,,,,,,,,,,,,,,,,,,,,,,,,,,,,,,,,,,,,,,,,,,,,,,,,,,,,,,,,,,,,,,,,,,,,
SEAS,D1004-04S,4,24,0.27,0.28,4.9,46,3.3,3.85,363,173,,0.26,5.4,18,,,,28,56,,,,85.5,,,,,,85.5,,,,,,,,,,,,,,,56,38,,10,,,,,,,,,,,,,,,,,,,,,,,,,,,
SEAS,D21-RNX/DDP,,,,,,,,,,,,,,,,,,,,,,,,,,,,,,,,,,,,,,,,,,,,,,,,,,,,,,,,,,,,,,,,,,,,,,,,,,
SEAS,E0006-06,6,700,,,,,4.6,0.05,,0.33,,,,3.5,,,,0.5,,,,,91,,,,,,91,,,,,,,,,,,,,,,26,1.5,,2.5,,,,,,,,,,,,,,,,,,,,,,,,,,,
SEAS,E0011-06,6,500,,,,,4.6,0.05,7,0.37,,,,3.1,,,,1,,,,,89,,,,,,89,,,,,,,,,,,,,,,26,1.5,,2.5,,,,,,,,,,,,,,,,,,,,,,,,,,,
SEAS,E0015-08S,8,38,0.36,0.43,2.22,14,5.5,0.49,75,9.5,,1.8,1.06,5.5,,,,8,14,,,,85.5,,,,,,85.5,,,,,,,,,,,,,,,26,14,,6,,,,,,,,,,,,,,,,,,,,,,,,,,,
SEAS,E0017-08S,8,34,0.26,0.3,1.8,29.7326889216,6.1,0.65,126,15.5,,1.4,1.94,8.4,,,,10,,,,,88,,,,,,88,,,,,,,,,,,,,,,39,16,,6,,,,,,,,,,,,,,,,,,,,,,,,,,,
SEAS,E0018-08S,8,34,0.42,0.49,2.91,30,6.1,0.65,126,15.5,,1.4,1.2,6.6,,,,10,19,,,,,,,,,,,,177.8,,,,,,,,,,,,,39,16,,6,,,,,,,,,,,,,,,,,,,,,,,,,,,
SEAS,E0021-08S,8,45,0.36,0.42,2.5,6,5.6,0.43,50,7.5,,1.7,0.87,5.4,,,,6,9,,,,84,,,,,,84,,,120.396,,,,,99.06,,,,,,,26,12,,6,,,,,,,,,,,,,,,,,,,,,,,,,,,
SEAS,E0022-08S,8,25,0.34,0.41,2.08,98,6.1,0.61,,26.2,,1.5,2.06,8.1,,,,10,21,,,,88,,,,,,88,,,,,,,,,,,,,,,39,16,,6,,,,,,,,,,,,,,,,,,,,,,,,,,,
SEAS,E0026-08S,8,20,0.35,0.41,2.34,162,6.3,1.43,330,56.3,,1.1,3.21,10.7,,,,14,35,,,,,,,,,,,,254,,,,,,232.156,,,,,,,51,20,,6,,,,,,,,,,,,,,,,,,,,,,,,,,,
SEAS,E0037-08S,,,,,,,,,,,,,,,,,,,,,,,,,,,,,,,,,,,,,,,,,,,,,,,,,,,,,,,,,,,,,,,,,,,,,,,,,,
SEAS,E0040-06,6,500,,,,,4.7,0.05,8,0.35,,,,3.5,,,,1,,,,,92.5,,,,,,92.5,,,,,,,,,,,,,,,26,1.5,,2.5,,,,,,,,,,,,,,,,,,,,,,,,,,,
SEAS,E0041-08S,8,49,0.45,0.56,2.21,12,5.7,0.3,75,6.28,,1.7,0.93,4.6,,,,10,20,,,,86.5,,,,,,86.5,,127,,,,,,,,,,,,,26,16,,6,,,,,,,,,,,,,,,,,,,,,,,,,,,
SEAS,E0042-08S,8,40,0.34,0.41,2.08,24,6.3,0.43,126,13.7,,1.2,1.77,7,,,,14,22,,,,87.5,,,,,,87.5,,177.8,,,,,,,,,,,,,39,20,,6,,,,,,,,,,,,,,,,,,,,,,,,,,,
SEAS,E0043-06S,6,67,0.4,0.52,1.7,6,4.9,0.43,75,6.75,,0.8,1.77,5.3,,,,6,14,,,,88.5,,,,,,88.5,,127,,,,,,,,,,,,,26,12,,6,,,,,,,,,,,,,,,,,,,,,,,,,,,
SEAS,E0044-08S,,,,,,,,,,,,,,,,,,,,,,,,,,,,,,,,,,,,,,,,,,,,,,,,,,,,,,,,,,,,,,,,,,,,,,,,,,
SEAS,E0045-08S,8,33,0.3,0.36,1.73,72,6.1,0.61,220,20,,1.2,2.6,8.8,,,,14,21,,,,90,,,,,,,,,,,,,,,,,,,,,39,20,,6,,,,,,,,,,,,,,,,,,,,,,,,,,,
SEAS,E0046-08S,8,31,0.39,0.47,2.55,87,6.2,0.81,330,42.4,,0.6,3.52,10.9,,,,14,35,,,,89,,,,,,89,,254,268.986,,,,,232.156,,,,,,,51,20,,6,,,,,,,,,,,,,,,,,,,,,,,,,,,
SEAS,E0047-04,4,500,,,,,,0.03,8,0.35,,,,3,,,,1.4,,,,,92,,,,,,92,,,,,,,,,,,,,,,26,1.1,,2.5,,,,,,,,,,,,,,,,,,,,,,,,,,,
SEAS,E0049-04S,4,37,0.33,0.38,2.66,15,3,0.25,94,14.8,,1.3,1.34,5.3,,,,14,22,,,,88,,,,,,,,,,,,,,,,,,,,,39,20,,6,,,,,,,,,,,,,,,,,,,,,,,,,,,
SEAS,E0049-08S,8,39,0.35,0.41,2.16,14,6.2,0.41,94,13.9,,1.2,1.64,7.3,,,,14,22,,,,85,,,,,,85,,,,,,,,,,,,,,,38,20,,6,,,,,,,,,,,,,,,,,,,,,,,,,,,
SEAS,E0051-04/06S,4,37,0.49,0.58,3.24,15,3.2,0.27,94,14.6,,1.3,1.09,4.4,,,,14,22,,,,85,,,,,,,,,,,,,,,,,,,,,39,20,,6,,,,,,,,,,,,,,,,,,,,,,,,,,,
SEAS,E0051-04/06S (tweeter),6,1200,,,,,4.8,0.05,7,0.3,,,,2.3,,,,0.5,,,,,90,,,,,,,,,,,,,,,,,,,,,26,1.5,,2,,,,,,,,,,,,,,,,,,,,,,,,,,,
SEAS,E0055-06,6,620,,,,,4.6,0.06,11.9,0.47,,,,4.3,,,,1,,,,,95,,,,,,95,,,,,,,,,,,,,,,35,2,,3,,,,,,,,,,,,,,,,,,,,,,,,,,,
SEAS,E0057-08/06S,8,85,0.54,0.74,1.99,5,6.3,0.46,131,15.3,,0.2,4.54,8.8,,,,6,12,,,,87,,,,,,,,,,,,,,,,,,,,,39,12,,6,,,,,,,,,,,,,,,,,,,,,,,,,,,
SEAS,E0057-08/06S (tweeter),6,1670,,,,,5,0.05,,0.3,,,,3.1,,,,0.4,,,,,90,,,,,,,,,,,,,,,,,,,,,26,1.6,,2,,,,,,,,,,,,,,,,,,,,,,,,,,,
SEAS,E0058-06D,,,,,,,,,,,,,,,,,,,,,,,,,,,,,,,,,,,,,,,,,,,,,,,,,,,,,,,,,,,,,,,,,,,,,,,,,,
SEAS,E0060-08,,,,,,,,,,,,,,,,,,,,,,,,,,,,,,,127,,,,,,,,,,,,,,,,,,,,,,,,,,,,,,,,,,,,,,,,,,,
SEAS,E0060-08/06,8,98,0.62,0.86,2.16,3.7,6.2,0.62,131,15.7,,0.17,4.95,8.8,,,,6,12,,,,87,,,,,,,,,,,,,,,,,,,,,39,12,,6,,,,,,,,,,,,,,,,,,,,,,,,,,,
SEAS,E0060-08/06 (tweeter),6,1430,,,,,5,0.05,,0.4,,,,3.1,,,,0.4,,,,,90,,,,,,,,,,,,,,,,,,,,,26,1.6,,2,,,,,,,,,,,,,,,,,,,,,,,,,,,
SEAS,E0073-08,8,36,0.34,0.36,4.73,17,6.4,0.12,94,14.2,,1.35,0.69,7.6,,,,14,22,,,,85.4,,,,,,85.4,,,,,,,,,,,,,,,39,20,,6,,,,,,,,,,,,,,,,,,,,,,,,,,,
SEAS,E0074-08,8,32,,0.32,4.85,29,6.1,0.2,126,19,,1.3,0.79,8.5,,,,10,,,,,87,,,,,,,,,,,,,,,,,,,,,39,16,,6,,,,,,,,,,,,,,,,,,,,,,,,,,,
SEAS,E0076-08,8,34,0.41,0.45,5.3,24,6.2,0.23,136,23.1,,0.95,0.93,8.3,,,,14,22,,,,85.6,,,,,,85.6,,,,,,,,,,,,,,,39,20,,6,,,,,,,,,,,,,,,,,,,,,,,,,,,
SEAS,E0077-08,8,25,0.39,0.44,4.18,93,6.3,0.26,220,31.1,,1.35,1.15,8.3,,,,14,20,,,,87.3,,,,,,87.3,,,,,,,,,,,,,,,39,20,,6,,,,,,,,,,,,,,,,,,,,,,,,,,,
SEAS,E0091-08,8,72,,0.49,2.2,3,5.6,0.27,50,6.9,,0.71,1.42,5.9,,,,6,,,,,85,,,,,,,,,,,,,,,,,,,,,26,12,,6,,,,,,,,,,,,,,,,,,,,,,,,,,,
SEAS,E0096-08,8,35,,0.38,3.11,31,6.3,0.12,126,15,,1.36,1.07,7.4,,,,14,,,,,87.6,,,,,,,,,,,,,,,,,,,,,39,20,,6,,,,,,,,,,,,,,,,,,,,,,,,,,,
SEAS,E0097-08,8,21,0.29,0.31,3.66,164,6.4,0.13,220,23.5,,2.39,0.86,8,,,,14,34,,,,89,,,,,,89,,,,,,,,,,,,,,,39,20,,6,,,,,,,,,,,,,,,,,,,,,,,,,,,
SEAS,E0100-04D,,,,,,,,,,,,,,,,,,,,,,,,,,,,,,,,,,,,,,,,,,,,,,,,,,,,,,,,,,,,,,,,,,,,,,,,,,
SEAS,E0100-06 T29D001,4,530,,,,,3.8,0.01,8,0.36,,,,2.5,,,,1.4,,,,,91,,,,,,91,,,,,,,,,,,,,,,,,,,,,,,,,,,,,,,,,,,,,,,,,,,,,
SEAS,E0103-06,6,377,,,,,4.8,0.13,41.2,3,,,,6.3,,,,,,,,,,,,,,,,,,,,,,,,,,,,,,,,,,,,,,,,,,,,,,,,,,,,,,,,,,,,
SEAS,E0110-04,4,515,,,,,3.6,0.01,8,0.37,,,,3.4,,,,1.4,,,,,91,,,,,,91,,,,,,,,,,,,,,,26,1.1,,2.5,,,,,,,,,,,,,,,,,,,,,,,,,,,
SEAS,E0115-08,8,40,0.32,0.34,4.37,18,6.4,0.45,104,,,1.19,0.77,7.9,,,,14,22,,,,87.3,,,,,,87.3,,,,,,,,,,,,,,,39,20,,6,,,,,,,,,,,,,,,,,,,,,,,,,,,
SEAS,E0121-04/06,4,38,0.29,0.3,4.95,18,3.1,0.16,94,12.4,,1.41,0.6,8,,,,14,22,,,,89,,,,,,,,,,,,,,,,,,,,,39,20,,6,,,,,,,,,,,,,,,,,,,,,,,,,,,
SEAS,E0121-04/06 (tweeter),6,1490,,,,,4.7,0.02,,0.3,,,,2.8,,,,0.4,,,,,90,,,,,,,,,,,,,,,,,,,,,26,1.6,,2,,,,,,,,,,,,,,,,,,,,,,,,,,,
SEAS,ER15RLY,8,44,0.32,0.41,1.55,15,5.6,0.73,80,7.6,,1.7,1.43,5.5,,,,10,,,,,87.5,,,,,,87.5,4000,127,146.05,,,,,112.014,,,,,,,,,,,,,,,,,,,,,,,,,,,,,,,,,,,,,
SEAS,exotic_f8-x1-04,4,31,0.39,0.43,4.24,146,3,0.05,222,10.5,,2.08,0.57,4.2,,,,4.2,14,,,,,,,,,,,,,,,,,,,,,,,,,,,,,,,,,,,,,,,,,,,,,,,,,,,,,,,
SEAS,exotic_f8-x1-08,8,32,0.44,0.5,4.2,143,5.7,0.07,222,10,,2.5,0.57,5.25,,,,4.2,14,,,,,,,,,,,,,,,,,,,,,,,,,,,,,,,,,,,,,,,,,,,,,,,,,,,,,,,
SEAS,exotic-t35,6,600,,,,,4.6,0.06,11.9,0.47,,,,3.9,,,,1,,,,,94,,,,,,94,25000,,,,,,,,,,,,,,,,,,,,,,,,,,,,,,,,,,,,,,,,,,,,
SEAS,exotic-w8-08,8,36,0.24,0.25,5.1,78,6,0.43,212,13.9,,1.2,0.7,9.2,,,,6,22,,,,,,,,,,,,,,,,,,,,,,,,,,,,,,,,,,,,,,,,,,,,,,,,,,,,,,,
SEAS,FA22RCZ-H1597,8,30,0.35,0.38,4.36,134,5.7,0.09,222,12.6,,2.2,0.63,6.4,,,,6,14,,,,,,,,,,,,203.2,,,,,,,,,,,,,,,,,,,,,,,,,,,,,,,,,,,,,,,,,,,
SEAS,H0532-08,8,1700,,,,,6.2,0.05,4,0.23,,,,2.6,,,,0.5,,,,,88,,,,,,,,,,,,,,,,,,,,,19.5,1.5,,2,,,,,,,,,,,,,,,,,,,,,,,,,,,
SEAS,H0623,6,1700,,,,,6.2,0.05,4,0.23,,,,2.6,,,,0.5,,,,,88,,,,,,88,,,,,,,,,,,,,,,,,,,,,,,,,,,,,,,,,,,,,,,,,,,,,
SEAS,h0737,8,1700,,,,,6.2,0.05,4,0.23,,,,2.6,,,,0.5,,,,,88,,,,,,88,,,,,,,,,,,,,,,,,,,,,,,,,,,,,,,,,,,,,,,,,,,,,
SEAS,H0737-08,8,1700,,,,,6.2,0.05,4,0.23,,,,2.6,,,,0.5,,,,,88,,,,,,,,,,,,,,,,,,,,,19.5,1.5,,2,,,,,,,,,,,,,,,,,,,,,,,,,,,
SEAS,H0831-06,6,1200,,,,,4.8,0.05,7.5,0.3,,,,3.5,,,,0.5,,,,,92,,,,,,,,,,,,,,,,,,,,,26,1.5,,2,,,,,,,,,,,,,,,,,,,,,,,,,,,
SEAS,H0881-06,6,550,,,,,4.8,0.05,7.6,0.25,,,,3.5,,,,0.5,,,,,91,,,,,,,,,,,,,,,,,,,,,26,1.5,,2,,,,,,,,,,,,,,,,,,,,,,,,,,,
SEAS,H1085-08,8,33,0.31,0.37,2.01,38,5.6,0.92,125,12.7,,1.8,1.39,6.5,,,,8,16,,,,88,,,,,,88,,,,,,,,,,,,,,,26,14,,6,,,,,,,,,,,,,,,,,,,,,,,,,,,
SEAS,H1141-08,8,44,0.35,0.43,2.1,12,5.5,0.84,75,8.1,,1.6,1.12,5.7,,,,10,20,,,,,,,,,,,,,,,,,,,,,,,,,26,16,,6,,,,,,,,,,,,,,,,,,,,,,,,,,,
SEAS,H1147-06,6,600,,,,,4.8,0.05,7,0.33,,,,3.5,,,,0.5,,,,,92,,,,,,,,,,,,,,,,,,,,,26,1.5,,2,,,,,,,,,,,,,,,,,,,,,,,,,,,
SEAS,H1149-06,6,550,,,,,4.6,0.05,7,0.3,,,,3.5,,,,0.5,,,,,90,,,,,,90,,,,,,,,,,,,,,,26,1.5,,2.5,,,,,,,,,,,,,,,,,,,,,,,,,,,
SEAS,h1152,8,57,0.31,0.36,2.17,5,6.4,1.05,55,6.1,,1.3,1.04,6.35,,,,6,9,,,,86,,,,,,86,,,,,,,,,,,,,,,,,,,,,,,,,,,,,,,,,,,,,,,,,,,,,
SEAS,H1152-08,8,57,0.31,0.36,2.17,5,6.4,1.05,55,6.1,,1.3,1.04,6.35,,,,6,9,,,,86,,,,,,,,101.6,120.396,,,,,95.758,,,,,,,26,,,6,,,,,,,,,,,,,,,,,,,,,,,,,,,
SEAS,h1189,6,550,,,,,4.8,0.05,7.5,0.37,,,,3.5,,,,0.5,,,,,90,,,,,,90,,,,,,,,,,,,,,,,,,,,,,,,,,,,,,,,,,,,,,,,,,,,,
SEAS,H1189-06,6,550,,,,,4.8,0.05,,0.37,,,,3.5,,,,0.5,,,,,90,,,,,,90,,,,,,,,,,,,,,,26,1.5,,2.5,,,,,,,,,,,,,,,,,,,,,,,,,,,
SEAS,h1192,8,20,0.24,0.26,3.28,108,6.1,3.47,230,41.6,,1.5,1.67,11.4,,,,14,21,,,,87,,,,,,87,,203.2,220.726,,,,,186.436,,,,,,,,,,,,,,,,,,,,,,,,,,,,,,,,,,,,,
SEAS,H1192-08,8,20,0.24,0.26,3.28,108,6.1,3.47,230,41.6,,1.5,1.67,11.4,,,,14,21,,,,87,,,,,,87,,,,,,,,,,,,,,,39,20,,6,,,,,,,,,,,,,,,,,,,,,,,,,,,
SEAS,H1207-08,8,50,0.29,0.33,2.34,5,5.5,0.76,50,6.8,,1.5,0.94,6.1,,,,6,9,,,,85.5,,,,,,85.5,,,,,,,,,,,,,,,26,12,,6,,,,,,,,,,,,,,,,,,,,,,,,,,,
SEAS,h1208,8,21,0.27,0.29,3.13,93,6.1,3.76,220,40,,1.4,1.76,10.7,,,,14,21,,,,,,,,,,,,,,,,,,,,,,,,,,,,,,,,,,,,,,,,,,,,,,,,,,,,,,,
SEAS,H1208-08,8,21,0.27,0.29,3.13,93,6.1,3.76,220,40,,1.4,1.76,10.7,,,,14,21,,,,86.5,,,,,,86.5,,,,,,,,,,,,,,,39,20,,6,,,,,,,,,,,,,,,,,,,,,,,,,,,
SEAS,h1209,8,20,0.33,0.39,2.15,171,6.3,1.83,330,53,,1.2,3.3,10.7,,,,14,35,,,,,,,,,,,,254,268.986,,,,,232.156,,,,,,,,,,,,,,,,,,,,,,,,,,,,,,,,,,,,,
SEAS,H1209-08,8,20,0.33,0.39,2.15,171,6.3,1.83,330,53,,1.2,3.3,10.7,,,,14,35,,,,88,,,,,,88,,,,,,,,,,,,,,,51,20,,6,,,,,,,,,,,,,,,,,,,,,,,,,,,
SEAS,h1212,6,550,,,,,4.8,0.05,7.5,0.34,,,,3.5,,,,0.5,,,,,91.5,,,,,,91.5,,,,,,,,,,,,,,,,,,,,,,,,,,,,,,,,,,,,,,,,,,,,,
SEAS,H1212-06,6,550,,,,,4.8,0.05,7.5,0.34,,,,3.5,,,,0.5,,,,,91.5,,,,,,,,,,,,,,,,,,,,,26,1.5,,2,,,,,,,,,,,,,,,,,,,,,,,,,,,
SEAS,h1215,8,35,0.31,0.37,1.9,33,5.8,1.2,136,14,,1.4,1.72,7.2,,,,12,22,,,,,,,,,,,,,,,,,,,,,,,,,,,,,,,,,,,,,,,,,,,,,,,,,,,,,,,
SEAS,H1215-08,8,35,0.31,0.37,1.9,33,5.8,1.2,136,14,,1.4,1.72,7.2,,,,12,22,,,,88.5,,,,,,88.5,,,,,,,,,,,,,,,39,18,,6,,,,,,,,,,,,,,,,,,,,,,,,,,,
SEAS,h1216,8,44,0.34,0.42,1.88,14,5.6,0.82,80,7.7,,1.7,1.19,5.5,,,,10,20,,,,,,,,,,,,,,,,,,,,,,,,,,,,,,,,,,,,,,,,,,,,,,,,,,,,,,,
SEAS,H1216-08,8,44,0.34,0.42,1.88,14,5.6,0.82,80,7.7,,1.7,1.19,5.5,,,,10,20,,,,87.5,,,,,,87.5,,127,146.05,,,,,112.014,,,,,,,26,16,,6,,,,,,,,,,,,,,,,,,,,,,,,,,,
SEAS,h1217,8,42,0.47,0.56,2.92,32,5.8,1.05,136,10.6,,1.4,1.04,5.6,,,,10,20,,,,,,,,,,,,,,,,,,,,,,,,,,,,,,,,,,,,,,,,,,,,,,,,,,,,,,,
SEAS,H1217-08,8,42,0.47,0.56,2.92,32,5.8,1.05,136,10.6,,1.4,1.04,5.6,,,,10,20,,,,90,,,,,,90,,,,,,,,,,,,,,,26,16,,6,,,,,,,,,,,,,,,,,,,,,,,,,,,
SEAS,h1224,8,36,0.31,0.36,2.09,30,5.8,1.06,126,13.6,,1.4,1.56,7.2,,,,12,22,,,,,,,,,,,,177.8,176.022,,,,,145.288,,,,,,,,,,,,,,,,,,,,,,,,,,,,,,,,,,,,,
SEAS,H1224-08,8,36,0.31,0.36,2.09,30,5.8,1.06,126,13.6,,1.4,1.56,7.2,,,,12,22,,,,,,,,,,,,,,,,,,,,,,,,,39,18,,6,,,,,,,,,,,,,,,,,,,,,,,,,,,
SEAS,H1252-08,8,23,0.32,0.38,2.07,112,6,1.43,220,27,,1.8,2.01,8.15,,,,12,21,,,,88,,,,,,88,,,,,,,,,,,,,,,39,18,,6,,,,,,,,,,,,,,,,,,,,,,,,,,,
SEAS,h1262,8,51,0.25,0.3,1.57,12,5.8,0.73,80,7.1,,1.4,1.53,6.8,,,,3.4,14,,,,,,,,,,,,,,,,,,,,,,,,,,,,,,,,,,,,,,,,,,,,,,,,,,,,,,,
SEAS,H1262-08,8,51,0.25,0.3,1.57,12,5.8,0.73,80,,,1.4,1.53,6.8,,,,3.4,14,,,,,,,,,,,,,,,,,,,,,,,,,26,9.4,,6,,,,,,,,,,,,,,,,,,,,,,,,,,,
SEAS,H1280-06,6,1050,,,,,4.9,0.05,5.9,0.25,,,,3.3,,,,0.4,,,,,91,,,,,,91,,,,,,,,,,,,,,,,,,,,,,,,,,,,,,,,,,,,,,,,,,,,,
SEAS,H1280-06,8,1700,,,,,6.2,0.05,4,0.23,,,,2.6,,,,0.5,,,,,88,,,,,,,,,,,,,,,,,,,,,19.5,1.5,,2,,,,,,,,,,,,,,,,,,,,,,,,,,,
SEAS,h1283,6,1100,,,,,4.9,0.05,5.9,0.23,,,,3.3,,,,0.5,,,,,92,,,,,,92,,,,,,,,,,,,,,,,,,,,,,,,,,,,,,,,,,,,,,,,,,,,,
SEAS,H1283-06,6,,,,,,4.9,0.05,5.9,0.23,,,,3.3,,,,0.5,,,,,92,,,,,,92,,,,,,,,,,,,,,,19.5,1.5,,2,,,,,,,,,,,,,,,,,,,,,,,,,,,
SEAS,h1288,8,29,0.41,0.52,2.04,97,6.1,1,230,20.9,,1.4,2.05,7,,,,12,26,,,,,,,,,,,,203.2,,,,,,,,,,,,,,,,,,,,,,,,,,,,,,,,,,,,,,,,,,,
SEAS,H1288-08,8,29,0.41,0.52,2.04,97,6.1,1,230,20.9,,1.4,2.05,7,,,,12,26,,,,89.5,,,,,,89.5,,,,,,,,,,,,,,,39,18,,6,,,,,,,,,,,,,,,,,,,,,,,,,,,
SEAS,h1304,8,68,0.56,0.74,2.42,5,6.3,0.31,55,4.58,,1.2,0.85,4.2,,,,1.8,,,,,86,,,,,,86,,,,,,,,,,,,,,,,,,,,,,,,,,,,,,,,,,,,,,,,,,,,,
SEAS,H1304-08,8,68,0.56,0.74,2.42,5,6.3,0.31,55,4.58,,1.2,0.85,4.2,,,,1.8,,,,,86,,,,,,86,,,,,,,,,,,,,,,26,5.8,,4,,,,,,,,,,,,,,,,,,,,,,,,,,,
SEAS,h1305,8,29,0.34,0.4,2.14,129,6.3,1.95,350,36.1,,0.8,3.4,10.7,,,,14,35,,,,90.5,,,,,,90.5,,,,,,,,,,,,,,,,,,,,,,,,,,,,,,,,,,,,,,,,,,,,,
SEAS,H1305-08,8,29,0.34,0.4,2.14,129,6.3,1.95,350,36.1,,0.8,3.4,10.7,,,,14,35,,,,90.5,,,,,,90.5,,,,,,,,,,,,,,,51,20,,6,,,,,,,,,,,,,,,,,,,,,,,,,,,
SEAS,h1316,8,25,0.28,0.3,3.99,164,6.1,3.08,350,38.5,,1.1,1.66,11.6,,,,8,20,,,,91,,,,,,91,,,,,,,,,,,,,,,,,,,,,,,,,,,,,,,,,,,,,,,,,,,,,
SEAS,H1316-08,8,25,0.28,0.3,3.99,164,6.1,3.08,350,38.5,,1.1,1.66,11.6,,,,8,20,,,,91,,,,,,91,,,,,,,,,,,,,,,39,14,,6,,,,,,,,,,,,,,,,,,,,,,,,,,,
SEAS,h1318,6,950,,,,,4.7,0.05,8,0.35,,,,3.5,,,,0.5,,,,,92,,,,,,92,,,,,,,,,,,,,,,,,,,,,,,,,,,,,,,,,,,,,,,,,,,,,
SEAS,H1318-06,6,950,,,,,4.7,0.05,8,0.35,,,,3.5,,,,0.5,,,,,92,,,,,,,,,,,,,,,,,,,,,26,1.5,,2,,,,,,,,,,,,,,,,,,,,,,,,,,,
SEAS,H1333-08/06,8,26,0.26,0.31,1.63,52,,0.79,120,13.7,,2.7,1.45,6.8,,,,6,19,,,,87,,,,,,87,,,,,,,,,,,,,,,39,12,,6,,,,,,,,,,,,,,,,,,,,,,,,,,,
SEAS,H1333-08/06 (tweeter),6,1200,,,,,,0.05,7,0.3,,,,2.3,,,,0.5,,,,,88.5,,,,,,88.5,,,,,,,,,,,,,,,26,1.5,,2,,,,,,,,,,,,,,,,,,,,,,,,,,,
SEAS,h1353,,,,,,,,,,,,,,,,,,,,,,,,,,,,,,,,,,,,,,,,,,,,,,,,,,,,,,,,,,,,,,,,,,,,,,,,,,
SEAS,H1353-08/06,8,30,0.24,0.29,1.64,42,,0.7,126,13.3,,1.9,1.71,7.8,,,,6,19,,,,87.5,,,,,,87.5,,,,,,,,,,,,,,,39,12,,6,,,,,,,,,,,,,,,,,,,,,,,,,,,
SEAS,H1353-08/06 (tweeter),6,1200,,,,,,0.05,7,0.3,,,,2.3,,,,0.5,,,,,88.5,,,,,,88.5,,,,,,,,,,,,,,,26,1.5,,2,,,,,,,,,,,,,,,,,,,,,,,,,,,
SEAS,h1396,4,1170,,,,,2.7,0.03,7.5,0.26,,,,1.9,,,,0.9,,,,,91,,,,,,91,,,,,,,,,,,,,,,,,,,,,,,,,,,,,,,,,,,,,,,,,,,,,
SEAS,H1396-04,4,1170,,,,,2.7,0.03,,0.26,,,,1.9,,,,0.9,,,,,91,,,,,,,,,,,,,,,,,,,,,26,1.1,,2,,,,,,,,,,,,,,,,,,,,,,,,,,,
SEAS,h1397,4,1170,,,,,2.7,0.03,7.5,0.3,,,,1.9,,,,0.9,,,,,90,,,,,,90,,,,,,,,,,,,,,,,,,,,,,,,,,,,,,,,,,,,,,,,,,,,,
SEAS,H1397-04,4,,,,,,2.7,0.03,7.5,0.3,,,,1.9,,,,0.9,,,,,90,,,,,,,,,,,,,,,,,,,,,26,1.1,,2,,,,,,,,,,,,,,,,,,,,,,,,,,,
SEAS,H1406-04,4,1170,,,,,2.7,0.03,7.5,0.26,,,,1.9,,,,0.9,,,,,91,,,,,,91,,,,,,,,,,,,,,,26,1.1,,2,,,,,,,,,,,,,,,,,,,,,,,,,,,
SEAS,H1406-04,4,1170,,,,,2.7,0.03,7.5,0.26,,,,1.9,,,,0.9,,,,,91,,,,,,,,,,,,,,,,,,,,,,,,,,,,,,,,,,,,,,,,,,,,,,,,,,,
SEAS,h1411,8,25,0.39,0.43,3.84,169,6.3,3.8,350,37.4,,1.1,1.69,9.7,,,,8,35,,,,,,,,,,,,,,,,,,,,,,,,,,,,,,,,,,,,,,,,,,,,,,,,,,,,,,,
SEAS,H1411-08,8,25,0.39,0.43,3.84,169,6.3,3.8,350,37.4,,1.1,1.69,9.7,,,,8,35,,,,89,,,,,,89,,,,,,,,,,,,,,,39,14,,6,,,,,,,,,,,,,,,,,,,,,,,,,,,
SEAS,h1455,8,44,0.32,0.41,1.55,15,5.6,0.73,80,7.6,,1.7,1.43,5.5,,,,10,20,,,,,,,,,,,,,,,,,,,,,,,,,,,,,,,,,,,,,,,,,,,,,,,,,,,,,,,
SEAS,H1455-08,8,44,0.32,0.41,1.55,15,5.6,0.73,80,7.6,,1.7,1.43,5.5,,,,10,20,,,,87.5,,,,,,87.5,,,,,,,,,,,,,,,26,16,,6,,,,,,,,,,,,,,,,,,,,,,,,,,,
SEAS,h1456,8,37,0.32,0.39,1.58,32,5.9,0.67,136,14,,1.3,2.2,7.2,,,,12,22,,,,,,,,,,,,,,,,,,,,,,,,,,,,,,,,,,,,,,,,,,,,,,,,,,,,,,,
SEAS,H1456-08,8,37,0.32,0.39,1.58,32,5.9,0.67,136,14,,1.3,2.2,7.2,,,,12,22,,,,85.5,,,,,,85.5,,,,,,,,,,,,,,,39,18,,6,,,,,,,,,,,,,,,,,,,,,,,,,,,
SEAS,H1471 (CA22RNY),8,34,0.3,0.36,1.69,82,6.2,1.55,230,19.8,,1.1,2.51,8.5,,,,12,20,,,,,,,,,,,,,,,,,,,,,,,,,,,,,,,,,,,,,,,,,,,,,,,,,,,,,,,
SEAS,H1471-08,8,34,0.3,0.36,1.69,82,6.2,1.55,230,19.8,,1.1,2.51,8.5,,,,12,20,,,,91,,,,,,91,,203.2,220.726,,,,,186.436,,,,,,,39,18,,6,,,,,,,,,,,,,,,,,,,,,,,,,,,
SEAS,h1480-08,,,,,,,,,,,,,,,,,,,,,,,,,,,,,,,,,,,,,,,,,,,,,,,,,,,,,,,,,,,,,,,,,,,,,,,,,,
SEAS,H1480-08,8,37,0.45,0.55,2.48,19,6,0.64,104,14.7,,1.3,1.38,6.1,,,,12,22,,,,84,,,,,,84,,,,,,,,,,,,,,,39,18,,6,,,,,,,,,,,,,,,,,,,,,,,,,,,
SEAS,H1488-04,4,37,0.33,0.38,2.31,18,3.1,0.32,104,14.7,,1.3,1.54,5.4,,,,12,22,,,,88,,,,,,88,,,,,,,,,,,,,,,39,18,,6,,,,,,,,,,,,,,,,,,,,,,,,,,,
SEAS,H1488-08,8,39,0.36,0.44,2.08,16,5.8,0.48,104,15.3,,1.1,1.88,7.2,,,,12,22,,,,85,,,,,,85,,,,,,,,,,,,,,,39,18,,6,,,,,,,,,,,,,,,,,,,,,,,,,,,
SEAS,h1499,6,900,,,,,4.8,0.05,7.5,0.33,,,,3.7,,,,0.5,,,,,92,,,,,,92,25000,,,,,,,,,,,,,,,,,,,,,,,,,,,,,,,,,,,,,,,,,,,,
SEAS,H1499-06,6,900,,,,,4.8,0.05,7.5,0.33,,,,3.7,,,,0.5,,,,,92,,,,,,92,,,,,,,,,,,,,,,26,1.5,,2,,,,,,,,,,,,,,,,,,,,,,,,,,,
SEAS,h1520,8,36,0.32,0.38,2.19,25,6.2,0.81,99,10.26,,1.9,1.11,6.3,,,,8,20,,,,,,,,,,,,152.4,146.05,,,,,125.984,,,,,,,,,,,,,,,,,,,,,,,,,,,,,,,,,,,,,
SEAS,H1520-08,8,36,0.32,0.38,2.19,25,6.2,0.81,99,10.26,,1.9,1.11,6.3,,,,8,20,,,,87,,,,,,87,,,,,,,,,,,,,,,26,14,,6,,,,,,,,,,,,,,,,,,,,,,,,,,,
SEAS,h1571,8,43,0.37,0.45,2.05,22,5.9,0.25,126,13.5,,1,1.78,6.9,,,,12,15,,,,,,,,,,,,,,,,,,,,,,,,,,,,,,,,,,,,,,,,,,,,,,,,,,,,,,,
SEAS,H1571-08,8,43,0.37,0.45,2.05,22,5.9,0.25,126,13.4,,1.1,1.78,6.9,,,,12,22,,,,88,,,,,,88,,177.8,176.022,,,,,145.288,,,,,,,39,18,,6,,,,,,,,,,,,,,,,,,,,,,,,,,,
SEAS,H1597-08,8,30,0.35,0.38,4.36,134,,0.09,222,12.6,,2.2,0.63,6.4,,,,6,14,,,,,,,,,,,,,,,,,,,,,,,,,26,12,,6,,,,,,,,,,,,,,,,,,,,,,,,,,,
SEAS,H1600-04,4,102,0.91,1.28,3.15,1,3.3,0.29,38.5,4.5,,0.5,0.85,2.72,,,,4,7.9,,,,85,,,,,,85,,,,,,,,,,,,,,,19,8,,4,,,,,,,,,,,,,,,,,,,,,,,,,,,
SEAS,H1600-08,8,102,0.96,1.36,3.25,1,6.42,0.16,38.5,4.05,,0.6,0.83,3.56,,,,4,7.9,,,,,,,,,,,,,,,,,,,,,,,,,19,8,,4,,,,,,,,,,,,,,,,,,,,,,,,,,,
SEAS,h1602,,,0.3,0.33,2.99,3,,,,,,0.9,1.08,,,,,,12,,,,,,,,,,,,,,,,,,,,,,,,,,,,,,,,,,,,,,,,,,,,,,,,,,,,,,,
SEAS,H1602-04/06,4,55,0.3,0.33,2.99,2.8316846592000005,3.1,0.48,,0.19,,,,,,,,,,,,,,,,,,,,,127,119.888,,,,,95.758,,,,,,,,,,,,,,,,,,,,,,,,,,,,,,,,,,,,,
SEAS,H1658-04,4,100,0.67,1.15,1.63,1.1,3.3,0.14,38.5,4.51,,0.6,1.8,2.9,,,,4,7.9,,,,,,,,,,,,,,,,,,,,,,,,,19,8,,4,,,,,,,,,,,,,,,,,,,,,,,,,,,
SEAS,H1659-08,8,29,0.29,0.34,1.77,103,6,0.7,220,19.8,,1.7,2.1,8,,,,8,20,,,,90.5,,,,,,90.5,,,,,,,,,,,,,,,39,14,,6,,,,,,,,,,,,,,,,,,,,,,,,,,,
SEAS,H1699-08/06,8,126,0.69,0.96,2.49,3,6.2,0.43,126,11.8,,0.1,4.26,8.3,,,,6,12,,,,89,,,,,,,,,,,,,,,,,,,,,39,12,,6,,,,,,,,,,,,,,,,,,,,,,,,,,,
SEAS,H1699-08/06 (tweeter),6,1600,,,,,5,0.05,7,0.3,,,,3.1,,,,0.4,,,,,,,,,,,,,,,,,,,,,,,,,,26,1.6,,2,,,,,,,,,,,,,,,,,,,,,,,,,,,
SEAS,H1794 (FEA18RCZ),8,42,0.39,0.42,6.29,31,5.7,0.49,136,12.1,,1.19,0.51,6.6,,,,6,14,,,,,,,,,,,,,,,,,,,,,,,,,,,,,,,,,,,,,,,,,,,,,,,,,,,,,,,
SEAS,H1794-08,8,42,0.39,0.42,6.29,31,5.7,0.49,136,12.1,,1.19,0.51,6.6,,,,6,14,,,,,,,,,,,,,,,,,,,,,,,,,26,12,,6,,,,,,,,,,,,,,,,,,,,,,,,,,,
SEAS,H1825-06,6,830,,,,,4.7,0.01,7.3,0.36,,,,2.6,,,,0.4,,,,,89,,,,,,89,20000,,,,,,,,,,,,,,,,,,,,,,,,,,,,,,,,,,,,,,,,,,,,
SEAS,H1825-06,6,830,,,,,4.7,0.01,7.3,0.36,,,,2.6,,,,0.4,,,,,89,,,,,,89,20000,,,,,,,,,,,,,,26,1.6,,2,,,,,,,,,,,,,,,,,,,,,,,,,,,
SEAS,H1869-08,8,32,0.33,0.35,5.48,18,6.4,0.6,104,20.8,,1.2,0.76,8.7,,,,14,22,,,,84,,,,,,84,,,,,,,,,,,,,,,39,20,,6,,,,,,,,,,,,,,,,,,,,,,,,,,,
SEAS,H1869-08,,,,,,,,,,,,,,,,,,,,,,,,,,,,,,,,,,,,,,,,,,,,,,,,,,,,,,,,,,,,,,,,,,,,,,,,,,
SEAS,H1878-08,8,32,0.38,0.41,5.5,29,6.2,0.66,146,25.4,,,,,,,,,,,,,,,,,,,,,177.8,176,,,,,154,,,,,,,,,,,,,,,,,,,,,,,,,,,,,,,,,,,,,
SEAS,H1878-08,,,,,,,,,,,,,,,,,,,,,,,,,,,,,,,,,,,,,,,,,,,,,,,,,,,,,,,,,,,,,,,,,,,,,,,,,,
SEAS,H1889-06,,,,,,,,,,,,,,,,,,,,,,,,,,,,,,,,,,,,,,,,,,,,,,,,,,,,,,,,,,,,,,,,,,,,,,,,,,
SEAS,H417 (25TAC/GW),,,,,,,,,,,,,,,,,,,,,,,,,,,,,,,,,,,,,,,,,,,,,,,,,,,,,,,,,,,,,,,,,,,,,,,,,,
SEAS,H519 (25TFFC),6,1200,,,,,4.8,,,0.3,,,,,,,,,,,,,,,,,,,,,,,,,,,,,,,,,,,,,,,,,,,,,,,,,,,,,,,,,,,,,,,,
SEAS,h881,6,550,,,,,4.8,0.05,7.6,0.25,,,,3.5,,,,0.5,,,,,91,,,,,,91,,,,,,,,,,,,,,,,,,,,,,,,,,,,,,,,,,,,,,,,,,,,,
SEAS,H9918-06,,,,,,,,,,,,,,,,,,,,,,,,,,,,,,,,,,,,,,,,,,,,,,,,,,,,,,,,,,,,,,,,,,,,,,,,,,
SEAS,H9929-06,,,,,,,,,,,,,,,,,,,,,,,,,,,,,,,,,,,,,,,,,,,,,,,,,,,,,,,,,,,,,,,,,,,,,,,,,,
SEAS,H9932-06,,,,,,,,,,,,,,,,,,,,,,,,,,,,,,,,,,,,,,,,,,,,,,,,,,,,,,,,,,,,,,,,,,,,,,,,,,
SEAS,H9933-06,,,,,,,,,,,,,,,,,,,,,,,,,,,,,,,,,,,,,,,,,,,,,,,,,,,,,,,,,,,,,,,,,,,,,,,,,,
SEAS,H9939-06,,,,,,,,,,,,,,,,,,,,,,,,,,,,,,,,,,,,,,,,,,,,,,,,,,,,,,,,,,,,,,,,,,,,,,,,,,
SEAS,H9944,,26,,,,41,,,130,21.5,,1.74,,,,,,,,,,,,,,,,,,,,,,,,,,,,,,,,,,,,,,,,,,,,,,,,,,,,,,,,,,,,,,
SEAS,H9945,,22,,,,138,,,230,28,,1.87,,,,,,,,,,,,,,,,,,,203.2,,,,,,,,,,,,,,,,,,,,,,,,,,,,,,,,,,,,,,,,,,,
SEAS,H9946,,22,,,,214,,,350,42,,1.25,,,,,,,,,,,,,,,,,,,254,,,,,,,,,,,,,,,,,,,,,,,,,,,,,,,,,,,,,,,,,,,
SEAS,K17REX,,,,,,,,,,,,,,,,,,,,,,,,,,,,,,,,,,,,,,,,,,,,,,,,,,,,,,,,,,,,,,,,,,,,,,,,,,
SEAS,L0004-06S,6,800,,,,,4.9,0.05,7.5,0.26,,,,1.9,,,,0.5,,,,,90,,,,,,90,,,,,,,,,,,,,,,26,1.5,,2.5,,,,,,,,,,,,,,,,,,,,,,,,,,,
SEAS,L0005-06S,6,1000,,,,,4.9,0.05,7.5,0.23,,,,1.9,,,,0.5,,,,,89.5,,,,,,89.5,,,,,,,,,,,,,,,26,1.5,,2.5,,,,,,,,,,,,,,,,,,,,,,,,,,,
SEAS,L0017-04S,,,,,,,,,,,,,,,,,,,,,,,,,,,,,,,,,,,,,,,,,,,,,,,,,,,,,,,,,,,,,,,,,,,,,,,,,,
SEAS,L0018-04S,4,64,0.58,0.65,5.49,8,3.3,0.78,126,16.9,,0.4,1.3,6,,,,6,19,,,,90,,,,,,90,,,,,,,,,,,,,,,39,12,,6,,,,,,,,,,,,,,,,,,,,,,,,,,,
SEAS,L0021-04S,,,,,,,,,,,,,,,,,,,,,,,,,,,,,,,,,,,,,,,,,,,,,,,,,,,,,,,,,,,,,,,,,,,,,,,,,,
SEAS,L0022-04S,4,39,0.36,0.43,2.1,68,3.2,0.38,220,28.2,,1.1,2.59,6.4,,,,10,21,,,,91,,,,,,91,,,,,,,,,,,,,,,39,16,,6,,,,,,,,,,,,,,,,,,,,,,,,,,,
SEAS,L12RE/XFC,4,55,0.3,0.33,2.99,3,3.1,0.48,47,9.2,,0.9,1.08,5.5,,,,6,,,,,86,,,,,,86,,,,,,,,,,,,,,,,,,,,,,,,,,,,,,,,,,,,,,,,,,,,,
SEAS,L15RLY/P,8,44,0.35,0.43,2.1,12,5.5,0.84,75,8.1,,1.6,1.12,5.7,,,,10,,,,,86,,,,,,86,3000,,,,,,,,,,,,,,,,,,,,,,,,,,,,,,,,,,,,,,,,,,,,
SEAS,L16RN-SL,8,37,0.45,0.55,2.48,19,6,0.64,104,14.7,,1.3,1.38,6.1,,,,12,,,,,84,,,,,,84,2000,127,146,,,,,127,,,,,,,,,,,,,,,,,,,,,,,,,,,,,,,,,,,,,
SEAS,L16RNX,8,39,0.36,0.44,2.08,16,5.8,0.48,104,15.3,,1.1,1.88,7.2,,,,12,,,,,85,,,,,,85,2000,,,,,,,,,,,,,,,,,,,,,,,,,,,,,,,,,,,,,,,,,,,,
SEAS,L18RCY/P,8,33,0.31,0.37,2.01,38,5.6,0.92,125,12.7,,1.8,1.39,6.5,,,,8,,,,,88,,,,,,88,2500,,,,,,,,,,,,,,,,,,,,,,,,,,,,,,,,,,,,,,,,,,,,
SEAS,L22ROY2-04,,,,,,,,,,,,,,,,,,,,,,,,,,,,,,,,,,,,,,,,,,,,,,,,,,,,,,,,,,,,,,,,,,,,,,,,,,
SEAS,L22ROY2-08,,,,,,,,,,,,,,,,,,,,,,,,,,,,,,,,,,,,,,,,,,,,,,,,,,,,,,,,,,,,,,,,,,,,,,,,,,
SEAS,L26RO4Y,4,26,0.27,0.29,3.94,40,3.5,2.33,342,160,,0.24,6.53,17.7,,,,30,56,,,,86,,,,,,86,1000,254,268.986,,,,,235.966,,,,,,,,,,,,,,,,,,,,,,,,,,,,,,,,,,,,,
SEAS,l26roy,4,25,0.42,0.45,5.6,56,3.3,0.73,342,118,,0.34,3.31,12,,,,28,56,,,,87,,,,,,87,1000,,,,,,,,,,,,,,,,,,,,,,,,,,,,,,,,,,,,,,,,,,,,
SEAS,m15ch-002,6,67,0.4,0.52,1.7,6,4.9,0.43,75,6.75,,0.8,1.77,5.3,,,,6,14,,,,88.5,,,,,,88.5,3500,,,,,,,,,,,,,,,,,,,,,,,,,,,,,,,,,,,,,,,,,,,,
SEAS,MCA12RC,8,68,0.56,0.74,2.42,5,6.3,0.31,55,4.58,,1.2,0.85,4.2,,,,1.8,,,,,86,,,,,,86,5000,101.6,120.396,,,,,95.758,,,,,,,,,,,,,,,,,,,,,,,,,,,,,,,,,,,,,
SEAS,MCA15RCY,8,51,0.25,0.3,1.57,12,5.8,0.73,80,7.1,,1.4,1.53,6.8,,,,3.4,,,,,89.5,,,,,,89.5,4000,,,,,,,,,,,,,,,,,,,,,,,,,,,,,,,,,,,,,,,,,,,,
SEAS,MR18REX/XF H1699-08/06,,,0.69,0.96,2.49,3,,,,,,0.1,4.26,,,,,,12,,,,,,,,,,,,,,,,,,,,,,,,,,,,,,,,,,,,,,,,,,,,,,,,,,,,,,,
SEAS,MU10RB-SL  H1658-04,4,100,0.67,1.15,1.63,1.1,3.3,0.14,38.5,4.51,,0.6,1.8,2.9,,,,4,7.9,,,,,,,,,,,,,,,,,,,,,,,,,,,,,,,,,,,,,,,,,,,,,,,,,,,,,,,
SEAS,OR002-04,,,,,,,,,,,,,,,,,,,,,,,,,,,,,,,,,,,,,,,,,,,,,,,,,,,,,,,,,,,,,,,,,,,,,,,,,,
SEAS,OR003-04,,,,,,,,,,,,,,,,,,,,,,,,,,,,,,,,,,,,,,,,,,,,,,,,,,,,,,,,,,,,,,,,,,,,,,,,,,
SEAS,OR004-04,,,,,,,,,,,,,,,,,,,,,,,,,,,,,,,,,,,,,,,,,,,,,,,,,,,,,,,,,,,,,,,,,,,,,,,,,,
SEAS,OR005-04,,,,,,,,,,,,,,,,,,,,,,,,,,,,,,,,,,,,,,,,,,,,,,,,,,,,,,,,,,,,,,,,,,,,,,,,,,
SEAS,OR006-04,,,,,,,,,,,,,,,,,,,,,,,,,,,,,,,,,,,,,,,,,,,,,,,,,,,,,,,,,,,,,,,,,,,,,,,,,,
SEAS,SEAS-MCA11FC,8,140,0.72,1.09,2.17,1.3,6.5,,,4,,0.3,1.7,4.7,,,,,,,,,,,,,,,,,,,,,,,,,,,,,,,,,,,,,,,,,,,,,,,,,,,,,,,,,,,,
SEAS,sl26r,,,,,14,,,,,,,,1.63,,,,,,,,,,,,,,,,,,,,,,,,,,,,,,,,,,,,,,,,,,,,,,,,,,,,,,,,,,,,,
SEAS,t25cf-001,6,700,,,,,4.6,0.05,7,0.33,,,,3.5,,,,0.5,,,,,91,,,,,,91,25000,,,,,,,,,,,,,,,,,,,,,,,,,,,,,,,,,,,,,,,,,,,,
SEAS,T25CF002,6,500,,,,,4.6,0.05,7,0.37,,,,3.1,,,,1,,,,,89,,,,,,89,25000,,,,,,,,,,,,,,,,,,,,,,,,,,,,,,,,,,,,,,,,,,,,
SEAS,T27GL001-DXT,6,940,,,,,4.4,0.02,7.5,0.36,,,,3.3,,,,,,,,,94,,,,,,94,25000,,,,,,,,,,,,,,,,,,,,,,,,,,,,,,,,,,,,,,,,,,,,
SEAS,t29cf-002,6,500,,,,,4.7,0.05,8,0.35,,,,3.5,,,,1,,,,,92.5,,,,,,92.5,25000,,,,,,,,,,,,,,,,,,,,,,,,,,,,,,,,,,,,,,,,,,,,
SEAS,T35C002,6,620,,,,,4.6,0.06,11.9,0.47,,,,4.3,,,,1,,,,,95,,,,,,95,25000,,,,,,,,,,,,,,,,,,,,,,,,,,,,,,,,,,,,,,,,,,,,
SEAS,U18RNX/P,8,43,0.37,0.45,2.05,22,5.9,0.25,126,13.4,,1.1,1.78,6.9,,,,12,,,,,88,,,,,,88,4000,,,,,,,,,,,,,,,,,,,,,,,,,,,,,,,,,,,,,,,,,,,,
SEAS,U22REX/P-SL H1659-08,8,29,0.29,0.34,1.77,103,6,0.7,220,19.8,,1.7,2.1,8,,,,8,20,,,,,,,,,,,,203.2,220.726,,,,,186.436,,,,,,,,,,,,,,,,,,,,,,,,,,,,,,,,,,,,,
SEAS,w12cy-001,8,45,0.36,0.42,2.5,6,5.6,0.43,50,7.5,,1.7,0.87,5.4,,,,6,9,,,,84,,,,,,84,3500,,,,,,,,,,,,,,,,,,,,,,,,,,,,,,,,,,,,,,,,,,,,
SEAS,w12cy-003,8,60,0.36,0.44,2.3,4,5.5,0.41,50,6.1,,1.2,1.03,5.5,,,,6,9,,,,85.5,,,,,,85.5,3500,,120.396,,,,,99.06,,,,,,,,,,,,,,,,,,,,,,,,,,,,,,,,,,,,,
SEAS,W12CY-006,,,,,,,,,,,,,,,,,,,,,,,,,,,,,,,,,,,,,,,,,,,,,,,,,,,,,,,,,,,,,,,,,,,,,,,,,,
SEAS,W12CY004-GRAPH,,,,,,,,,,,,,,,,,,,,,,,,,,,,,,,,,,,,,,,,,,,,,,,,,,,,,,,,,,,,,,,,,,,,,,,,,,
SEAS,w15ch001,8,38,0.42,0.5,2.58,14,5.5,0.49,75,9.5,,1.8,0.91,5.1,,,,8,14,,,,85,,,,,,85,3000,,,,,,,,,,,,,,,,,,,,,,,,,,,,,,,,,,,,,,,,,,,,
SEAS,W15CY-001,8,38,0.36,0.43,2.22,14,5.5,0.49,75,9.5,,1.8,1.06,5.5,,,,8,14,,,,85.5,,,,,,85.5,3000,127,,,,,,,,,,,,,,,,,,,,,,,,,,,,,,,,,,,,,,,,,,,
SEAS,w15ly-001,8,49,0.45,0.56,2.21,12,5.7,0.3,75,6.28,,1.7,0.93,4.6,,,,10,20,,,,86.5,,,,,,86.5,4000,,,,,,,,,,,,,,,,,,,,,,,,,,,,,,,,,,,,,,,,,,,,
SEAS,w16nx-001-04,,,,,,,,,,,,,,,,,,,,,,,,,,,,,,,,,,,,,,,,,,,,,,,,,,,,,,,,,,,,,,,,,,,,,,,,,,
SEAS,w16nx-001-08,8,39,0.35,0.41,2.16,14,6.2,0.41,94,13.9,,1.2,1.64,7.3,,,,14,22,,,,,,,,,,,,,,,,,,,,,,,,,,,,,,,,,,,,,,,,,,,,,,,,,,,,,,,
SEAS,W16NX-003,8,39,0.35,0.41,2.16,14,6.2,0.41,94,13.9,,1.2,1.64,7.3,,,,14,22,,,,,,,,,,,,152.4,146,,,,,127,,,,,,,,,,,,,,,,,,,,,,,,,,,,,,,,,,,,,
SEAS,W16NX001,4,39,0.35,0.41,2.16,14,6.2,0.41,94,,,,,7.3,,,,,,,,,85,,,,,,85,,,,,,,,,,,,,,,,,,,,,,,,,,,,,,,,,,,,,,,,,,,,,
SEAS,W16NX001,8,39,0.35,0.41,2.16,13.87525483008,6.2,0.41,94,13.9,,1.2,1.64,7.3,,,,14,,,,,85,,,,,,85,2500,152.4,,,,,,,,,,,,,,,,,,,,,,,,,,,,,,,,,,,,,,,,,,,
SEAS,W16NX005 (TPCD),,,,,,,,,,,,,,,,,,,,,,,,,,,,,,,,,,,,,,,,,,,,,,,,,,,,,,,,,,,,,,,,,,,,,,,,,,
SEAS,w18e-001,8,34,0.42,0.49,2.91,30,6.1,0.65,126,15.5,,1.4,1.2,6.6,,,,10,19,,,,86,,,,,,86,2500,,,,,,,,,,,,,,,,,,,,,,,,,,,,,,,,,,,,,,,,,,,,
SEAS,w18ex-001,8,34,0.26,0.3,1.8,30,6.1,0.65,126,15.5,,1.4,1.94,8.4,,,,10,19,,,,88,,,,,,88,2500,,,,,,,,,,,,,,,,,,,,,,,,,,,,,,,,,,,,,,,,,,,,
SEAS,w18nx-001,8,40,0.34,0.41,2.08,24,6.3,0.43,126,13.7,,1.2,1.77,7,,,,14,22,,,,87.5,,,,,,87.5,3000,,,,,,,,,,,,,,,,,,,,,,,,,,,,,,,,,,,,,,,,,,,,
SEAS,W18NX-003,,,,,,,,,,,,,,,,,,,,,,,,,,,,,,,,,,,,,,,,,,,,,,,,,,,,,,,,,,,,,,,,,,,,,,,,,,
SEAS,W19NX-001,8,34,0.41,0.45,5.3,24,6.2,0.23,136,23.1,,0.95,0.93,8.3,,,,14,26,,,,85.6,,,,,,85.6,2000,,,,,,,,,,,,,,,,,,,,,,,,,,,,,,,,,,,,,,,,,,,,
SEAS,W19NX-004,,,,,,,,,,,,,,,,,,,,,,,,,,,,,,,,,,,,,,,,,,,,,,,,,,,,,,,,,,,,,,,,,,,,,,,,,,
SEAS,w22ex-001,8,25,0.34,0.41,2.14,98,6.1,0.61,220,26.2,,1.5,2.06,8.1,,,,10,21,,,,88,,,,,,88,2000,203.2,,,,,,,,,,,,,,,,,,,,,,,,,,,,,,,,,,,,,,,,,,,
SEAS,W22NX001-GRAPH,,,,,,,,,,,,,,,,,,,,,,,,,,,,,,,,,,,,,,,,,,,,,,,,,,,,,,,,,,,,,,,,,,,,,,,,,,
SEAS,w22ny-001,8,33,0.3,0.36,1.73,71.92479034368,6.1,0.61,220,20,,1.2,2.6,8.8,,,,14,,,,,90,,,,,,90,3000,203.2,,,,,,,,,,,,,,,,,,,,,,,,,,,,,,,,,,,,,,,,,,,
SEAS,W22NY-003,,,,,,,,,,,,,,,,,,,,,,,,,,,,,,,,,,,,,,,,,,,,,,,,,,,,,,,,,,,,,,,,,,,,,,,,,,
SEAS,w26fx-001,8,20,0.35,0.41,2.34,162,6.3,1.43,330,56.3,,1.1,3.21,10.7,,,,14,35,,,,87,,,,,,87,1000,,,,,,,,,,,,,,,,,,,,,,,,,,,,,,,,,,,,,,,,,,,,
SEAS,w26fx-002,8,31,0.39,0.47,2.55,87,6.2,0.81,330,42.4,,0.6,3.52,10.9,,,,14,35,,,,89,,,,,,89,1000,,,,,,,,,,,,,,,,,,,,,,,,,,,,,,,,,,,,,,,,,,,,
SEAS,X1-04,4,31,0.39,0.43,4.24,146,3,0.05,222,10.5,,2.5,0.57,4.2,,,,4.2,14,,,,96,,,,,,96,20000,,,,,,,,,,,,,,26,7.8,,12,,,,,,,,,,,,,,,,,,,,,,,,,,,
SEAS,X1-04-F8,4,31,0.39,0.43,4.24,146,3,0.05,222,10.5,,2.08,0.57,4.2,,,,4.2,,,,,96,,,,,,96,,,,,,,,,,,,,,,,,,,,,,,,,,,,,,,,,,,,,,,,,,,,,
SEAS,X1-08,8,32,0.44,0.5,4.2,143,5.7,0.07,222,10,,2.5,0.57,5.25,,,,4.2,14,,,,93,,,,,,93,20000,,,,,,,,,,,,,,26,7.8,,12,,,,,,,,,,,,,,,,,,,,,,,,,,,
SEAS,X2-08,8,36,0.24,0.25,5.1,78,6,0.43,212,13.9,,1.2,0.7,9.2,,,,6,22,,,,94,,,,,,94,3000,203.2,,,,,,,,,,,,,39,12,,6,,,,,,,,,,,,,,,,,,,,,,,,,,,
SEAS,X3-06,6,600,,,,,4.6,0.06,11.9,0.47,,,,3.9,,,,1,,,,,94,,,,,,94,,,,,,,,,,,,,,,35,2,,3,,,,,,,,,,,,,,,,,,,,,,,,,,,
SEAS,XM001-04,4,25,0.42,0.45,5.6,56,3.3,0.73,342,118,,0.34,3.31,12,,,,28,56,,,,88,,,,,,,,254,268.986,,,,,235.966,,,,,,,56,38,,10,,,,,,,,,,,,,,,,,,,,,,,,,,,
SEAS,XM003,,16,,,,93,,,363,260,,0.5,,,,,,,,,,,,,,,,,,,,,,,,,,,,,,,,,,,,,,,,,,,,,,,,,,,,,,,,,,,,,,
SEAS,XM004-04,4,26,0.27,0.29,3.94,40,3.5,2.33,342,160,,0.24,6.53,17.7,,,,30,56,,,,86,,,,,,86,,,,,,,,,,,,,,,56,40,,10,,,,,,,,,,,,,,,,,,,,,,,,,,,
SEAS,XM006-04S,,,,,,,,,,,,,,,,,,,,,,,,,,,,,,,,,,,,,,,,,,,,,,,,,,,,,,,,,,,,,,,,,,,,,,,,,,
Silver Flute,w14rc25,,43.5,0.35,0.39,3.27,18.9,7.3,,87,7.58,,,,6.24,,,,,,,,,,,,,,,,,,,,,,,,,,,,,,,,,,,,,,,,,,,,,,,,,,,,,,,,,,,,
Silver Flute,w14rc25-4,,42.5,0.28,0.31,3.7,19,3.7,,87,7.95,,,,5.07,,,,,,,,,,,,,,,,,,,,,,,,,,,,,,,,,,,,,,,,,,,,,,,,,,,,,,,,,,,,
Silver Flute,w17rc38-08,,40.5,0.29,0.36,1.52,28.2,7.3,,132,13.57,,,,8.26,,,,,,,,,,,,,,,,,,,,,,,,,,,,,,,,,,,,,,,,,,,,,,,,,,,,,,,,,,,,
Silver Flute,w17rc38-4,,37.5,0.24,0.28,1.52,25.6,3.7,,132,17.4,,,,7.31,,,,,,,,,,,,,,,,,,,,,,,,,,,,,,,,,,,,,,,,,,,,,,,,,,,,,,,,,,,,
Silver Flute,w20rc38-08,,30.8,0.23,0.28,1.3,83.3,7.3,,214,20.9,,,,10.1,,,,,,,,,,,,,,,,,,,,,,,,,,,,,,,,,,,,,,,,,,,,,,,,,,,,,,,,,,,,
Silver Flute,w20rc38-4,,31,0.23,0.27,1.51,72.3,3.7,,214,23.7,,,,7.9,,,,,,,,,,,,,,,,,,,,,,,,,,,,,,,,,,,,,,,,,,,,,,,,,,,,,,,,,,,,
Supravox,135LB,8,80,0.3,0.3,3.6,,,,86.5,3.3,,,,,6,,,,,,,,95,35,,,,,,,130,,,,,,,,,,,,,,,,,,,,,,,,,,,,,,,,,,,,,,,,,,,
Supravox,165-2000,4,75,0.74,0.8,9,32,4.1,,165,5.5,,,,,10,,,,,,,,94,35,,,,,,,160,,,,,,,,,,,,,,,,,,,,,,,,,,,,,,,,,,,,,,,,,,,
Supravox,165EXC,4,78,,,,,,,165,,,,,,5,,,,,,,,95,35,,,,,,,160,,,,,,,,,,,,,,,,,,,,,,,,,,,,,,,,,,,,,,,,,,,
Supravox,165GMF,8,64,0.38,0.4,9,33,5.5,,165,5,,,,,6,,,,,,,,96,35,,,,,,,160,,,,,,,,,,,,,,,,,,,,,,,,,,,,,,,,,,,,,,,,,,,
Supravox,165LB,4,64,0.42,0.46,4.8,33,4,,165,5.5,,,,,6,,,,,,,,95,35,,,,,,,160,,,,,,,,,,,,,,,,,,,,,,,,,,,,,,,,,,,,,,,,,,,
Supravox,215 HÉRITAGE Speaker Driver Woofer / Midrange 25W 8 Ohm 97.5dB 60Hz-10kHz,8,64,0.63,0.71,5.67,65,5.5,0.3,263,9.4,,,,5.4,3.2,,,,,,,,97.5,25,,,,,97.5,,224,,,,157,,212,,,,,,,25,,,,,,,,,,,,,,,,,,,,,,,,,,,,,,
Supravox,215-2000,4,47,0.23,0.24,8,121,4,,283,7,,,,,10,,,,,,,,99,20,,,,,,,210,,,,,,,,,,,,,,,,,,,,,,,,,,,,,,,,,,,,,,,,,,,
Supravox,215EXC,4,50,,,,,,,283,,,,,,5,,,,,,,,99,20,,,,,,,210,,,,,,,,,,,,,,,,,,,,,,,,,,,,,,,,,,,,,,,,,,,
Supravox,215GMF,8,54,0.36,0.38,8.57,60,8,0.73,253,13,,,,,3.7,,,,,,,,97,40,,,,,,1000,210,,,,,,208,,,,,,,,,,,,,,,,,,,,,,,,,,,,,,,,,,,,,
Supravox,215RTF64,8,60,0.58,0.6,7,80,6.5,,263,8.5,,,,,4,,,,,,,,97,35,,,,,,,210,,,,,,,,,,,,,,,,,,,,,,,,,,,,,,,,,,,,,,,,,,,
Supravox,215S,8,50,0.8,0.9,8,85,6.5,,263,8,,,,,8,,,,,,,,94,35,,,,,,,210,,,,,,,,,,,,,,,,,,,,,,,,,,,,,,,,,,,,,,,,,,,
Supravox,215SBIC,8,50,0.8,0.9,8,85,5.5,,263,10,,,,,8,,,,,,,,93,35,,,,,,,210,,,,,,,,,,,,,,,,,,,,,,,,,,,,,,,,,,,,,,,,,,,
Supravox,285-2000 MK2,8,60,0.31,0.32,7,135,6.5,,442.77,14.5,,,,10.45,3.5,,,,,,,,101,70,,,,,,,280,,,,180,,,,,,,,,,,,,,,,,,,,,,,,,,,,,,,,,,,,,,,
Supravox,285EXC MK2,8,50,,,,,,,471,,,,,,4,,,,,,,,102,70,,,,,,,280,,,,,,,,,,,,,,,,,,,,,,,,,,,,,,,,,,,,,,,,,,,
Supravox,285GMF,8,47,0.38,0.39,8,150,6.5,,471,20,,,,,8,,,,,,,,99,70,,,,,,,280,,,,120,,,,,,,,,,,,,,,,,,,,,,,,,,,,,,,,,,,,,,,
Supravox,400-2000,8,22,,,,,6.5,,855,66,,0.5,,,10,,,,,,,,98,120,,,,,,,404,,,,215,,358,,,,,,,,,,,,,,,,,,,,,,,,,,,,,,,,,,,,,
Supravox,400-2000,8,23,0.27,0.28,9,,6.5,,855,70,,,,,10,,,,,,,,96,120,,,,,,,400,,,,,,,,,,,,,,,,,,,,,,,,,,,,,,,,,,,,,,,,,,,
Supravox,400EXC,8,23,,,,,,,855,,,,,,10,,,,,,,,99,120,,,,,,,400,,,,,,,,,,,,,,,,,,,,,,,,,,,,,,,,,,,,,,,,,,,
Supravox,400GMF,8,26,0.32,0.33,10,,6.5,,855,70,,,,,10,,,,,,,,96,120,,,,,,,350,,,,165,,358,,,,,,,,,,,,,,,,,,,,,,,,,,,,,,,,,,,,,
Supravox,TG1,4,1200,,,,,3.9,,,,,,,,,,,,,,,,98,50,,,,,,,25,,,,40,,,,,,5,,,,,,,,,,,,,,,,,,,,,,,,,,,,,,,,,
Supravox,TG1-8,8,1200,,,,,6.1,,,,,,,,,,,,,,,,,,,,,,,,,,,,40,,,,,,,,,,,,,,,,,,,,,,,,,,,,,,,,,,,,,,,
Sure Electronics - Wondom,AA-SP15113,8,,,,,,7.5,1.31,,,,,,,,2,,,,,,,80,15,,,,,,,76.2,,,,,,,,,,,,,,,,,,,,,,,,,,,,,,,,,,,,,,,,,,,
Sure Electronics - Wondom,AA-SP15117,6.25,130,,,,,5.6,0.0247,,,,,,,,,,,,,,,84.5,10,,,,,,1000,63,,,,,,,,,,,,,,,,,,,,,208,94,,,,,,,,,,,,,,,,,,,,,
Tang Band,SW8622-0,4,90,,,,,,,,,,,,,,,,,,,,,,30,,,,,,,,,,,,,,,,,,,,,,,,,,,,175,88.5,62.5,,,,,,,,,,,,,,,,,,,,
Tang Band,T-2121SD,4,78,,,,,,,,,,,,,,,,,,,,,79,6,,,,79,,,46,,,,,,,,,,,,,28,,,,,,,,157,54,29.5,,,,,,,,,,,,,,,,,,,,
Tang Band,T1-1925S,4,78,,,,,,,,,,,,,,,,,,,,,76,1,,,,76,,,25,,,,,,,,,,,,,,,,,,,,,,,,,,,,,,,,,,,,,,,,,,,
Tang Band,T1-1942S,4,78,,,,,,,,,,,,,,,,,,,,,81,4,,,,,,,25,,,,,,,,,,,,,,,,,,,,,,,,,,,,,,,,,,,,,,,,,,,
Tang Band,W1-2396S,4,180,0.59,0.8,2.21,0.12,3.6,0.042,9.6,0.9,0.9,,,2.13,1.1,,,,,,,,81,3,,,,81,,,,46,,,11.9,,,,,,,,,19.4,,,,,,,,,,,,,,,,,,,,,,,,,,,,,,
Tang Band,W3-2108,4,45,0.46,0.51,4.67,1.699010796,3.6,0.21,,,,,,6.17,7,,,,,,,,,25,,,,,,,,,,,,,,,,,,,,,,,,,,,,,,,,,,,,,,,,,,,,,,,,,,
Tang Band,W3-871SC,8,110,0.59,0.71,3.4,1.65,,,32,2,,,,3.51,0.5,,,,,,,,86,12,,,,,,,93,93,,,60.5,,71.5,,,,,,,18,,,6,,,,,,,,,,,,,,,,,,,,,,,,,,,
Tang Band,W4-1052SDF,4,70,0.42,0.46,4.8,5.21,3.8,0.077,57,4.61,4.61,,,4.1,2.6,,,,,,,,87,20,,,,,,,101.6,116,,,64,,,,,,,,,25.4,,,,,,,,,,,,,,,,,,,,,,,,,,,,,,
Tang Band,W4-2089,4,35,0.33,0.36,4.64,3.964358523,3.6,0.19,75,34.92,,,,9.24,8,,,,,,,,,40,,,,,,,,,,,,,,,,,,,,,,,,,,,,,,,,,,,,,,,,,,,,,,,,,,
Tang Band,W4-2142,8,60,0.33,0.39,2.2,6.41,,,57,4.61,,,,5.41,2.4,,,,,,,,88,25,,,,,,,125.5,125.5,,,81.5,,95,,,,,,,25.4,,,10,,,,,,,,,,,,,,,,,,,,,,,,,,,
Tang Band,W4-2315,4,65,0.29,0.31,3.68,4.96,,,69,8.09,,,,6.2,2.8,,,,,,,,88,30,,,,,,,114,114,,,76.87,,63.87,,,,,,,32,,,12,,,,,,,,,,,,,,,,,,,,,,,,,,,
Tang Band,W4-2417,8,65,0.44,0.52,2.87,4.56,6.3,0.032,57,5.56,5.56,,,5.36,2.5,,,,,,,,86,25,,,,86,,,115,,,,,,,,,,,,,25.4,,,,,,,,,,,,,,,,,,,,,,,,,,,,,,
Tang Band,W4-655F,8,70,0.33,0.35,4.35,,6,0.43,57,,,,,5.73,3,,,,,,,,,,,,,,,,203.2,125,,,89,,,,5.5,4,,,,25,,,,,,,,,,,,,,,,,,,,,,,,,,,,,,
Tang Band,W5-2053,4,35,0.33,0.36,4.64,3.964358523,3.6,0.19,75,39.92,,,,9.31,8,,,,,,,,,40,,5,,,,,127,,,,,,,,,,,,,,,,,,,,,,,,,,,,,,,,,,,,,,,,,,,
Tang Band,W6-1721,4,40,0.43,0.49,3.58,29.38,3.4,0.084,140,14.97,,,,5.12,8,,,,,,,,88,50,,,,88,,,152.4,,,,,,,,,,,,,38.5,,,,,,,,,,,,,,,,,,,,,,,,,,,,,,
Tang Band,W6-2144,8,45,0.45,0.62,1.73,34.6,6.8,0.01,140,8.98,8.98,,,5.45,3,,,,,,,,89,35,,,,,,,165.1,176.5,,,97.5,,,,,,,,,38.5,,,,,,,,,,,,,,,,,,,,,,,,,,,,,,
Tang Band,W8-2314,4,38,0.46,0.54,2.93,49.46,3.6,0.063,220,22.25,,,,6.08,6,,,,,,,,,,,,,,,,203.2,223.52,,,93.98,,182.626,210.058,,6,,,,44.45,,,,,,,,,,,,,,,,,,,,,,,,,,,,,,
Tectonic,TEAX14C02-8,8,600,,,,,7.8,0.13,,12.99,,,,2.4,,,,,,,,,,0.8,,,,,,,14,,,,9.85,,,,,,,,,14,,,,,,,,,,,,,,,,,,,,,,,,,,,,,,
Tectonic,TEAX32C20-8,8,400,,,,,7.4,1,,3.4,,,,7.4,,,,,,,,,,,,,,,,,,51.2,,,22.5,,,,,,,,,32,,,,,,,,,,,,,,,,,,,,,,,,,,,,,,
Tectonic,TEBM65C20F-4,4,97,0.83,0.94,7,0.9910896307,3.8,0.03,37.2,,,0.47,,3.75,10,,,,,,,,81,30,,,,,81,,76,,,,,,,,,6,,,,25.4,,,,,,,,,,,,,,,,,,,,,,,,,,,,,,
Tectonic,TEBM65C20F-8,8,92,,,,1.01,7.41,0.058,37.2,5.77,,0.52,0.56,4.34,3.5,,,,,,,,81,20,,,,81,,10000,89,108,,,47.7,,86.4,,,6,,,,,,,,,,,,,,,,,,,,,,,,,,,,,,,,,,
Viawave,GRT-145-4,4,,,,,,0.06,,,,,,,,,,,,,,,,98,17,40,,,,98,,,,,,,,,,,,,,,,,,,,,,,,,,,,,,,,,,,,,,,,,,,,,
Viawave,GRT-145-8,8,,,,,,0.06,,,,,,,,,,,,,,,,95,17,40,,,,95,,,,,,,,,,,,,,,,,,,,,,,,,,,,,,,,,,,,,,,,,,,,,
Viawave,GRT-145W-8,8,,,,,,0.06,,,,,,,,,,,,,,,,95,17,40,,,,95,,,,,,,,,,,,,,,,,,,,,,,,,,,,,,,,,,,,,,,,,,,,,
Viawave,SRT-7,8,,,,,,0.06,,,,,,,,,,,,,,,,,17,,,,,,,,,,,,,,,,,,,,,,,,,,,,,,,,,,,,,,,,,,,,,,,,,,
Vifa,BC14SG49-08,,63,0.46,0.55,,9.6,5.6,,80,6,,,,4.9,,,,,,,,,,,,,,,,,,,,,,,,,,,,,,,,,,,,,,,,,,,,,,,,,,,,,,,,,,,,
Vifa,BC14WG49-08,,63,0.47,0.55,2.97,9.6,5.6,0.63,80,6,,,,4.9,,,,,,,,,87,,,,,,87,,,,,,,,,,,,,,,,,,,,,,,,,,,,,,,,,,,,,,,,,,,,,
Vifa,BC18WG49-08,,46.9,0.54,0.67,2.68,31,5.7,0.82,138,10,,,,5,,,,,,,,,87,,,,,,,,,,,,,,,,,,,,,,,,,,,,,,,,,,,,,,,,,,,,,,,,,,,
Vifa,BC25SC06-04,4,1394.91,1.17,1.76,3.45,,2.9,0.02,4.9,0.3,,0.0425,,2.05,0,,,,,,,,1,,,,,1,1,,,,,,,,,,,,,,,,,,,,,,,,,,,,,,,,,,,,,,,,,,,,,
Vifa,BC25SC08-04,4,1663,1.17,1.53,4.93,,2.79,0.02,5.1,0.2,,0.0443,,1.98,0,,,,,,,,94.9,100,,,,1,94.9,,,,,,,,,,,,,,,,,,,,,,,,,,,,,,,,,,,,,,,,,,,,,
Vifa,BC25SC15-04,,,1.12,1.89,2.76,,,0.02,6.6,0.4,,0.0332,,2.26,0,,,,,,,,1,,,,,1,1,,,,,,,,,,,,,,,,,,,,,,,,,,,,,,,,,,,,,,,,,,,,,
Vifa,BC25SC55-04,,,1.24,1.83,3.82,0.003,,0.02,7.1,0.4,,0.036,,,0,,,,,,,,,,,,,,,,,,,,,,,,,,,,,,,,,,,,,,,,,,,,,,,,,,,,,,,,,,,
Vifa,BC25SG-15,,,,,,,,,,,,,,,,,,,,,,,,,,,,,,,,,,,,,,,,,,,,,,,,,,,,,,,,,,,,,,,,,,,,,,,,,,
Vifa,D19TD05-08,8,1687,0.69,1.94,1.08,,6.33,0.02,4.2,0.2,,0.0434,,2.66,0.4,,,,,,,,87.5,100,,,,1,87.5,,,,,,,,,,,,,,,,,,,,,,,,,,,,,,,,,,,,,,,,,,,,,
Vifa,D75MX-41,,300,,2.22,7.75,,5.65,,55,3.3,,,,4.7,,,,,,,,,92,,,,,,92,,,,,,,,,,,,,,,,,,,,,,,,,,,,,,,,,,,,,,,,,,,,,
Vifa,M11MH-09-08,,,,,,,,,,,,,,,,,,,,,,,,,,,,,,,,,,,,,,,,,,,,,,,,,,,,,,,,,,,,,,,,,,,,,,,,,,
Vifa,M22WR-09-06,6,30,0.33,0.38,2.73,55,4.3,1.1,,,,,,,,,,,,,,,,,,,,,,,,,,,,,,,,,,,,,,,,,,,,,,,,,,,,,,,,,,,,,,,,,,
Vifa,MG18WK-Z4,,,,,,,,,,,,,,,,,,,,,,,,,,,,,,,,,,,,,,,,,,,,,,,,,,,,,,,,,,,,,,,,,,,,,,,,,,
Vifa,MG18WK09-08,,34,0.34,0.41,1.96,45,5.85,0.88,138,13,,,,6.2,,,,,,,,,86.5,,,,,,86.5,,,,,,,,,,,,,,,,,,,,,,,,,,,,,,,,,,,,,,,,,,,,,
Vifa,NE123-W08,,,,,,,,,,,,,,,,,,,,,,,,,,,,,,,,,,,,,,,,,,,,,,,,,,,,,,,,,,,,,,,,,,,,,,,,,,
Vifa,NE19VTS-04,,,1.36,2.27,3.4,0.01,,0.01,4.9,0.21,,0.2229,,,0.1,,,,,,,,,,,,,,,,,,,,,,,,,,,,,,,,,,,,,,,,,,,,,,,,,,,,,,,,,,,
Vifa,NE225W-04,,,0.33,0.35,9.8,44.82,,0.16,227,37.21,,0.6195,,,7.5,,,,,,,,,,,,,,,,,,,,,,,,,,,,,,,,,,,,,,,,,,,,,,,,,,,,,,,,,,,
Vifa,NE25VTS-04,,,0.89,1.12,4.4,0.01,,0.01,8,0.36,,0.13,,,0.1,,,,,,,,,,,,,,,,,,,,,,,,,,,,,,,,,,,,,,,,,,,,,,,,,,,,,,,,,,,
Vifa,NE65W-04,,,0.65,0.74,5,0.18,,0.04,14.7,1.58,,0.5837,,,1.65,,,,,,,,,,,,,,,,,,,,,,,,,,,,,,,,,,,,,,,,,,,,,,,,,,,,,,,,,,,
Vifa,P14WH06-04,,,,,,,,,,,,,,,,,,,,,,,,,,,,,,,,,,,,,,,,,,,,,,,,,,,,,,,,,,,,,,,,,,,,,,,,,,
Vifa,PL11WH09-08,8,69,0.32,0.39,1.7,4.25,5.6,0.45,58,5.9,,,,,,,,,,,,,,,,,,,,,,,,,,,,,,,,,,,,,,,,,,,,,,,,,,,,,,,,,,,,,,,,
Vifa,PL14WJ09-08,,47,0.38,0.46,,13,5.8,,80,8.2,,,,5.5,,,,,,,,,,,,,,,,,,,,,,,,,,,,,,,,,,,,,,,,,,,,,,,,,,,,,,,,,,,,
Vifa,PL22WR06-08,,,,,,,,,,,,,,,,,,,,,,,,,,,,,,,,,,,,,,,,,,,,,,,,,,,,,,,,,,,,,,,,,,,,,,,,,,
Vifa,SC18SG-49-08,,,,,,,,,,,,,,,,,,,,,,,,,,,,,,,,,,,,,,,,,,,,,,,,,,,,,,,,,,,,,,,,,,,,,,,,,,
Vifa,TC-18WK07-08,,,,,,,,,,,,,,,,,,,,,,,,,,,,,,,,,,,,,,,,,,,,,,,,,,,,,,,,,,,,,,,,,,,,,,,,,,
Vifa,TC14SG27-12,,,,,,,,,,,,,,,,,,,,,,,,,,,,,,,,,,,,,,,,,,,,,,,,,,,,,,,,,,,,,,,,,,,,,,,,,,
Vifa,TC14SG48-08,,,,,,,,,,,,,,,,,,,,,,,,,,,,,,,,,,,,,,,,,,,,,,,,,,,,,,,,,,,,,,,,,,,,,,,,,,
Vifa,TC14WG05-08,,,,,,,,,,,,,,,,,,,,,,,,,,,,,,,,,,,,,,,,,,,,,,,,,,,,,,,,,,,,,,,,,,,,,,,,,,
Vifa,TC14WG67-08,,,,,,,,,,,,,,,,,,,,,,,,,,,,,,,,,,,,,,,,,,,,,,,,,,,,,,,,,,,,,,,,,,,,,,,,,,
Vifa,TC18WG-09-08,8,37,0.47,0.58,2.62,,5.5,0.75,138,11.2,,,,,,,,,,,,,,,,,,,,,,,,,,,,,,,,,,,,,,,,,,,,,,,,,,,,,,,,,,,,,,,,
Vifa,TC18WG-69-08,,37,0.47,0.58,2.62,44,5.5,0.75,138,11.2,,,,5,,,,,,,,,86,,,,,,86,,,,,,,,,,,,,,,,,,,,,,,,,,,,,,,,,,,,,,,,,,,,,
Vifa,TC18WK07-12,,,,,,,,,,,,,,,,,,,,,,,,,,,,,,,,,,,,,,,,,,,,,,,,,,,,,,,,,,,,,,,,,,,,,,,,,,
Vifa,XT25TG-30-04,,,0.44,0.54,2.5,0.04,,0.01,8.2,0.36,,0.3665,,,0.65,,,,,,,,,,,,,,,,,,,,,,,,,,,,,,,,,,,,,,,,,,,,,,,,,,,,,,,,,,,
Visaton,80X80MM,8,,,,,,,,,,,,,,,,,,,,,,,50,,,,,,,80,,,,19,,,,,,,,,35.6,,,,,,,,,,,,,,,,,,,,,,,,,,,,,,
Visaton,AL130,8,43,0.38,0.42,4.37,13,5.6,0.9,79,9,,,,5.6,8.5,8.5,,,,,,,87,,60,,,,,,,,,,58,,114,,,,,,,25,18,,,,,,,153,,,,,,,,,,,,,,,,,,,,,,
Visaton,AL130M,8,57,0.46,0.52,4.39,9.1,5.4,0.8,79,7.4,,,,5.6,5.5,5.5,,,,,,,90,,60,,,,,,,,,,58,,115,,,,,,,25,12,,,,,,,153,,,,,,,,,,,,,,,,,,,,,,
Visaton,AL170,8,38,0.39,0.43,3.88,34,5.6,0.9,133,13,,,,6.9,11,11,,,,,,,88,,70,,,,,,,,,,63,,150,,,,,,,25,18,,,,,,,180,,,,,,,,,,,,,,,,,,,,,,
Visaton,AL200,8,32,0.35,0.39,3.73,77,6.6,1.2,216,21,,,,8.8,10,,,,,,,,88,,120,,,,,,,,,,90,,189,,,,,,,38,20,,,,,,,222,,,,,,,,,,,,,,,,,,,,,,
Visaton,B200,6,40,0.75,0.83,8.39,102,5,0.5,214,9.7,,,,3.9,3.5,3.5,,,,,,,96,,40,,,,,,,,,,86,,189,,,,,,,25,4,,,,,,,222,,,,,,,,,,,,,,,,,,,,,,
Visaton,B80,8,110,0.63,0.69,6.53,1.8,6.6,,38.5,2.8,,0.87,,4.15,2.2,,,,,,,,85,,30,,,,,,,,,,47,,89,,,,,,,25,7.5,,,,,,,104,,,,,,,,,,,,,,,,,,,,,,
Visaton,BF32,8,280,,,,,,,,,,,,,,,,,,,,,78,2,,,,78,,,32,,,,,,31.5,,,,,,,20,3,,,,,,,,,,,,,,,,,,,,,,,,,,,,,
Visaton,BG13,8,168,1.04,1.58,3.06,2.01,5.2,0.65,,3,,,,3.2,2,2,,,,,,,92,,20,,,,,,,,,,40,,110,,,,,,,20,4.5,,,,,,,131,,,,,,,,,,,,,,,,,,,,,,
Visaton,BG17,8,120,0.74,0.98,2.94,8.2,6.3,0.7,143,6.5,,,,5.7,2,2,,,,,,,93,,40,,,,,,,,,,57,,146,,,,,,,20,7,,,,,,,165,,,,,,,,,,,,,,,,,,,,,,
Visaton,BG20,8,38,0.44,0.51,3.47,110,6.2,0.8,214,10,,,,6.1,4,6,,,,,,,92,,40,,,,,,,,,,82,,184,,,,,,,25,8,,,,,,,205,,,,,,,,,,,,,,,,,,,,,,
Visaton,BSX 130 WP,4,,,,,,,,,,,,,,,,,,,,,,,,,,,,,,,,,,45,,,,,,,,,,,,,,,,,,,,,,,,,,,,,,,,,,,,,,,
Visaton,CP 13 4 OHM Polycarbonat Pair!,4,2400,,,,,3.3,0.4,,,,,,,,,,,,,,,86,,60,,,,,,,,,,20,,33.5,,,,,,,13,1.5,,,,,,,30,30,,,,,,,,,,,,,,,,,,,,,
Visaton,DL 8 ES 8 Ohm,8,173,0.94,1.43,2.72,,,0.48,31,6.7,,,,,,,,,,,,,84,,10,,,84,,,,,,,,,93,,,,,,,20,4,,,,,,,,,,,,,,,,,,,,,,,,,,,,,
Visaton,DSM25FFL,8,1600,0.92,1.87,1.83,,5.9,,4.9,0.28,,,,,,,,,,,,,90,,80,,,,,,,,,,24,,80,,,,,,,25,2,,,,,,,96,96,,,,,,,,,,,,,,,,,,,,,
Visaton,DSM50FFL,8,430,0.44,0.7,1.19,0.05,6.7,0.16,20,1.2,,,,,,,,,,,,,90,,120,,,,,,,,,,48,,106,,,,,,,50,3,,,,,,,130,130,,,,,,,,,,,,,,,,,,,,,
Visaton,DT 94 Polycarbonat 4 Ohm,4,1900,0.5,0.6,3,,3.1,0.09,3,0.2,,,,,,,,,,,,,90,,70,,,,,,,,,,19,,64,,,,,,,20,2,,,,,,,94,,,,,,,,,,,,,,,,,,,,,,
Visaton,DT 94 Polycarbonat 8 Ohm,8,1900,0.54,0.66,3.07,,6.7,0.12,3,0.2,,,,,,,,,,,,,90,,70,,,,,,,,,,19,,64,,,,,,,20,2,,,,,,,94,,,,,,,,,,,,,,,,,,,,,,
Visaton,DTW72,,3000,,,,,,,,,,,,,,,,,,,,,,,,,,,,,,,,,,,,,,,,,,,,,,,,,,,,,,,,,,,,,,,,,,,,,,,,
Visaton,EX 30 S - 8,8,,,,,,,,,,,,,,,,,,,,,,,,,,,,,,,30,,,,,,,,2,,,,20.5,,,,,,,,,,,,,,,,,,,,,,,,,,,,,,
Visaton,EX 45 S - 4,4,,,,,,,,,,,,,,,,,,,,,,,,,,,,,,,,,,16.5,,,,,4,,,,25.4,,,,,,,,38,46,,,,,,,,,,,,,,,,,,,,,
Visaton,EX 45 S - 8,8,,,,,,,,,,,,,,,,,,,,,,,,,,,,,,,46,,,16.5,,,,,,,,,25.4,,,,,,,,,,,,,,,,,,,,,,,,,,,,,,
Visaton,EX 60 R - 8,8,,,,,,,,,,,,,,,,,,,,,,,,,,,,,,,70,,,,,,,,,,,,32.6,,,,,,,,,,,,,,,,,,,,,,,,,,,,,,
Visaton,EX 60 S - 4,4,,,,,,,,,,,,,,,,,,,,,,,,,,,,,,,,,,21,,,,,4,,,,,,,,,,,,,,,,,,,,,,,,,,,,,,,,,,
Visaton,EX 60 S - 8,8,,,,,,,,,,,,,,,,,,,,,,,,,,,,,,,,,,21,,,,,4,,,,,,,,,,,,,,,,,,,,,,,,,,,,,,,,,,
Visaton,EX 60 XWP - 8,8,,,,,,,,,,,,,,,,,,,,,,,,,,,,,,,,,,28,,,,,,,,,32.5,,,,,,,,,,,,,,,,,,,,,,,,,,,,,,
Visaton,EX 80 S - 8,8,,,,,,,,,,,,,,,,,,,,,,,,,,,,,,,80,,,21,,,,,,,,,35.6,,,,,,,,,,,,,,,,,,,,,,,,,,,,,,
Visaton,EX-60S,8,,,,,,,,,,,,,,,,,,,,,,,25,,,,,,,50,,,,,,,,,,,,,,,,,,,,,,,,,,,,,,,,,,,,,,,,,,,
Visaton,F 8 SC Shielded Fullrange Paper,8,103,1.01,1.52,3.03,0.57,7.7,0.35,30,2.2,,,,2.69,5,,,,,,,,82,,20,,,,,,,,,,42,,76,,,,,,,20,4.5,,,,,,,78.5,78.5,,,,,,,,,,,,,,,,,,,,,
Visaton,FR12,4,110,1.87,2.8,5.61,8.7,3.4,0.1,87,3.8,,,,1.7,2.5,,,,,,,,85,,15,,,,,,,,,,28,,114,,,,,,,20,4.5,,,,,,,146.5,,,,,,,,,,,,,,,,,,,,,,
Visaton,FR12,8,110,1.87,2.8,5.61,8.7,6.8,0.22,87,3.8,,,,1.7,2.5,,,,,,,,85,,15,,,,,,,,,,28,,114,,,,,,,20,4.5,,,,,,,146.5,,,,,,,,,,,,,,,,,,,,,,
Visaton,FR13,4,100,1.25,1.64,5.17,6.1,3.4,0.2,87,4.5,,,,2.3,2.5,2.5,,,,,,,88,,30,,,,,,,,,,43,,116,,,,,,,20,6,,,,,,,129,,,,,,,,,,,,,,,,,,,,,,
Visaton,FR13WP,4,100,1.17,2.19,2.49,4.4,3.8,0.4,78,4.8,,,,2.3,2.5,2.5,,,,,,,85,,40,,,,,,,,,,41,,112,,,,,,,20,5,,,,,,,150,,,,,,,,,,,,,,,,,,,,,,
Visaton,FR6,8,75,1.96,3.26,4.94,16,6.8,0.8,129,5.9,,,,2.5,6,3,,,,,,,87,,40,,,,,,,,,,50,,143,,,,,,,20,4,,,,,,,171,,,,,,,,,,,,,,,,,,,,,,
Visaton,FR7,4,220,2.39,3.61,7.05,0.4,3.4,0.1,22,1,,,,1.1,1,1,,,,,,,86,,5,,,,,,,,,,29,,61,,,,,,,14,2.5,,,,,,,66,,,,,,,,,,,,,,,,,,,,,,
Visaton,FR8,4,150,1.05,1.3,5.38,0.6,3.4,0.3,30,1.6,,,,2.1,2,,,,,,,,86,,10,,,,,,,,,,37,,75,,,,,,,15,5,,,,,,,96,,,,,,,,,,,,,,,,,,,,,,
Visaton,FR8,8,150,1.09,1.38,5.3,0.7,7.4,0.6,30,1.7,,,,2.5,2,,,,,,,,86,,10,,,,,,,,,,37,,75,,,,,,,15,5,,,,,,,96,,,,,,,,,,,,,,,,,,,,,,
Visaton,FR8JS,8,130,1.24,1.74,4.3,0.84,7.2,0.6,30,2.3,,,,2.77,4,2,,,,,,,83,,20,,,,,,,,,,37,,80,,,,,,,15,5,,3,,,,,96,,,,,,,,,,,,,,,,,,,,,,
Visaton,FR8WP,4,158,0.44,1.33,2.62,0.4,4.1,0.3,30,2.9,,,,2.8,3,,,,,,,,84,,15,,,,,,,,,,,,74,,,,,,,20,4,,,,,,,,,,,,,,,,,,,,,,,,,,,,,
Visaton,FR8WP,4,158,0.88,1.33,2.62,0.4,,0.3,30,2.9,,,,2.8,3,,,,,,,,84,,15,,,,,,,,,,,,74,,,,,,,20,4,,,,,,,,,,,,,,,,,,,,,,,,,,,,,
Visaton,FR8WP,8,158,,,,,,,,,,,,,3,,,,,,,,84,,15,,,,,,,,,,73,,37,,,,,,,20,4,,,,,,,,,,,,,,,,,,,,,,,,,,,,,
Visaton,FRS10WP,8,190,0.98,1.12,7.6,1.9,6.4,0.4,57,3,,,,4.3,3,,,,,,,,90,,50,,,,,,,,,,45,,92,,,,,,,20,5,,,,,,,115,,,,,,,,,,,,,,,,,,,,,,
Visaton,FRS5,8,270,1.15,1.81,3.19,0.16,7.2,0.2,12,0.5,,,,1.5,2,2,,,,,,,84,,5,,,,,,,,,,31.5,,46,,,,,,,14,3.7,,,,,,,68,50.5,,,,,,,,,,,,,,,,,,,,,
Visaton,FRS7,4,250,1.22,1.96,3.21,0.3,3.6,0.3,22,0.8,,,,1.7,1.5,,,,,,,,88,,8,,,,,,,,,,31,,61,,,,,,,14,3.5,,,,,,,66.5,66.5,,,,,,,,,,,,,,,,,,,,,
Visaton,FRS7,8,250,1.28,2.08,3.32,0.3,7.2,0.6,22,0.8,,,,2.1,1.5,,,,,,,,88,,8,,,,,,,,,,31,,61,,,,,,,14,3.5,,,,,,,66.5,66.5,,,,,,,,,,,,,,,,,,,,,
Visaton,FRS8,4,120,0.69,0.85,3.61,1,3.5,0.4,31,2.5,,,,2.2,2.5,,,,,,,,82,,30,,,,,,,,,,40,,73,,,,,,,20,4.5,,,,,,,78.5,78.5,,,,,,,,,,,,,,,,,,,,,
Visaton,FRS8,8,120,1.04,1.32,,0.8495053978,7.2,0.9,,,,,,,0.25,,,,,,,,82,30,,,,,,,83,,,,,,,,,,,,,,,,,,,,,,,,,,,,,,,,,,,,,,,,,,,
Visaton,FRS8,8,150,1.09,1.38,5.3,0.7,7.4,0.6,30,1.7,,,,2.5,2,,,,,,,,86,,10,,,,,,,,,,40,,75,,,,,,,15,5,,,,,,,78.5,78.5,,,,,,,,,,,,,,,,,,,,,
Visaton,FRS8M,8,125,0.49,0.58,3.24,1.1,7.2,0.3,29,1.8,,,,4,2.5,2.5,,,,,,,88,30,50,,,,,,80,,,,44,,75,,,,,,,20,4.5,,,,,,,78,,,,,,,,,,,,,,,,,,,,,,
Visaton,Frws 5 Fullrange Paper 4 Ohm,4,250,1.24,2.5,2.48,0.2,3.6,0.08,12,0.5,,,,1.1,2,,,,,,,,84,,4,,,,,,,,,,22,,45,,,,,,,14,2.7,,,,,,,50,,,,,,,,,,,,,,,,,,,,,,
Visaton,Frws 5 Fullrange Paper 8 Ohm,8,250,1.63,3.22,3.31,0.1,6.8,0.1,12,0.5,,,,1.4,2,,,,,,,,84,,4,,,,,,,,,,22,,44.5,,,,,,,14,2.7,,,,,,,50,,,,,,,,,,,,,,,,,,,,,,
Visaton,Frws 5 SC Paper Coated,8,350,2.85,9.35,4.1,0.2,7.2,0.1,12,0.5,,,,1,2,,,,,,,,80,,4,,,,,,,,,,23,,44.5,,,,,,,14,3.5,,,,,,,50,44,,,,,,,,,,,,,,,,,,,,,
Visaton,FRWS 5 Speaker Driver Full Range 4W 8 Ohm 84dB 150Hz-20kHz Ø5cm,8,250,,,,,,,,,,,,,2,,,,,,,,84,4,,,,84,,,50,,,,,,45,,,,2,,,14,,,,,,,,,,,,,,,,,,,,,,,,,,,,,,
Visaton,G20SC,8,1890,0.28,1.34,0.36,,4.8,0.02,4,0.15,,,,,,,,,,,,,88,,80,,,,,,,,,,27,,66,,,,,,,20,2,,,,,,,94,,,,,,,,,,,,,,,,,,,,,,
Visaton,G25,8,1600,,,,,,,,,,,,,,,,,,,,,95,,20,,,,,,,,,,25.9,,44,,,,,,,25.4,1.7,,,,,,,66.5,,,,,,,,,,,,,,,,,,,,,,
Visaton,G25FFL,8,1600,0.41,1.11,0.66,,5.6,0.05,4.9,0.3,,,,,,,,,,,,,90,,80,,,,,,,,,,24,,80,,,,,,,25,2,,,,,,,104,,,,,,,,,,,,,,,,,,,,,,
Visaton,G50FFL,8,455,0.28,0.67,0.48,0.037,6.4,0.16,20,1.2,,,,,,,,,,,,,90,,120,,,,,,,,,,48,,100,,,,,,,50,3,,,,,,,140,,,,,,,,,,,,,,,,,,,,,,
Visaton,GF 200 2 x 4 OHM Glassfibre,,,,,,,,,214,25,,,,4.6,10,,,,,,,,85,,120,,,,,,,,,,90,,189,,,,,,,38,18,,,,,,,222,,,,,,,,,,,,,,,,,,,,,,
Visaton,HTH 8.7 CD-Horn-Tweeter,8,1200,,,,,6.4,0.72,,,,,,,,,,,,,,,106,,200,,,,,,,,,,127,,,,,,,,,25,,,,,,,,195,155,,157,118,,,,,,,,,,,,,,,,,,
Visaton,K16,50,1005,,,,,,,,,,,,,,,,,,,,,71,,0.5,,,,,,,,,,,,13,,,,,,,8,,,,,,,,,,,,,,,,,,,,,,,,,,,,,,
Visaton,K50,8,400,,,,,,,,,,,,,0.5,0.5,,,,,,,83,2,2,,,83,,,50,,,,17,,45,,,,,,,14,2,,,,,,,50,,,,,,,,,,,,,,,,,,,,,,
Visaton,K50WP,8,300,,,,,,,,,,,,,1,,,,,,,,84,2,,,,84,,,50,,,,,,46,,,,2,,,10,2.5,,,,,,,,,,,,,,,,,,,,,,,,,,,,,
Visaton,K64WP,8,300,,,,,,,,,,,,,1,,,,,,,,86,2,,,,86,,,64,,,,,,60,,,,2,,,10,2.5,,,,,,,,,,,,,,,,,,,,,,,,,,,,,
Visaton,KE 25 SC Ceramic,8,,,,,,5.9,0.09,,,,,,,,,,,,,,,89,,80,,,,,,,,,,55,,82,,,,,,,25,,,,,,,,104.5,,,,,,,,,,,,,,,,,,,,,,
Visaton,MHT 12 Magnetostat-Tweeter,8,,,,,,,,,,,,,,,,,,,,,,91,,100,,,,,,,,,,46,,95,,,,,,,,,,,,,,,112,112,,,,,,,,,,,,,,,,,,,,,
Visaton,MR 130,8,500,3.49,5.85,8.67,0.1,6.8,0.4,70,5,,,,4.3,2,,,,,,,,89,,80,,,,,,,,,,42,,110,,,,,,,25,8,,,,,,,136,,,,,,,,,,,,,,,,,,,,,,
Visaton,R10SC,4,165,1.32,1.67,6.4,2.6,3.6,0.2,56,1.9,,,,,1.5,,,,,,,,90,,20,,,,,,,,,,,,93,,,,,,,15,4,,,,,,,,,,,,,,,,,,,,,,,,,,,,,
Visaton,SC 10 N,8,1700,,,,,6.9,0.15,5,0.1,,,,,,,,,,,,,90,,50,,,,,,,104,,,,,85,,,,,,,25,2,,,,25,,,104,,,,,,,,,,,,,,,,,,,,,,
Visaton,SC13,8,78,0.71,0.94,2.95,7.4,7.2,0.7,79,4.8,,,,4.2,7.5,,,,,,,,90,,40,,,,,,,,,,61,,113,,,,,,,20,5.5,,,,,,,131,131,,,,,,,,,,,,,,,,,,,,,
Visaton,SC4.7ND,4,360,2.8,5.81,5.42,0.18,3.6,0.2,16,0.6,,,,,0.5,,,,,,,,81,,2,,,,,,,,,,27,,,,,,,,,14,2,,,,,,,63.5,41,,,,,,,,,,,,,,,,,,,,,
Visaton,SC5,8,2500,,,,,6.2,0.08,,,,,,,,,,,,,,,90,,60,,,,,,,,,,22.5,,48,,,,,,,13,2,,,,,,,51.5,51.5,,,,,,,,,,,,,,,,,,,,,
Visaton,SC5.9,8,193,1.25,1.5,7.52,0.4,7,0.4,26.5,1.5,,,,2.5,1.5,1.5,,,,,,,84,,10,,,,,,,,,,41,,,,,,,,,14,4,,,,,,,90.5,50.5,,43,82,,,,,,,,,,,,,,,,,,
Visaton,SC5.9ND,4,280,4.3,8.03,9.23,0.3,3.8,0.2,26.5,1.3,,,,,1,,,,,,,,82,,3,,,,,,,,,,30,,,,,,,,,14,4,,,,,,,90,50,,43,82,,,,,,,,,,,,,,,,,,
Visaton,SL713,4,180,1.7,2.2,8.2,1.5,3.6,0.2,50,1.7,,,,,2,2,,,,,,,90,,15,,,,,,,,,,46,,,,,,,,,15,,,,,,,,130,75.5,,119,66,,,,,,,,,,,,,,,,,,
Visaton,SL87FE,8,120,0.65,0.82,3.3,1.53,7.2,,37.3,2.4,,,,3.95,,,,,,,,,87,10,,,,87,,,85,,,,,,80,,,,,,,20,,,,,,,,,,,,,,,,,,,,,,,,,,,,,,
Visaton,TI 100 Titan,8,62,0.38,0.4,7.05,6.9,6,0.7,54,4,,,,4.8,4,,,,,,,,86,,40,,,,,,,,,,72,,101,,,,,,,20,8.5,,,,,,,122,,,,,,,,,,,,,,,,,,,,,,
Visaton,TIW200XS,8,29,0.43,0.46,6.42,45,6,1.6,206,35,,,,9.6,25,,,,,,,,84,,120,,,,,,,,,,108,,189,,,,,,,38,30,,,,,,,222,,,,,,,,,,,,,,,,,,,,,,
Visaton,TIW250XS,8,33,0.33,0.35,5.21,66,5.6,1.7,314,49,,,,13,14,14,,,,,,,89,,200,,,,,,,,,,115,,235,,,,,,,50,25,,,,,,,276,,,,,,,,,,,,,,,,,,,,,,
Visaton,TIW300,8,25,0.28,0.3,4.59,160,5.4,1.7,510,92,,,,16.5,16,16,,,,,,,90,,300,,,,,,,,,,143,,288,,,,,,,65,23,,8,,,,,329,,,,,,,,,,,,,,,,,,,,,,
Visaton,TL 16 H High END Horn Tweeter,8,6000,,,,,6.9,0.17,,,,,,,,,,,,,,,100,,150,,,,,,,,,,,,,,,,,,,16,,,,,,,,84,,,,,,,,,,,,,,,,,,,,,,
Visaton,TW6,8,1500,,,,,6.5,0.17,17,,,,,,0.5,0.5,,,,,,,91,,60,,,,,,,,,,24,,56,,,,,,,14,2.5,,,,,,,60,60,,,,,,,,,,,,,,,,,,,,,
Visaton,TW70,8,1500,0.97,4.21,1.26,,7,0.16,20,,,,,,0.5,0.5,,,,,,,90,,80,,,,,,,,,,92,,64,,,,,,,14,2.5,,,,,,,64,64,,,,,,,,,,,,,,,,,,,,,
Visaton,W100,4,60,,,,,,,,,,,,,,,,,,,,,84,,30,,,,,,,,,,64,,93,,,,,,,,,,,,,,,112,,,,,,,,,,,,,,,,,,,,,,
Visaton,W100S,4,65,0.46,0.54,3.04,4.49,3.4,0.5,53,4.2,,,,3.7,4,,,,,,,,86,,30,,,,,,,,,,48,,94,,,,,,,20,8,,,,,,,122,,,,,,,,,,,,,,,,,,,,,,
Visaton,W100S,8,63,0.54,0.67,2.74,5.41,6.7,0.9,53,4.7,,,,4.29,4,,,,,,,,86,,30,,,,,,,,,,48,,94,,,,,,,20,8,,,,,,,122,,,,,,,,,,,,,,,,,,,,,,
Visaton,W100S - 8,8,63,0.54,0.67,2.74,5.380200852,6.7,0.5,,,,,,,2,,,,,,,,,30,,4,,,,,101.6,,,,,,,,,,,,,,,,,,,,,,,,,,,,,,,,,,,,,,,,,,,
Visaton,W130S,4,50,0.45,0.55,2.54,14,3.5,0.6,74,5.4,,,,3.6,8,,,,,,,,87,,50,,,,,,,,,,54,,109,,,,,,,25,8.5,,,,,,,146,,,,,,,,,,,,,,,,,,,,,,
Visaton,W130S,8,52,0.47,0.59,2.26,12,6,0.6,74,6,,,,4.6,8,,,,,,,,87,,50,,,,,,,,,,54,,109,,,,,,,25,8.5,,,,,,,146,,,,,,,,,,,,,,,,,,,,,,
Visaton,W130S - 4,4,50,0.45,0.55,2.54,13.87525483,3.5,0.6,,,,,,,2.25,,,,,,,,,50,,5,,,,,127,,,,,,,,,,,,,,,,,,,,,,,,,,,,,,,,,,,,,,,,,,,
Visaton,W130S - 8,8,52,0.47,0.59,2.26,11.893075569,6,0.6,,,,,,,2.25,,,,,,,,,50,,5,,,,,127,,,,,,,,,,,,,,,,,,,,,,,,,,,,,,,,,,,,,,,,,,,
Visaton,W170 - 8,8,57,0.69,0.9,2.92,24.069319603,7.2,0.9,,,,,,,2,,,,,,,,,40,,,,,,,,,,,,,,,,,,,,,,,,,,,,,,,,,,,,,,,,,,,,,,,,,,
Visaton,W170S,4,36,0.41,0.51,2.16,38,3.2,0.6,129,12,,,,4.4,10,,,,,,,,86,,50,,,,,,,,,,74,,148,,,,,,,25,12.5,,,,,,,187,,,,,,,,,,,,,,,,,,,,,,
Visaton,W170S,8,36,0.52,0.66,2.43,38,5.9,1.2,129,13,,,,5.4,10,,,,,,,,86,,50,,,,,,,,,,74,,148,,,,,,,25,12.5,,,,,,,187,,,,,,,,,,,,,,,,,,,,,,
Visaton,W170S - 4,4,36,0.41,0.51,2.16,37.944574433,3.2,0.6,,,,,,,4.25,,,,,,,,,50,,,,,,,,,,,,,,,,,,,,,,,,,,,,,,,,,,,,,,,,,,,,,,,,,,
Visaton,W170S - 8,8,36,0.52,0.66,2.43,37.944574433,5.9,1.2,,,,,,,4.25,,,,,,,,,50,,,,,,,,,,,,,,,,,,,,,,,,,,,,,,,,,,,,,,,,,,,,,,,,,,
Visaton,W200,4,45,0.63,0.77,3.46,54,3.2,0.5,207,14,,,,4.2,10,,,,,,,,88,,50,,,,,,,,,,79,,185,,,,,,,25,9,,,,,,,206,,,,,,,,,,,,,,,,,,,,,,
Visaton,W200,8,46,0.63,0.79,3.2,51,6.8,0.9,207,14,,,,5.9,10,,,,,,,,88,,50,,,,,,,,,,79,,185,,,,,,,25,9,,,,,,,206,,,,,,,,,,,,,,,,,,,,,,
Visaton,W200 - 8,8,46,0.62,0.8,2.82,50.970323866,6.8,0.9,,,,,,,2,,,,,,,,,50,,8,,,,,203.2,,,,,,,,,,,,,,,,,,,,,,,,,,,,,,,,,,,,,,,,,,,
Visaton,W200S,4,29,0.35,0.38,3.99,65,3.4,1.5,214,28,,,,7.7,10,,,,,,,,88,,75,,,,,,,,,,88,,184,,,,,,,35,12,,,,,,,232,,,,,,,,,,,,,,,,,,,,,,
Visaton,W200S,8,30,0.33,0.36,3.59,70,6,2.2,214,26,,,,9,10,,,,,,,,88,,75,,,,,,,,,,88,,182,,,,,,,35,12,,,,,,,232,,,,,,,,,,,,,,,,,,,,,,
Visaton,W200S - 4,4,29,0.35,0.38,3.99,65.128747162,3.4,1.5,,,,,,,3.5,,,,,,,,,75,,8,,,,,203.2,,,,,,,,,,,,,,,,,,,,,,,,,,,,,,,,,,,,,,,,,,,
Visaton,W200S - 8,8,30,0.33,0.36,3.59,69.942611082,6,1.5,,,,,,,3.5,,,,,,,,,75,,8,,,,,203.2,,,,,,,,,,,,,,,,,,,,,,,,,,,,,,,,,,,,,,,,,,,
Visaton,W250 - 8,8,37,0.78,1,3.57,135.071358244,6.8,1.1,,,,,,,3,,,,,,,,,90,,10,,,,,254,,,,,,,,,,,,,,,,,,,,,,,,,,,,,,,,,,,,,,,,,,,
Visaton,W250S,4,33,0.35,0.43,2.01,135,3.6,0.9,346,32,,,,8.9,7,,,,,,,,90,,100,,,,,,,,,,112,,233,,,,,,,38,17,,,,,,,283,,,,,,,,,,,,,,,,,,,,,,
Visaton,W250S,8,31,0.32,0.39,1.88,121,6.6,1.5,346,38,,,,9.2,7,,,,,,,,90,,100,,,,,,,,,,112,,233,,,,,,,38,17,,,,,,,283,,,,,,,,,,,,,,,,,,,,,,
Visaton,W250S - 4,4,33,0.35,0.43,2.01,135.071358244,3.6,0.93,,,,,,,5,,,,,,,,,100,,10,,,,,254,,,,,,,,,,,,,,,,,,,,,,,,,,,,,,,,,,,,,,,,,,,
Visaton,W250S - 8,8,31,0.32,0.39,1.88,120.912934948,6.6,1.5,,,,,,,5,,,,,,,,,100,,10,,,,,254,,,,,,,,,,,,,,,,,,,,,,,,,,,,,,,,,,,,,,,,,,,
Visaton,W300,8,32,0.45,0.54,2.68,190,6.6,1.8,490,43,,,,9.4,14,14,,,,,,,91,,120,,,,,,,,,,120,,280,,,,,,,50,18.5,,,,,,,305,,,,,,,,,,,,,,,,,,,,,,
Visaton,W300 - 8,8,32,0.45,0.54,2.68,190.006040632,6.6,1.77,,,,,,,5.25,,,,,,,,,120,,12,,,,,304.8,,,,,,,,,,,,,,,,,,,,,,,,,,,,,,,,,,,,,,,,,,,
Visaton,WS-17E,4,45,0.9,1.28,2.35,22,3.2,0.6,143,16,,,,3.9,6.5,,,,,,,,88,,60,,,,,,,,,,75,,150,,,,,,,25,12,,,,,,,188,,,,,,,,,,,,,,,,,,,,,,
Visaton,WS-17E,8,41,0.63,0.81,2.83,30.865362785,6.3,1.3,143,,,,,,4.5,,,,,,,,,60,,,,,,,,,,,,,,,,,,,,,,,,,,,,,,,,,,,,,,,,,,,,,,,,,,
Visaton,WS-17E,8,45,0.81,1.28,2.2,22,5.8,0.9,143,16,,,,3.9,6.5,,,,,,,,88,,60,,,,,,,,,,75,,150,,,,,,,25,12,,,,,,,188,,,,,,,,,,,,,,,,,,,,,,
Visaton,WS13,8,83,1.08,1.56,3.52,7.7,7.7,0.8,86.5,5.1,,,,3.6,7.5,7.5,,,,,,,86,,40,,,,,,,,,,51,,113,,,,,,,20,5.5,,,,,,,131,,,,,,,,,,,,,,,,,,,,,,
Visaton,WS20,4,47,1.14,1.44,5.56,39,3.3,0.7,240,23,,,,4.5,6,,,,,,,,88,,80,,,,,,,,,,85,,186,,,,,,,30,11,,,,,,,236,,,,,,,,,,,,,,,,,,,,,,
Visaton,WS20,8,47,1.23,1.59,5.36,44,6.8,1,240,21,,,,5.5,6,,,,,,,,88,,80,,,,,,,,,,85,,186,,,,,,,30,11,,,,,,,236,,,,,,,,,,,,,,,,,,,,,,
Visaton,WS25,8,34,1.43,2.92,2.82,112.984217902,5.9,0.8,346,33,,,,3.8,5.5,,,,,,,,,80,,10,,,,,254,,,,,,,,,,,,,,,,,,,,,,,,,,,,,,,,,,,,,,,,,,,
Visaton,WS25,8,34,1.43,2.92,2.82,113,5.9,0.8,330,33,,,,3.8,12,6,,,,,,,88,,80,,,,,,,,,,106,,224,,,,,,,25,15,,,,,,,283,,,,,,,,,,,,,,,,,,,,,,
Volt,B2202,8,32,0.25,0.28,,49,6,1,214,33,,0.77,,11.8,5.25,,112,,,,,,,,,,1.92,,,,,,,,,,,,,,,,,,,,,,,,,,,,,,,,,,,,,,,,,,,,,,,
Volt,B25001,,39,0.34,0.41,,26,5.7,,337,104,,0.16,,18.7,5.5,,185,,,,,,,,,,2.21,,,,,,,,,,,,,,,,,,,,,,,,,,,,,,,,,,,,,,,,,,,,,,,
Volt,BM2208,8,34,0.27,,,47,,,,,,,,,,,,,,,,,,,,,,,,,,,,,,,,,,,,,,,,,,,,,,,,,,,,,,,,,,,,,,,,,,,,
Volt,BM25004,8,45,0.27,0.3,,37,4.8,,337,54,,0.23,,15.5,8,,269,,,,,,,,,,2.43,,,,,,,,,,,,,,,,,,,,,,,,,,,,,,,,,,,,,,,,,,,,,,,
Volt,CX220.1,,36,0.24,0.29,,44,6.4,1,214,28,,0.69,,11.9,5.5,,118,,,,,,,,,,1.61,,,,,,,,,,,,,,,,,,,,,,,,,,,,,,,,,,,,,,,,,,,,,,,
Volt,RV3143,8,35,0.3,0.32,,86,6.1,2.3,479,76,,0.27,,18,5.2,,249,,,,,,,,,,5.35,,,,,,,,,,,,,,,,,,,,,,,,,,,,,,,,,,,,,,,,,,,,,,,
Volt,RV3863,8,35,0.34,0.38,,150,5.6,3.4,760,110,,0.09,,19,7.5,,,,,,,,,,,,3.5,,,,,,,,,,,,,,,,,,,,,,,,,,,,,,,,,,,,,,,,,,,,,,,
Volt,RV4564,4,26,0.31,0.34,,238,5.8,,1029,235,,0.16,,25.7,12.5,,1286,,,,,,,,,,3.94,,,,,,,,,,,,,,,,,,,,,,,,,,,,,,,,,,,,,,,,,,,,,,,
Volt,VM527,8,500,,,,,5.5,0,28.27,,,,,0,1,,,,,,,,91,,,,,91,,,,,,,,,,,,,,,,,,,,,,,,,,,,,,,,,,,,,,,,,,,,,,
Volt,VM528,8,500,,,,,5.5,0,28.27,,,,,0,1,,,,,,,,89,,,,,89,,,,,,,,,,,,,,,,,,,,,,,,,,,,,,,,,,,,,,,,,,,,,,
Volt,VM752,8,400,0.75,0.81,,0.16,6.3,,57,4,,0.4,,9.3,1,,5.7,,,,,,,,,,9.53,,,,,,,,,,,,,,,,,,,,,,,,,,,,,,,,,,,,,,,,,,,,,,,
Volt,VM753,16,450,1.1,1.41,4.99,0.16,10.6,0.24,57,,,,,,1,,5.7,,,,,,92,,,,,92,,,,,,,,,,,,,,,,,,,,,,,,,,,,,,,,,,,,,,,,,,,,,,
Volt,VM753E,8,400,,,,0.04,7,0.19,57,16,,0.01,,14.9,1,,,,,,,,92,,,,,92,,,,,,,,,,,,,,,,,,,,,,,,,,,,,,,,,,,,,,,,,,,,,,
Volt,VM754,8,400,,,,0.04,7,0.19,57,16,,0.01,,14.9,1,,,,,,,,92,,,,,92,,,,,,,,,,,,,,,,,,,,,,,,,,,,,,,,,,,,,,,,,,,,,,
Wavecor,TW013WA01,4,1300,1.29,5.3,1.7,0.0008100000000000001,2.9,0.017,2.1,0.12,,,,0.71,0.3,,,,,,,,87,,,,,,87,,13,45,,,,,,,,,,,,13,,,,,,,,,,,,,,,,,,,,,,,,,,,,,,
Wavecor,TW022WA02,4,1150,1.11,4.1,1.53,,3.6,0.036000000000000004,6.1,0.28,,0.068,1.33,1.33,0.45,,,,,,,,,,,,,,,20000,,,,,,,,,,,,,,,,,,,,,,,,,,,,,,,,,,,,,,,,,,,,
Wavecor,TW022WA05,4,750,1.09,1.44,4.5,,3.7,,6.1,0.29,,0.14,0.32,1.9,0.35,,,,,,,,,,,,,,,,,,,,,,,,,,,,,,,,,,,,,,,,,,,,,,,,,,,,,,,,,,,
Wavecor,TW022WA06,4,750,0.89,1.58,2,,3.7,,6.1,0.29,,0.14,0.71,1.9,0.35,,,,,,,,,,,,,,,,,,,,,,,,,,,,,,,,,,,,,,,,,,,,,,,,,,,,,,,,,,,
Wavecor,TW030WA10,,,,,,,,,,,,,,,,,,,,,,,,,,,,,,,,,,,,,,,,,,,,,,,,,,,,,,,,,,,,,,,,,,,,,,,,,,
Wavecor,TW030WA13,4,690,1.01,1.72,2.45,,3.5,0.033,11.5,0.43,,0.124,0.76,1.95,0.65,,,,,,,,,,,,,,,10000,,,,,,,,,,,,,,,,,,,,,,,,,,,,,,,,,,,,,,,,,,,,
Wavecor,TW030WA14,8,715,1.17,2.31,2.37,,6.5,0.059000000000000004,11.5,0.4,,0.124,0.76,2.25,0.65,,,,,,,,,,,,,,,10000,,,,,,,,,,,,,,,,,,,,,,,,,,,,,,,,,,,,,,,,,,,,
Whf-Workshop,HHB C5,,,,,,,,,,,,,,,,,,,,,,,,,,,,,,,,,,,,,,,,,,,,,,,,,,,,,,,,,,,,,,,,,,,,,,,,,,
Willys-Hifi Ltd,HT130G8,8,61,0.41,0.5,2.28,9.18,6.3,,,,,,,,,,,,,,,,90,40,,,,,90,,,,,,,,,,,,,,,,,,,,,,,,,,,,,,,,,,,,,,,,,,,,,
Willys-Hifi Ltd,Mission 751 tweeter,,,,,,,,,,,,,,,,,,,,,,,,,,,,,,,,,,,,,,,,,,,,,,,,,,,,,,,,,,,,,,,,,,,,,,,,,,
Willys-Hifi Ltd,Mission 752 tweeter,,,,,,,,,,,,,,,,,,,,,,,,,,,,,,,,,,,,,,,,,,,,,,,,,,,,,,,,,,,,,,,,,,,,,,,,,,
Willys-Hifi Ltd,Mission 753 tweeter,,,,,,,,,,,,,,,,,,,,,,,,,,,,,,,,,,,,,,,,,,,,,,,,,,,,,,,,,,,,,,,,,,,,,,,,,,
Xcite,XBS100-4,4,22.1,1.35,1.76,5.77,,3.89,0.31,,695,,,16.7,14.6,12,,,,,,,,,100,,,,,,,,156,,,48.5,,,,,4,,,,114,,,,,,,,,,,,,,,,,,,,,,,,,,,,,,
Xcite,XBS100MK,,,,,,,,,,,,,,,,,,,,,,,,,,,,,,,,,,,,,,,,,,,,,,,,,,,,,,,,,,,,,,,,,,,,,,,,,,
Xcite,XBS200-4,4,21.1,1.41,1.65,9.46,,4.08,0.83,,2590,,,36.3,29.1,15,,,,,,,,,200,,,,,,,178,230,,,62,,,,,4,,,,178,,,,,,,,,,,,,,,,,,,,,,,,,,,,,,
Xcite,XBS25-4,4,39.8,3.95,5.95,11.76,,3.89,0.31,,93.1,,,1.99,,6,,,,,,,,,25,,,,,,,75,75,,,25,,,,,4,,,,53.5,,,,,,,,,,,,,,,,,,,,,,,,,,,,,,
Xcite,XBS50-4,4,33.5,2.6,3.61,9.34,,4.17,0.22,,225,,,5.07,7.4,9,,,,,,,,,50,,,,,,,104,104,,,35,,,,,4,,,,72,,,,,,,,,,,,,,,,,,,,,,,,,,,,,,
Xcite,XBS50MK,,,,,,,,,,,,,,,,,,,,,,,,,,,,,,,,,,,,,,,,,,,,,,,,,,,,,,,,,,,,,,,,,,,,,,,,,,
Xcite,XT19-4,4,477,1.73,1.88,21.5,,3.65,0.07,,0.9,,,0.07,,2.4,,,,,,,,,10,,,,,,,36,,,,14,,,,,,,,,19,,,,,,,,,,,,,,,,,,,,,,,,,,,,,,
Xcite,XT19-8,8,473,1.97,2.22,17.9,,7.39,0.11,,0.82,,,0.07,,2.4,,,,,,,,,10,,,,,,,36,,,,14,,,,,,,,,19,,,,,,,,,,,,,,,,,,,,,,,,,,,,,,
Xcite,XT25-4,4,306,0.88,0.93,18.5,,3.79,0.07,,1.58,,,0.09,,1.4,,,,,,,,,15,,,,,,,46,46.8,,,21.5,,,,,,,,,25,,,,,,,,,,,,,,,,,,,,,,,,,,,,,,
Xcite,XT25-8,8,319,1.16,1.23,19.6,,7.26,0.1,,1.54,,,0.08,,1.4,,,,,,,,,15,,,,,,,46,46.8,,,21.5,,,,,,,,,25,,,,,,,,,,,,,,,,,,,,,,,,,,,,,,
Xcite,XT25MR,,,,,,,,,,,,,,,,,,,,,,,,,,,,,,,,,,,,,,,,,,,,,,,,,,,,,,,,,,,,,,,,,,,,,,,,,,
Xcite,XT32-4,4,312,0.87,0.91,21.9,,3.66,0.13,,2.22,,,0.2,,1.6,,,,,,,,,20,,,,,,1000,32,54.5,,,24.8,,,,,,,,,32,,,,,,,,,,,,,,,,,,,,,,,,,,,,,,
Xcite,XT32-8,8,39.3,,,,,7.22,0.21,,,,,,,3.5,,,,,,,,,20,,,,,,,,54.5,,,24.8,,,,,,,,,32,,,,,,,,,,,,,,,,,,,,,,,,,,,,,,
Xcite,XT32MR,,,,,,,,,,,,,,,,,,,,,,,,,,,,,,,,,,,,,,,,,,,,,,,,,,,,,,,,,,,,,,,,,,,,,,,,,,
Xcite,XTB40-4,4,130,0.35,0.37,5.31,,3.77,0.19,,15,,,0.45,,2.5,,,,,,,,,80,,,,,,,46,65,,,31,,,,,,,,,40,,,,,,,,,,,,,,,,,,,,,,,,,,,,,,
Xcite,XTB40-8,8,143,0.44,0.48,5.22,,7.26,0.32,,13.3,,,0.42,,2.5,,,,,,,,,80,,,,,,,46,65,,,31,,,,,,,,,40,,,,,,,,,,,,,,,,,,,,,,,,,,,,,,
Xcite,XTB40MR,,,,,,,,,,,,,,,,,,,,,,,,,,,,,,,,,,,,,,,,,,,,,,,,,,,,,,,,,,,,,,,,,,,,,,,,,,
Zaph Audio,za14w08,8,65.8,0.44,0.56,2.13,5.23,7.1,0.37,68,7.2,,0.0008,,6.15,,,,6.5,,,,,87,,,,,,87,,,,,,,,,,,,,,,,,,,,,,,,,,,,,,,,,,,,,,,,,,,,,
