manufacturer,model,impedance_ohm,fs_hz,qts,qes,qms,vas_l,re_ohm,le_mh,sd_cm2,mms_g,mmd_g,cms_mm_per_n,rms_ns_per_m,bl_tm,xmax_mm,xmech_mm,vd_cm3,linear_travel_pp_mm,max_travel_pp_mm,xlin_mm,eta0_percent,ebp_hz,sensitivity_db,power_rms_w,power_handling_w,nominal_diameter_in,qa_as_printed,sensitivity_1w_1m_db,sensitivity_2v83_1m_db,le_frequency_hz,nominal_diameter_mm,overall_diameter_mm,overall_width_mm,overall_height_mm,overall_depth_mm,mounting_depth_mm,cutout_diameter_mm,bolt_circle_diameter_mm,mounting_hole_diameter_mm,mounting_hole_count,flange_thickness_mm,magnet_diameter_mm,magnet_depth_mm,voice_coil_diameter_mm,voice_coil_height_mm,voice_coil_former_height_mm,gap_height_mm,effective_diaphragm_diameter_mm,cone_dome_diameter_mm,ribbon_dimension_1_mm,ribbon_dimension_2_mm,overall_dimension_1_mm,overall_dimension_2_mm,overall_dimension_3_mm,cutout_dimension_1_mm,cutout_dimension_2_mm,tweeter_voice_coil_diameter_mm,tweeter_voice_coil_height_mm,tweeter_gap_height_mm,krm_microohm,erm,kxm_mh,exm,power_peak_w,frequency_min_hz,frequency_max_hz,crossover_frequency_hz,crossover_slope_db_per_oct,power_continuous_iec268_5_w,power_test_highpass_hz,power_test_highpass_slope_db_per_oct,net_weight_kg,magnet_weight_g,sensitivity_tolerance_db
,29-0J03,4,,,,,,,,,,,,,,,,,,,,,,,,,,,,,,,,,,,,,,,,,,,,,,,,,,,,,,,,,,,,,,,,,,,,,,,,,
,29-0J05,4,,,,,,,,,,,,,,,,,,,,,,,,,,,,,,,,,,,,,,,,,,,,,,,,,,,,,,,,,,,,,,,,,,,,,,,,,
,Compact Speaker Driver Exciter Bodyshaker 15W 8 Ohm 255Hz - 15kHz,8,,,,,,,,,,,,,,,,,,,,,,,15,,,,,,,50,,,,,,,,,,,,,,,,,,,,,,,,,,,,,,,,,,,,,,,,,,,
,LS-1,4,40,,,,,,,,,,,,,,,,,,,,,,50,,,,,,,135,,,,,,,,,,,,,,,,,,,,,135.5,135.5,56,,,,,,,,,,,,,,,,,,,,
,MK-BST-1,,,,,,,,,,,,,,,,,,,,,,,,,,,,,,,,,,,,,,,,,,,,,,,,,,,,,,,,,,,,,,,,,,,,,,,,,,
,MK-BST-2,,,,,,,,,,,,,,,,,,,,,,,,,,,,,,,,,,,,,,,,,,,,,,,,,,,,,,,,,,,,,,,,,,,,,,,,,,
,MK-BST-300EX,,,,,,,,,,,,,,,,,,,,,,,,,,,,,,,,,,,,,,,,,,,,,,,,,,,,,,,,,,,,,,,,,,,,,,,,,,
,MK-TT25,,,,,,,,,,,,,,,,,,,,,,,,,,,,,,,,,,,,,,,,,,,,,,,,,,,,,,,,,,,,,,,,,,,,,,,,,,
,Speaker Driver Exciter Bodyshaker 100W 4 Ohm Ø 8.8cm,4,,,,,,,,,,,,,,,,,,,,,,,100,,,,,,,88,,,,,,,,,,,,,,,,,,,,,,,,,,,,,,,,,,,,,,,,,,,
,Speaker Driver Exciter Bodyshaker with Housing 100W 4 Ohm,4,,,,,,,,,,,,,,,,,,,,,,,100,,,,,,,130,,,,,,,,,,,,,,,,,,,,,,,,,,,,,,,,,,,,,,,,,,,
Wavecor,TW030WA05,4,450,0.59,0.96,1.5,0.059,3.4,0.02,11.5,0.4,,0.31,,2,0.4,,,,,,,,91.5,,,,,,91.5,20000,30,115,,,,,,105,4.5,4,4,,,30.4,1.7,,2.5,,,,,,,,,,,,,100,0.85,3.3,0.56,,1500,25000,,,50,2000,12,0.59,260,
Wavecor,TW030WA07,8,470,0.68,1.19,1.6,0.059,6.3,0.028,11.5,0.37,,0.3,,2.4,0.4,,,,,,,,89,,,,,,89,20000,30,115,,,,,,105,4.5,4,4,,,30.4,1.7,,2.5,,,,,,,,,,,,,67,0.91,5.1,0.56,,1500,25000,,,50,2000,12,0.59,260,
Audax,TW034X0,,,,,,,,,,,,,,,,,,,,,,,,,,,,,,,,,,,,,,,,,,,,,,,,,,,,,,,,,,,,,,,,,,,,,,,,,,
Wavecor,WF182BD10-01,,,,,,,,,,,,,,,,,,,,,,,,,,,,,,,,,,,,,,,,,,,,,,,,,,,,,,,,,,,,,,,,,,,,,,,,,,
Accuton,AS168-9-470,9,27,0.35,0.38,4.35,35.5,9,1,161,36,,0.97,,12.1,8,,,,,16,,,84,,,,,,84,,165.1,168,,,118,,,,,,,135,43,47,,,,,,,,,,,148,,,,,,,,,,,,,,,,,,,
Accuton,AS190-4-251,,33.4,0.44,0.49,4.75,26.7,8.6,1.05,202,49.4,,0.46,,13.5,9,,,,,,,,,,,,,,,,,,,,,,,,,,,,,,,,,,,,,,,,,,,,,,,,,,,,,,,,,,,
Accuton,AS190-9-251,,33.4,0.44,0.49,4.75,26.7,8.6,1.05,202,49.4,,0.46,,13.5,9,,,,,,,,,,,,,,,,,,,,,,,,,,,,,,,,,,,,,,,,,,,,,,,,,,,,,,,,,,,
Accuton,AS250-6-552,,,,,,,,,,,,,,,,,,,,,,,,,,,,,,,,,,,,,,,,,,,,,,,,,,,,,,,,,,,,,,,,,,,,,,,,,,
Accuton,AS250-8-552,,20.31,0.35,0.38,3.8,155.55,7.3,0.42,397.61,88.55,,0.69,2.98,14.7,9,,,,,,,,87,,,,,,,,,250,,,,,230,,,,,210,56.5,114,,,,,,,,,,,,,,,,,,,,,,,,,,,,,,
Accuton,AS250-8-552 Cell,,,,,,,,,,,,,,,,,,,,,,,,,,,,,,,,,,,,,,,,,,,,,,,,,,,,,,,,,,,,,,,,,,,,,,,,,,
Accuton,ASP190,,33,0,0,0,27,0,0,202,50,,0.46,,0,12,,,,,,,,,,,,,,,,,190,,,85,,,,,,,,,,,,,,,,,,,,170,,,,,,,,,,,,,,,,,,,
Accuton,ASP250,,22,0,0,0,119,0,0,382,93,,0.57,,0,15,,,,,,,,,,,,,,,,,250,,,85,,,,,,,,,,,,,,,,,,,,230,,,,,,,,,,,,,,,,,,,
Accuton,C158-11-851,,,,,,,,,,,,,,,,,,,,,,,,,,,,,,,,,,,,,,,,,,,,,,,,,,,,,,,,,,,,,,,,,,,,,,,,,,
Accuton,C158-4-085,8,33,0.31,0.34,4.12,35,7.8,0.54,,,,,,,,,,,,5,,,,,,,,,,,165.1,,,,,,,,,,,,,,,,,,,,,,,,,,,,,,,,,,,,,,,,,,,
Accuton,C158-6-851,6,31,0.28,0.29,5.09,25.7,6.07,0.77,113,18.5,,1.42,,8.7,5,,,,,5,,,88,,,,,,88,,165.1,158,,,90,,137,,,,,120,42,38,,,,,,,,,,,137,,,,,,,,,,,,,,,,,,,
Accuton,C158-8-085,,37,0.36,0.39,4.91,27.3,8.1,0.54,113,12.1,,1.5,,7.7,5,,,,,,,,87.5,,,,,,87.5,,,158,,,82,,137,,,,,85,34,25,,,,,,,,,,,137,,,,,,,,,,,,,,,,,,,
Accuton,C168-6-890,6,41,0.44,0.49,4.42,15,5.1,0.2,123,21,,0.71,,7.5,5,,,,,5,,,87,,,,,,,,177.8,168,,,78,,,,,,,146,36,114,,,,,,,,,,,146,,,,,,,,,,,,,,,,,,,
Accuton,C168-6-990,,55,0.21,0.22,4.76,13.1,5.4,0.06,133,16.1,,0.52,,11.66,3,,,,,,,,93,,,,,,93,,,168,,,49.5,,,,,,,146,27.5,,,,,,,,,,,,147,,,,,,,,,,,,,,,,,,,
Accuton,C173-11-191,11,,,,,,,,130,,,,,,,,,,,5,,,,,,,,,,,177.8,,,,,,,,,,,,,,,,,,,,,,,,,,,,,,,,,,,,,,,,,,,
Accuton,C173-11-191-E,,,,,,,,,,,,,,,,,,,,,,,,,,,,,,,,,,,,,,,,,,,,,,,,,,,,,,,,,,,,,,,,,,,,,,,,,,
Accuton,C173-12-090,,,,,,,,,,,,,,,,,,,,,,,,,,,,,,,,,,,,,,,,,,,,,,,,,,,,,,,,,,,,,,,,,,,,,,,,,,
Accuton,C173-12-096,,,,,,,,,,,,,,,,,,,,,,,,,,,,,,,,,,,,,,,,,,,,,,,,,,,,,,,,,,,,,,,,,,,,,,,,,,
Accuton,C173-12-096-E,,,,,,,,,,,,,,,,,,,,,,,,,,,,,,,,,,,,,,,,,,,,,,,,,,,,,,,,,,,,,,,,,,,,,,,,,,
Accuton,C173-6-090,,72,0.26,0.29,3.35,15.5,6.39,0.32,133,15,,0.4,,11.8,5.25,,,,,,,,93,,,,,,93,,,173,,,102,,,,,,,120,49.5,55,,,,,,,,,,,146,,,,,,,,,,,,,,,,,,,
Accuton,C173-6-096,,31,0.28,0.29,5.09,25.7,6.07,0.77,113,18.5,,1.42,,8.7,5,,,,,,,,88,,,,,,88,,,,,,,,146,,,,,120,,38,,,,,,,,,,,,,,,,,,,,,,,,,,,,,,
Accuton,C173-6-096-E,,53.8,0.26,0.27,5.6,13.8,6.8,0.31,130,15.1,,0.58,,11.35,5,,,,,,,,91.5,,,,,,91.5,,,173,,,102,,,,,,,120,49.5,55,,,,,,,,,,,146,,,,,,,,,,,,,,,,,,,
Accuton,C173-6-191,,38.6,0.34,0.37,5.27,21.6,5.9,0.72,133,19.8,,0.86,,8.8,5,,,,,,,,88,,,,,,88,,,173,,,94.5,,146,,,,,120,42,38,,,,,,,,,,,146,,,,,,,,,,,,,,,,,,,
Accuton,C173-6-191-E,,38.6,0.34,0.37,5.27,21.6,5.9,0.72,133,19.8,,0.86,,8.8,5,,,,,,,,88,,,,,,88,,,173,,,94.5,,,,,,,120,42,38,,,,,,,,,,,146,,,,,,,,,,,,,,,,,,,
Accuton,C220-11-221,,,,,,,,,,,,,,,,,,,,,,,,,,,,,,,,,,,,,,,,,,,,,,,,,,,,,,,,,,,,,,,,,,,,,,,,,,
Accuton,C220-11-227,,,,,,,,,,,,,,,,,,,,,,,,,,,,,,,,,,,,,,,,,,,,,,,,,,,,,,,,,,,,,,,,,,,,,,,,,,
Accuton,C220-12-222,,,,,,,,,,,,,,,,,,,,,,,,,,,,,,,,,,,,,,,,,,,,,,,,,,,,,,,,,,,,,,,,,,,,,,,,,,
Accuton,C220-6-221,,26.3,0.4,0.42,7.1,86.2,6.3,0.83,224,30.4,,1.2,,8.7,5,,,,,,,,88,,,,,,88,,,220,,,105,,191,,,,,120,42,38,,,,,,,,,,,191,,,,,,,,,,,,,,,,,,,
Accuton,C220-6-222,,29.5,0.26,0.27,5.61,74,7.23,0.37,224,28,,1.04,,11.7,6,,,,,,,,93,,,,,,93,,,220,,,112.5,,191,,,,,120,49.5,55,,,,,,,,,,,191,,,,,,,,,,,,,,,,,,,
Accuton,C220-6-227,,27,0.32,0.34,5.96,79.6,5.6,0.23,224,31.2,,1.12,,9.3,6,,,,,,,,89,,,,,,89,,,220,,,109,,,,,,,87,46,55,,,,,,,,,,,191,,,,,,,,,,,,,,,,,,,
Accuton,C25-4-012,,,,,,,,,,,,,,,,,,,,,,,,,,,,,,,,,,,,,,,,,,,,,,,,,,,,,,,,,,,,,,,,,,,,,,,,,,
Accuton,C25-4-013,,,,,,,,,,,,,,,,,,,,,,,,,,,,,,,,,,,,,,,,,,,,,,,,,,,,,,,,,,,,,,,,,,,,,,,,,,
Accuton,C25-4-158,,,,,,,,,,,,,,,,,,,,,,,,,,,,,,,,57.6,,,28,,,,,,,,,,,,,,,,,,,,58,,,,,,,,,,,,,,,,,,,
Accuton,C25-6-012,,1037,0.52,1.99,0.7,,6.2,0.03,5.94,0.23,,0.141,,2.35,0.6,,,,,,,,90,,,,,,90,,,,,,57,,,,,,,,,16.4,,,,,,,,82,82,,64,64,,,,,,,,,,,,,,,,,,
Accuton,C25-6-013,,1294,0.88,2.13,1.5,,6.46,0.03,5.94,0.23,,0.066,,2.47,0.1,,,,,,,,92,,,,,,92,,,,,,57,,,,,,,,,16.4,,,,,,,,82,82,,64,64,,,,,,,,,,,,,,,,,,
Accuton,C25-6-158,,905,0.73,0.97,2.87,,5.69,0.02,5.94,0.28,,0.235,,3.27,0.9,,,,,,,,92.5,,,,,,92.5,,,57.6,,,28,,,,,,,,,,,,,25,,,,58,,,58,,,,,,,,,,,,,,,,,,,
Accuton,C30-4-024,,,,,,,,,,,,,,,,,,,,,,,,,,,,,,,,,,,,,,,,,,,,,,,,,,,,,,,,,,,,,,,,,,,,,,,,,,
Accuton,C30-4-358,,,,,,,,,,,,,,,,,,,,,,,,,,,,,,,,57.6,,,28,,,,,,,,,,,,,,,,,,,,58,,,,,,,,,,,,,,,,,,,
Accuton,C30-6-024,,942,0.75,1.19,2.04,,6.31,0.03,8.55,0.49,,0.073,,3.64,0.5,,,,,,,,93,,,,,,93,,,,,,57,,,,,,,,,19.4,,,,,,,,82,82,,64,64,,,,,,,,,,,,,,,,,,
Accuton,C30-6-358,,826,0.71,0.85,4.5,,5.23,0.01,8.55,0.39,,0.145,,3.98,0.8,,,,,,,,93.5,,,,,,93.5,,,57.6,,,,,,,,,,,,,,,,30,,,,58,,,58,,,,,,,,,,,,,,,,,,,
Accuton,C51-6-286,,581,1.21,1.61,4.86,,5.6,0,24,0,,0,,,0.8,,,,,,,,93,,,,,,93,,,,,,87,,86,,,,,,,,,,,51,,,,,,,86,,,,,,,,,,,,,,,,,,,
Accuton,C90-6-078,,,,,,,,,,,,,,,,,,,,,,,,,,,,,,,,,,,,,,,,,,,,,,,,,,,,,,,,,,,,,,,,,,,,,,,,,,
Accuton,C90-6-079,,,,,,,,,,,,,,,,,,,,,,,,,,,,,,,,,,,,,,,,,,,,,,,,,,,,,,,,,,,,,,,,,,,,,,,,,,
Accuton,C90-6-724,,82.58,0.6,0.67,5.13,5.1,5.44,0.13,81,8.45,,0.44,,5.95,3,,,,,,,,89,,,,,,89,,,124,,,56,,,,,,,,,,,,,,,,,124,,,124.5,,,,,,,,,,,,,,,,,,,
Accuton,DSP-192-4-111,,,,,,,,,,,,,,,,,,,,,,,,,,,,,,,,,,,,,,,,,,,,,,,,,,,,,,,,,,,,,,,,,,,,,,,,,,
Accuton,P173,,41,0,0,0,24,0,0,130,15,,1.01,,0,10,,,,,,,,0,,,,,,0,,,173,,,62,,,,,,,,,,,,,,,,,,,,145.6,,,,,,,,,,,,,,,,,,,
Accuton,P220,,41,0,0,0,26.5,0,0,224,23.4,,0.64,,0,11,,,,,,,,0,,,,,,0,,,220,,,76,,191,,,,,,,,,,,,,,,,,,190.5,,,,,,,,,,,,,,,,,,,
Accuton,P280,,18,,,,226,,,,,,,,,,,,,,,,,,,,,,,,,,280,,,,,252,,,,,,,,,,,,,,,,,,,,,,,,,,,,,,,,,,,,,
Accuton,S220-11-221,11,22.1,,,,,,,227,,,,,,,,,,,5,,,,,,,,,,,215.9,,,,,,,,,,,,,,,,,,,,,,,,,,,,,,,,,,,,,,,,,,,
Accuton,S220-11-221,,,,,,,,,,,,,,,,,,,,,,,,,,,,,,,,220,,,,,191,,,,,,,,,,,,,,,,,,,,,,,,,,,,,,,,,,,,,
Accuton,S220-12-222,,,,,,,,,,,,,,,,,,,,,,,,,,,,,,,,,,,,,,,,,,,,,,,,,,,,,,,,,,,,,,,,,,,,,,,,,,
Accuton,S220-6-221,,22.1,0.37,0.39,5.73,112.9,5.9,0.81,224,32.8,,1.58,,8.28,5,,,,,,,,88,,,,,,88,,,220,,,105,,191,,,,,120,42,38,,,,,,,,,,,191,,,,,,,,,,,,,,,,,,,
Accuton,S220-6-222,6,25,0.26,0.27,3.83,89.68,6.52,0.36,224,32.15,,1.26,,10.95,5.25,,,,,,,,91.5,,,,,,91.5,,215.9,220,,,112.5,,191,,,,,120,49.5,55,,,,,,,,,,,191,,,,,,,,,,,,,,,,,,,
Accuton,S280-18-282,,,,,,,,,,,,,,,,,,,,,,,,,,,,,,,,,,,,,,,,,,,,,,,,,,,,,,,,,,,,,,,,,,,,,,,,,,
Accuton,S280-6-282,,22.8,0.26,0.27,4.91,185,7.1,0.68,408,62.5,,0.78,,15.3,6,,,,,,,,91,,,,,,91,,,280,,,131.95,,,,,,,120,49.5,55,,,,,,,,,,,251.2,,,,,,,,,,,,,,,,,,,
Accuton,SP1-OCC,,,,,,,,,,,,,,,,,,,,,,,,,,,,,,,,,,,,,,,,,,,,,,,,,,,,,,,,,,,,,,,,,,,,,,,,,,
Accuton,SP1-OFC,,,,,,,,,,,,,,,,,,,,,,,,,,,,,,,,,,,,,,,,,,,,,,,,,,,,,,,,,,,,,,,,,,,,,,,,,,
Accuton,SP2-OCC,,,,,,,,,,,,,,,,,,,,,,,,,,,,,,,,,,,,,,,,,,,,,,,,,,,,,,,,,,,,,,,,,,,,,,,,,,
Atohm,C150DCR04,4,48,0.42,0.49,2.95,11.3,3.2,0.11,97.7,13.2,13.2,0.84,,5.18,11,,,,,,,,91,80,,,,,91,,150,150,,,,,,,,,,,,25,15.9,,4,,,,,,,,,,,,,,,,,,,,,,,,,,,
Atohm,C150DCR08,8,49,0.51,0.62,3.1,11.7,6.2,0.17,97.7,12.4,12.4,0.87,,6.36,11,,,,,,,,88,80,,,,,88,,150,,,,,,,,,,,,,25,16.3,,4,,,,,,,,,,,,,,,,,,,,,,,,,,,
Atohm,LD150CR04,4,59.4,0.53,0.56,11.72,9.2,3.2,0.24,104.9,11.2,,0.64,,4.9,6,,,,,,,,91,100,,,,,91,,150,,,,,,,,,,,,,25,15,,6,,,,,,,,,,,,,,,,,,,,,,,,,,,
Atohm,LD180CR04,4,46,0.32,0.35,3.94,24.3,3.6,0.58,,18.2,,0.66,,7.2,7.5,,,,,,,,93,150,,,,,93,,180,,,,,,,,,,,,,,,,,,,,,,,,,,,,,,,,,,,,,,,,,,,
Atohm,LD230TDR04,4,38.6,0.31,0.34,3.42,21,3,0.47,240,68.1,,0.26,,12.1,13,,,,,,,,91,300,,,,,91,,230,,,,,,,,,,,,,50,32,6,,,,,,,,,,,,,,,,,,,,,,,,,,,,
Atohm,LD230TDR08,8,37.5,0.26,0.27,3.46,21,6.4,1.24,240,71.2,,0.26,,19.9,13,,,,,,,,89,300,,,,,89,,230,,,,,,,,,,,,,50,32,6,,,,,,,,,,,,,,,,,,,,,,,,,,,,
Atohm,LD230TDR08M,8,26.3,0.31,0.34,3.46,20,6.6,1.97,240,155,,0.23,,22.4,13.75,,,,,,,,83,300,,,,,83,,230,,,,,,,,,,,,,50,33.5,6,,,,,,,,,,,,,,,,,,,,,,,,,,,,
Atohm,SD20ND04F,4,,,,,,,0.008,,,,,,,,,,,,,,,93,100,,,,,,,20,,,,,,,,,,,,,,,,,,,,,,,,,,,,,,,,,,,,,,,,,,,
Atohm,SD28ND04RD,4,,,,,,,0.003,,,,,,,,,,,,,,,98,100,,,,,,,28,,,,,,,,,,,,,,,,,,,,,,,,,,,,,,,,,,,,,,,,,,,
Atohm,WSD20DND04F,4,1350,,,2.95,,3.4,0.03,,0.16,0.16,,,,0.25,,,,,,,,97,100,,,,,97,,120,120,,,,,,,,,,,,20,1.5,,2,,,,,,,,,,,,,,,,,,,,,,,,,,,
Audax,13LB25AL,,78,0.24,0.25,4.67,,,0.365,,,,,,,1.75,,,,,,,,,,,,,,,,,,,,,,,,,,,,,,,,,,,,,,,,,,,,,,,,,,,,,,,,,,,
Audax,AM130Q,,,,,,,,,,,,,,,,,,,,,,,,,,,,,,,,,,,,,,,,,,,,,,,,,,,,,,,,,,,,,,,,,,,,,,,,,,
Audax,AP100ZG,,,,,,,,,,,,,,,,,,,,,,,,,,,,,,,,,,,,,,,,,,,,,,,,,,,,,,,,,,,,,,,,,,,,,,,,,,
Audax,AP1707G,6,,,,,,,,,,,,,,,,,,,,,,,,,,,,,,,,,,,,,,,,,,,,,,,,,,,,,,,,,,,,,,,,,,,,,,,,,
Audax,hm100c0,,,,,,,,,,,,,,,,,,,,,,,,,,,,,,,,,,,,,,,,,,,,,,,,,,,,,,,,,,,,,,,,,,,,,,,,,,
Audax,hm130c0,,,,,,,,,,,,,,,,,,,,,,,,,,,,,,,,,,,,,,,,,,,,,,,,,,,,,,,,,,,,,,,,,,,,,,,,,,
Audax,hm170c0,8,42,0.32,0.35,4.16,,6.3,0.24,,,,,,,,,,,,,,,,,,,,,,,,,,,,,,,,,,,,,,,,,,,,,,,,,,,,,,,,,,,,,,,,,,
Audax,hm170z18,,,,,,,,,,,,,,,,,,,,,,,,,,,,,,,,,,,,,,,,,,,,,,,,,,,,,,,,,,,,,,,,,,,,,,,,,,
Audax,hm210c0,,,,,,,,,,,,,,,,,,,,,,,,,,,,,,,,,,,,,,,,,,,,,,,,,,,,,,,,,,,,,,,,,,,,,,,,,,
Audax,HT130G8,,,,,,,,,,,,,,,,,,,,,,,,,,,,,,,,,,,,,,,,,,,,,,,,,,,,,,,,,,,,,,,,,,,,,,,,,,
Audax,pr170m0,,,,,,,,,,,,,,,,,,,,,,,,,,,,,,,,,,,,,,,,,,,,,,,,,,,,,,,,,,,,,,,,,,,,,,,,,,
Audax,TM020J7,,,,,,,,,,,,,,,,,,,,,,,,,,,,,,,,,,,,,,,,,,,,,,,,,,,,,,,,,,,,,,,,,,,,,,,,,,
Audax,TM025F7,8,1300,,,,,,,,,,,,,,,,,,,,,,,,,,,,,,,,,,,,,,,,,,,,,,,,,,,,,,,,,,,,,,,,,,,,,,,,
Audax,tw025a0,,,,,,,,,,,,,,,,,,,,,,,,,,,,,,,,,,,,,,,,,,,,,,,,,,,,,,,,,,,,,,,,,,,,,,,,,,
Audax,tw025a1-12x9,,,,,,,,,,,,,,,,,,,,,,,,,,,,,,,,,,,,,,,,,,,,,,,,,,,,,,,,,,,,,,,,,,,,,,,,,,
Audax,tw025a2,4,1090.5,,,,,,,,,,,,,,,,,,,,,,,,,,,,,,,,,,,,,,,,,,,,,,,,,,,,,,,,,,,,,,,,,,,,,,,,
Audax,tw025a20,8,1137,,,,,,,,,,,,,,,,,,,,,93,,,,,,,,,,,,,,,,,,,,,,,,,,,,,,,,,,,,,,,,,,,,,,,,,,,
Audax,tw025a28,,1017.24,,,,,,,,,,,,,,,,,,,,,,,,,,,,,,,,,,,,,,,,,,,,,,,,,,,,,,,,,,,,,,,,,,,,,,,,
Audax,tw034x0,,,,,,,,,,,,,,,,,,,,,,,,,,,,,,,,,,,,,,,,,,,,,,,,,,,,,,,,,,,,,,,,,,,,,,,,,,
Audax,TWO25A0,8,1000,,,,,5.8,,4.9,0.29,,,,2.9,,,,,,,,,90,,60,,,,,,,,,,29,,75,,,,,,22,25,,,,,,,,120,90,,,,,,,,,,,,,,,,,,,,,
Audax,TWO34XS,6,800,,,,,5.3,,9.1,0.5,,,,3.5,,,,,,,,,93,,70,,,,,,,,,,29,,102,,,,,,25,34,,,,,,,,132,,,,,,,,,,,,,,,,,,,,,,
Audax,TWO34XS,8,800,,,,,5.3,,9.1,0.5,,,,3.5,,,,,,,,,93,,70,,,,,,,,,,,,,,,,,,,34,,,,,,,,,,,,,,,,,,,,,,,,,,,,,,
Audience,A3S2-08,,108.34,0.805,1.805,1.454,1.21,6.47,0.063,,2.51,,0.86,,,,,,,,,,,,,,,,,,,,,,,,,,,,,,,,,,,,,,,,,,,,,,,,,,,,,,,,,,,,,,
Audience,A3S2-16,,,,,,,,,,,,,,,,,,,,,,,,,,,,,,,,,,,,,,,,,,,,,,,,,,,,,,,,,,,,,,,,,,,,,,,,,,
Audikom,BS1,4,2100,,,,,3.99,0.56,,,,,,,,,,,,,,,,3,,,,,,,,,,,,,,,,,,,,,,,,,,,,,,,,,,,,,,,,,,,,,,,,,,
Audikom,EX25Q-4,4,224,0.69,,,,4.3,0.25,,1.75,,0.0003,,3.86,,,,,,,,,,20,,,,,,1000,,101.44,,,24.7,,,,,,,,,25,,,,,,,,,,,,,,,,,,,,,,,,,,,,,,
Audio Electronics,BMB180,15,40,0.35,0.37,5.36,22.5,10,,,,,,,,,,,,,,,,,,,,,,,,,,,,,,,,,,,,,,,,,,,,,,,,,,,,,,,,,,,,,,,,,,,
Audio Note,SPKR-ALC-AG-H-21-4,,,,,,,,,,,,,,,,,,,,,,,,,,,,,,,,,,,,,,,,,,,,,,,,,,,,,,,,,,,,,,,,,,,,,,,,,,
Audio Note,SPKR-ALC-AG-H-22-6,,,,,,,,,,,,,,,,,,,,,,,,,,,,,,,,,,,,,,,,,,,,,,,,,,,,,,,,,,,,,,,,,,,,,,,,,,
Audio Note,SPKR-ALC-AG-P-21-4,,,,,,,,,,,,,,,,,,,,,,,,,,,,,,,,,,,,,,,,,,,,,,,,,,,,,,,,,,,,,,,,,,,,,,,,,,
Audio Note,SPKR-HE-AG-H-21-4,,,,,,,,,,,,,,,,,,,,,,,,,,,,,,,,,,,,,,,,,,,,,,,,,,,,,,,,,,,,,,,,,,,,,,,,,,
Audio Note,SPKR-HE-AG-H-22-6,,,,,,,,,,,,,,,,,,,,,,,,,,,,,,,,,,,,,,,,,,,,,,,,,,,,,,,,,,,,,,,,,,,,,,,,,,
Audio Note,SPKR-STD-CU-H-21-4,,,,,,,,,,,,,,,,,,,,,,,,,,,,,,,,,,,,,,,,,,,,,,,,,,,,,,,,,,,,,,,,,,,,,,,,,,
Audio Note,SPKR-STD-CU-H-22-6-W,,,,,,,,,,,,,,,,,,,,,,,,,,,,,,,,,,,,,,,,,,,,,,,,,,,,,,,,,,,,,,,,,,,,,,,,,,
Audio Note,SPKR-STD-CU-P-21-4,,,,,,,,,,,,,,,,,,,,,,,,,,,,,,,,,,,,,,,,,,,,,,,,,,,,,,,,,,,,,,,,,,,,,,,,,,
Audio Note,SPKR-STD-CU-P-22-6,,,,,,,,,,,,,,,,,,,,,,,,,,,,,,,,,,,,,,,,,,,,,,,,,,,,,,,,,,,,,,,,,,,,,,,,,,
Audio Note,SPKR-STD-CU-P-K,,,,,,,,,,,,,,,,,,,,,,,,,,,,,,,,,,,,,,,,,,,,,,,,,,,,,,,,,,,,,,,,,,,,,,,,,,
Audio Note,SPKR-T-ALC-AG-MWK-B1,,,,,,,,,,,,,,,,,,,,,,,,,,,,,,,,,,,,,,,,,,,,,,,,,,,,,,,,,,,,,,,,,,,,,,,,,,
Audio Note,SPKR-T-STD-AG-PLA-B1,,,,,,,,,,,,,,,,,,,,,,,,,,,,,,,,,,,,,,,,,,,,,,,,,,,,,,,,,,,,,,,,,,,,,,,,,,
Audio Note,SPKR-T-STD-CU-D19-B,,,,,,,,,,,,,,,,,,,,,,,,,,,,,,,,,,,,,,,,,,,,,,,,,,,,,,,,,,,,,,,,,,,,,,,,,,
Audio Note,SPKR-T-STD-CU-PLA-B1,,,,,,,,,,,,,,,,,,,,,,,,,,,,,,,,,,,,,,,,,,,,,,,,,,,,,,,,,,,,,,,,,,,,,,,,,,
Audiotechnology,10C772510KAP,8,25,0.24,0.25,6,118,5.5,0.89,334,54.5,51,0.74,1.43,13.7,8.6,,,,,,,100,92,,200,,,,,1600,,,,,,,,,,,,,,,,,,,,,,,,,,,,,,,,,,,,,,,,,,,,
Audiotechnology,12B772510,8,25,0.3,0.34,2.5,250,5.5,1.03,515,61,54.3,0.66,3.8,12.4,8.6,,,,,,,73,94,,250,,,,,1600,,,,,,,,,,,,,,,,,,,,,,,,,,,,,,,,,,,,,,,,,,,,
Audiotechnology,12D772510KAP,,,0.25,0.27,,,,,,,,,,,,,,,,,,,,,,,,,,,,,,,,,,,,,,,,,,,,,,,,,,,,,,,,,,,,,,,,,,,,,,
Audiotechnology,12F1022510KAP,,,,,,,,,,,,,,,,,,,,,,,,,,,,,,,,,,,,,,,,,,,,,,,,,,,,,,,,,,,,,,,,,,,,,,,,,,
Audiotechnology,15F1022510KAP,8,22,0.29,0.3,6.93,410,6,1.1,835,126,115,0.42,2.5,18.6,8.6,,,,,,,73,95,,400,,,,,1600,,,,,,,,,,,,,,,,,,,,,,,,,,,,,,,,,,,,,,,,,,,,
Audiotechnology,15H520613SD,8,48,0.33,0.4,1.73,16,5.3,0.12,96,8.9,,1.24,1.55,6,,,,,,,,,89,,,,,,,1000,,,,,,,,,,,,,,,6,,13,,,,,,,,,,,,,,,,,,,,,,,,,,,
Audiotechnology,15H521206SDKM,8,55,0.28,0.29,5.8,15,5.5,0.07,100,7.2,,1.16,0.43,6.82,,,,,,,,,,,,,,,,1000,,,,,,,,,,,,,,,12,,6,,,,,,,,,,,,,,,,,,,,,,,,,,,
Audiotechnology,15H521206SDKM-LR,8,65,0.45,0.5,4.8,9.2,5.5,0.12,100,9.24,8.75,0.65,0.79,,,,,,,,,,,,,,,,,1600,,,,,,,,,,,,,,,,,,,,,,,,,,,,,,,,,,,,,,,,,,,,
Audiotechnology,18H520613SDKA-LR,8,40,0.32,0.39,1.8,28.5,5.6,0.13,137,14.6,,1.09,2.04,7.3,,,,,,,,,89,,,,,,,1000,,,,,,,,,,,,,,,17,,6,,,,,,,,,,,,,,,,,,,,,,,,,,,
Audiotechnology,18H521706SDKA,8,40,0.32,0.39,1.8,28.5,5.6,0.13,137,14.6,,1.09,2.04,7.3,,,,,,,,,89,,,,,,,1000,,,,,,,,,,,,,,,17,,6,,,,,,,,,,,,,,,,,,,,,,,,,,,
Audiotechnology,18I52-LR,,,,,,,,,,,,,,,,,,,,,,,,,,,,,,,,,,,,,,,,,,,,,,,,,,,,,,,,,,,,,,,,,,,,,,,,,,
Audiotechnology,18I521706SD,,,,,,,,,,,,,,,,,,,,,,,,,,,,,,,,,,,,,,,,,,,,,,,,,,,,,,,,,,,,,,,,,,,,,,,,,,
Audiotechnology,23I522006SD,8,33,0.26,0.3,1.85,70,6,0.2,225,23.5,,0.988,2.64,9.96,,,,,,,,,91,,,,,,,1000,,,,,,,,,,,,,,,20,,8,,,,,,,,,,,,,,,,,,,,,,,,,,,
Audiotechnology,4H520613SD,,,0.29,0.36,,,,,,,,,,,,,,,,,,,,,,,,,,,,,,,,,,,,,,,,,,,,,,,,,,,,,,,,,,,,,,,,,,,,,,
Audiotechnology,5H521506SD,,,0.32,0.39,,,,,,,,,,,,,,,,,,,,,,,,,,,,,,,,,,,,,,,,,,,,,,,,,,,,,,,,,,,,,,,,,,,,,,
Audiotechnology,6A772006SD,8,34,0.32,0.38,2,44,5.5,0.18,172,21,19.7,1.04,2.24,8,8,,,,,,,89,90,,180,,,,,1600,,,,,,,,,,,,,,,,,,,,,,,,,,,,,,,,,,,,,,,,,,,,
Audiotechnology,6H521706SDKA,,,0.28,0.33,,,,,,,,,,,,,,,,,,,,,,,,,,,,,,,,,,,,,,,,,,,,,,,,,,,,,,,,,,,,,,,,,,,,,,
Audiotechnology,8I522006SD,,33,0.26,0.3,1.85,70,,,,,,,,,,,,,,,,,,,,,,,,,,,,,,,,,,,,,,,,,,,,,,,,,,,,,,,,,,,,,,,,,,,,
AuraSound,AST-2B-4,4,40,,,,,,,,,,,,,,,,,,,,,,50,,,,,,,,157,,,63.5,,,,,4,,,,,,,,,,,,,,,,,,,,,,,,,,,,,,,,,,
AuraSound,ns3-193-8a1,8,80,0.67,,8,1.25,7.6,,31,4.3,,0.92,,4.7,,,,9.5,19,,,,,,,,,,,,,,,,,,,,,,,,,,,,,,,,,,,,,,,,,,,,,,,,,,,,,,,
AuraSound,nsw1-205-8a,8,220,0.7,1.1,2.1,0.04,6.3,,5.31,0.5,,1.155,,1.9,,,,3,6,,,,,,,,,,,,,,,,,,,,,,,,,,,,,,,,,,,,,,,,,,,,,,,,,,,,,,,
AuraSound,nsw2-326-8at,8,250,0.68,0.8,4.72,0.1,6.4,,13.2,1.04,,0.39,,3.5,,,,6,10,,,,,,,,,,,,,,,,,,,,,,,,,,,,,,,,,,,,,,,,,,,,,,,,,,,,,,,
Aurum Cantus,A-C-G2Si,6,,,,,,,,,,,,,,,,,,,,,,,,,,,,,,,,,,,,,,,,,,,,,,,,,,,,,,,,,,,,,,,,,,,,,,,,,
Aurum Cantus,AC-130F1,8,35,0.27,0.3,3.1,35.962395172,7,0.35,95,9.7,,2.84,,6.1,5,,,,,,,,,60,,,,,,,,,,,,,,,,,,,,,,,,,,,,,,,,,,,,,,,,,,,,,,,,,,
Aurum Cantus,AC-130MK2,8,35,0.29,0.33,3.02,26.901004262,7,0.35,95,9,,3.06,,5.63,5,,,,,,,,,60,,,,,,,,,,,,,,,,,,,,,,,,,,,,,,,,,,,,,,,,,,,,,,,,,,
Aurum Cantus,AC-165,8,32,0.37,0.41,3.38,75.889148867,7,0.35,133,9.6,,3.03,,5.3,5,,,,,,,,,60,,,,,,,,,,,,,,,,,,,,,,,,,,,,,,,,,,,,,,,,,,,,,,,,,,
Aurum Cantus,AC-180F1,8,32,0.32,0.36,3.05,75.889148867,7,0.48,168,15.4,,1.89,,7.2,6,,,,,,,,,100,,7,,,,,177.8,,,,,,,,,,,,,,,,,,,,,,,,,,,,,,,,,,,,,,,,,,,
Aurum Cantus,AC-200MK2,8,25,0.23,0.25,3.99,107.887185516,7,0.67,220,29.2,,1.59,,10.6,8,,,,,,,,,150,,8,,,,,203.2,,,,,,,,,,,,,,,,,,,,,,,,,,,,,,,,,,,,,,,,,,,
Aurum Cantus,AC120/50CK,8,43,0.18,0.19,3.4,11.893075569,7,0.67,82,11.5,,1.21,,10.6,6,,,,,,,,,150,,5,,,,,127,,,,,,,,,,,,,,,,,,,,,,,,,,,,,,,,,,,,,,,,,,,
Aurum Cantus,AC130/50CK,8,37,0.21,0.23,3.17,22.087140342,7,0.67,95,12.4,,1.73,,9.1,6,,,,,,,,,150,,,,,,,,,,,,,,,,,,,,,,,,,,,,,,,,,,,,,,,,,,,,,,,,,,
Aurum Cantus,AC165/50C2C,8,37,0.19,0.2,4.22,31.998036649,7,0.67,133,14.3,,1.29,,10.8,6,,,,,,,,,150,,,,,,,,,,,,,,,,,,,,,,,,,,,,,,,,,,,,,,,,,,,,,,,,,,
Aurum Cantus,AC165/50CK,8,37,0.19,0.2,3.68,24.069319603,7,0.67,133,13.7,,0.97,,12.3,6,,,,,,,,89,150,,,,89,,,,,,,,,,,,,,,,,,,,,,,,,,,,,,,,,,,,,,,,,,,,,,
Aurum Cantus,AC250/75C2C,8,23,0.28,0.32,1.95,193.120893757,7,1.31,346,61.3,,1.1,,11.4,8,,,,,,,,,250,,10,,,,,254,,,,,,,,,,,,,,,,,,,,,,,,,,,,,,,,,,,,,,,,,,,
Aurum Cantus,AC500/75C2C,8,22,0.35,0.42,2.16,231.914973588,7,1.31,500,84,,0.65,,13.2,8.5,,,,,,,,,250,,12,,,,,304.8,,,,,,,,,,,,,,,,,,,,,,,,,,,,,,,,,,,,,,,,,,,
Beyma,1000/FE,8,30,0.4,0.42,11,265,6,2,125.5,237,,0.119,,25.3,12.5,,,,,,1.65,,96,,1000,,,,,,,,,,215,,413,,,,,,,100,30,,12,,,,,462,,,,,,,,,,,,,,,,,,,,,,
Beyma,10BR60-V2,8,31,0.47,0.55,3.29,108.2,6.5,1.5,380,48,,0.536,2.89,10.6,6.5,,240,,,,0.57,,90.6,,100,,,,,,,,,,111,,228,,,,,,,51.7,16,,7,,,,,260.5,,,,,,,,,,,,,,,,,,,,,,
Beyma,10CX300/FE,,48,0.38,0.41,5.3,62.7,5.2,0.4,38,35,,0.307,,11.65,6.75,,,,,,1.65,,,,,,,,,,,,,,153,,228,,,,,,,,17.5,,10,,,,,260.5,,,,,,,,,,,,,,,,,,,,,,
Beyma,10G40,8,55,0.31,0.33,6.47,33,6,1,380,51,,0.164,,17.9,6,,,,,,1.6,,96,,400,,,,,,,,,,133,,228,,,,,,,77,20,,8,,,,,260.5,,,,,,,,,,,,,,,,,,,,,,
Beyma,10MC500,8,60,0.28,0.29,7.5,26,5.7,1,35,44,,0.154,,18.3,8,,280,,,,2,,97,,500,,,97,,,,,,,125,,230,,,,,,,63.5,19.5,,,,,,,261,,,,,,,,,,,,,,,,,,,,,,
Beyma,10MI100,8,50,0.21,0.22,6.6,54,6.6,0.9,38,38,,0.266,,18.7,4.5,,,,,,3,,98,,350,,,,,,,,,,108.5,,228,,,,,,,77,13.5,,9.5,,,,,260.5,,,,,,,,,,,,,,,,,,,,,,
Beyma,10NMFS,8,35,0.42,0.45,5.9,45,5.9,1.49,370,89,,23.3,,16,14.5,,536,,,,0.42,,90,,350,,,90,,,,,,,158,,229,,,,,,,63.5,32,,,,,,,279,,,,,,,,,,,,,,,,,,,,,,
Beyma,12BR70,8,35,0.5,0.56,4.44,142,5.6,0.85,540,74,,0.354,,12.1,8,,,,,,0.76,,93,,125,,,,,,,,,,126,,277.5,,,,,,,52,19,,7,,,,,312,,,,,,,,,,,,,,,,,,,,,,
Beyma,12CXA400/FE,,,,,,,,,,66,,,,19.8,,,,,,,2.2,,,,,,,,,,,,,,165,,282.6,,,,,,,,10,,10,,,,,311.7,,,,,,,,,,,,,,,,,,,,,,
Beyma,12CXA400/ND,,45,0.25,0.26,7.1,88.5,6.6,1,55,64,,0.207,,21.4,6,,,,,,2.75,,,,,,,,,,,,,,154,,282.6,,,,,,,,16,,9,,,,,311.7,,,,,,,,,,,,,,,,,,,,,,
Beyma,12G40,8,44,0.3,0.3,11.6,81,6,2.1,530,62,,0.206,,18.4,5,,,,,,2.3,,97,,500,,,,,,,,,,139,,277.5,,,,,,,77,17.5,,8,,,,,312,,,,,,,,,,,,,,,,,,,,,,
Beyma,12GA50,8,90,1.16,1.26,14.8,34,6.2,0.6,530,34,,0.087,1.3,10,3,,159,,,,2.1,,102,,250,,,,,,,,,,139,,278,,,,,,,52,7,,,,,,,312,,,,,,,,,,,,,,,,,,,,,,
Beyma,12MC500,8,57,0.38,0.39,8.58,54.9,5.5,0.7,55,59,,0.128,,17.3,8,,,,,,2.55,,98,,500,,,,,,,,,,140,,278,,,,,,,63.5,19.5,,10,,,,,312,,,,,,,,,,,,,,,,,,,,,,
Beyma,12MI100,8,58,0.22,0.23,5.54,64,6.3,1,530,47,,0.163,3.3,21.6,2,,159,,,,5.1,,100,,450,,,,,,,,,,139,,277.5,,,,,,,77,13.5,,9.5,,,,,312,,,,,,,,,,,,,,,,,,,,,,
Beyma,12P1000/ND,8,47,0.26,0.27,7.89,49,5.1,2,550,100,,0.115,3.7,23.5,8,,440,,,,1.8,,96,,900,,,,,,,,,,131,,283,,,,,,,100,21,,12,,,,,312,,,,,,,,,,,,,,,,,,,,,,
Beyma,1400/FE,8,32,0.27,0.28,10.23,228.9,5.05,1.2,125.5,230,,0.103,,29,10,,,,,,2.71,,98,,1400,,,,,,,,,,211,,413,,,,,,,100,25,,15,,,,,461,,,,,,,,,,,,,,,,,,,,,,
Beyma,15 XA 38 ND - Coaxial Neodym,8,33,0.29,0.3,7.5,359,6.8,1.6,880,72,,0.326,,18.2,4,,,,,,4,,99,,380,,,,,,,,,,181,,352,,,,,,,100,16,,9,,,,,388,,,,,,,,,,,,,,,,,,,,,,
Beyma,15CXA400/FE,,40,0.42,0.43,16.4,191,6.3,0.95,88,90,,0.175,,18.2,6,,,,,,2.75,,,,,,,,,,,,,,185,,370,,,,,,,,16,,10,,,,,388,,,,,,,,,,,,,,,,,,,,,,
Beyma,15CXA400/ND,,40,0.36,0.39,4.37,196,6.6,0.9,88,84,,0.181,,19.04,6,,,,,,3.3,,,,,,,,,,,,,,180,,349.5,,,,,,,,16,,9,,,,,388,,,,,,,,,,,,,,,,,,,,,,
Beyma,15MC500,8,46,0.46,0.49,8,131.5,5.7,1.15,88,98,,0.12,,18.25,8,,704,,,,2.55,,98,,500,,,,,,,,,,170,,370,,,,,,,63.5,19.5,,10,,,,,388,,,,,,,,,,,,,,,,,,,,,,
Beyma,15P80/ND,8,33,0.178,0.182,7.7,250,5.1,0.8,880,101,,0.229,2.73,24.3,7.5,,660,,,,4.77,,100,,800,,,,,,,,,,157.5,,349.5,,,,,,,100,20,,12,,,,,388,,,,,,,,,,,,,,,,,,,,,,
Beyma,30P-POLYPROPYLEN,8,55,0.62,0.76,3.36,18,5.9,0.5,140,14,,0.59,,5.9,4,,,,,,0.4,,90,,50,,,,,,,,,,78,,140,,,,,,,26,14,,,,,,,166,,,,,,,,,,,,,,,,,,,,,,
Beyma,5 MP 60 N - Polypropylen,8,63,0.46,0.58,2.3,5.77,5.3,0.23,85,11,,0.564,,6.4,5.5,,,,,,0.24,,88,,50,,,,,,,,,,68.22,,112.2,,,,,,,25.4,14,,6,,,,,133,,,,,,,,,,,,,,,,,,,,,,
Beyma,5CX200/FE,8,69,0.31,0.32,10.7,,5.1,0.22,95,7,,0.697,,7.18,5.7,,,,,,0.86,,92.5,,150,,,,,,,,,,107,,119.2,,,,,,,,14,,,,,,,155,,,,,,,,,,,,,,,,,,,,,,
Beyma,5G40,8,140,0.45,0.53,2.8,1.4,6.6,0.2,85,9,,0.143,2.9,10,3,,26,,,,3,,92,,100,,,,,,,,,,72,,120,,,,,,,38.1,9,,7,,,,,155,,,,,,,,,,,,,,,,,,,,,,
Beyma,5P200/ND,8,78,0.3,0.31,10.7,4.5,5.3,0.25,95,11,,0.335,,9.9,5.7,,54.1,,,,0.68,,92,,150,,,92,,,,,,,71,,119,,,,,,,14,6,,6,,,,,155,,,,,,,,,,,,,,,,,,,,,,
Beyma,6 NMFW Subwoofer 8 Ohm,8,40,0.34,0.35,7.5,11,5.8,0.95,154,45,,34.2,,14,9,,,,,,0.21,,87,,200,,,,,,,,,,109,,157,,,,,,,50.8,20,,6,,,,,176,,,,,,,,,,,,,,,,,,,,,,
Beyma,6CX200/FE,8,65,0.32,0.34,5.1,10.5,4.9,0.3,13.5,14,,0.408,,9.15,5,,,,,,0.8,,,,,,,,,,,,,,106,,145,,,,,,,,13,,7,,,,,188,,,,,,,,,,,,,,,,,,,,,,
Beyma,6G40,8,88,0.33,0.34,9.1,7.2,6.2,0.6,140,12,,0.26,,11,1,,,,,,1.4,,95,,170,,,,,,,,,,75.5,,146,,,,,,,51.7,9,,7,,,,,187.5,,,,,,,,,,,,,,,,,,,,,,
Beyma,6MI100,8,128,0.51,0.55,8.6,3.07,6,0.2,140,14,,0.199,,10.8,3,,42,,,,1.2,,94,,500,,,94,,,,,,,85,,146,,,,,,,51.7,7,,7,,,,,174,,,,,,,,,,,,,,,,,,,,,,
Beyma,8 NMFW Woofer 8 Ohm,8,37,0.34,,7.6,27,5.7,1.1,227,48,,3.76,,13.4,9,,,,,,0.4,,90,,200,,,,,,,,,,125,,181,,,,,,,50.8,20,,,,,,,227,,,,,,,,,,,,,,,,,,,,,,
Beyma,8BR40/N,8,33.2,0.57,0.73,2.61,61.35,6.5,0.8,220,25,,0.907,2.02,6.9,6,,130,,,,0.3,,90,,50,,,,,,,,,,86,,179.5,,,,,,,25.8,16,,6,,,,,211.5,,,,,,,,,,,,,,,,,,,,,,
Beyma,8G40,8,70,0.36,0.38,6.83,17,6.1,1.3,220,21,,0.246,,12.2,4.5,,,,,,1.5,,95,,250,,,,,,,,,,96,,181,,,,,,,63.5,16,,7,,,,,212,,,,,,,,,,,,,,,,,,,,,,
Beyma,CD1014FE,8,,,,,,4.3,,,,,,,6.6,,,,,,,,,110,,70,,,,,,,,,,65,,,,,,,,,44.4,,,,,,,,120,,,,,,,,,,,,,,,,,,,,,,
Beyma,CD10FE,8,,,,,,4.3,,,,,,,6.6,,,,,,,,,109,,70,,,,,,,,,,62,,,,,,,,1.2,44.4,,,,,,,,100,,,,,,,,,,,,,,,,,,,,,,
Beyma,CD10ND,8,,,,,,4.3,,,,,,,8.9,,,,,,,,,111,,70,,,,,,,,,,66,,,,,,,,,44.4,,,,,,,,100,,,,,,,,,,,,,,,,,,,,,,
Beyma,CP09,8,,,,,,5.2,,,,,,,4,,,,,,,,,104,,15,,,,,,,,,,96,,,,,,,,,25.4,,,,,,,,98,92,,84,72,,,,,,,,,,,,,,,,,,
Beyma,CP12,8,,,,,,5,,,,,,,4,,,,,,,,,107,,30,,,,,,,,,,63,,72,,,,,,,25.8,,,,,,,,87,87,,,,,,,,,,,,,,,,,,,,,
Beyma,CP16,8,,,,,,7.3,,,,,,,4,,,,,,,,,105,,15,,,,,,,,,,65,,53.5,,,,,,,25.8,,,,,,,,86,86,,,,,,,,,,,,,,,,,,,,,
Beyma,CP21,8,,,,,,6.1,,,,,,,5.2,,,,,,,,,105,,25,,,,,,,,,,71,,92,,,,,,,37.6,,,,,,,,102,102,,,,,,,,,,,,,,,,,,,,,
Beyma,CP22,8,,,,,,6.1,,,,,,,5.2,,,,,,,,,107,,25,,,,,,,,,,71,,61,,,,,,,37.6,,,,,,,,102,102,,,,,,,,,,,,,,,,,,,,,
Beyma,CP380,8,,,,,,4.7,,,,,,,7,,,,,,,,,107,,100,,,,,,,,,,75,,,,,,,,,44,,,,,,,,146.5,,,,,,,,,,,,,,,,,,,,,,
Beyma,CP385ND,8,,,,,,4.7,,,,,,,7.5,,,,,,,,,107,,70,,,,,,,,,,80,,,,,,,,,44.4,,,,,,,,100,,,,,,,,,,,,,,,,,,,,,,
Beyma,CP755ND,8,,,,,,5.5,,,,,,,11.5,,,,,,,,,120,,60,,,,,,,,,,65,,,,,,,,,72.2,,,,,,,,145,65,,,,,,,,,,,,,,,,,,,,,
Beyma,CP755ND/AL,8,,,,,,5.5,,,,,,,11.5,,,,,,,,,112,,90,,,,,,,,,,65,,,,,,,,,72.2,,,,,,,,145,,,,,,,,,,,,,,,,,,,,,,
Beyma,SK-07/T,16,47,,,,,,,,,,,,,,,,,,,,,,,,,,,,,,156,,,79,,,,,4,,,,76.2,,,,,,,,,,,,,,,,,,,,,,,,,,,,,,
Beyma,T 2030 Aluminium Dome,8,1050,1.122,1.567,3.95,,5,,,,,,,3,,,,,,,,,95,,30,,,,,,,,,,42,,84.5,,,,,,,25.4,,,,,,,,102.5,,,,,,,,,,,,,,,,,,,,,,
Beyma,TPL-150,8,1000,,,,,4.9,,,,,,,,,,,,,,,,99,,80,,,,,,,,,,68.4,,,,,,,,,,,,,,,,,160,130,,150,130,,,,,,,,,,,,,,,,,,
Beyma,TPL-150/H,8,1200,,,,,4.9,,,,,,,,,,,,,,,,102,,80,,,,,,,,,,148,,,,,,,,,,,,,,,,,230,230,148,195,195,,,,,,,,,,,,,,,,,,
Beyma,TPL-200/B,8,,,,,,4.9,,,,,,,,,,,,,,,,101,,120,,,,,,,,,,,,,,,,,,,,,,,,,,,160,130,72,,,,,,,,,,,,,,,,,,,,
Beyma,TPL-200/H,8,,,,,,4.9,,,,,,,,,,,,,,,,104,,120,,,,,,,,,,152,,,,,,,,,,,,,,,,,230,230,152,,,,,,,,,,,,,,,,,,,,
Beyma,TPL-200/S,8,,,,,,4.9,,,,,,,,,,,,,,,,101,,120,,,,,,,,,,,,,,,,,,,,,,,,,,,160,130,72,,,,,,,,,,,,,,,,,,,,
Beyma,TPL-75,8,,,,,,4.9,,,,,,,,,,,,,,,,92,,80,,,,,,,,,,38,,,,,,,,,,,,,,,,,123,112,,100,86,,,,,,,,,,,,,,,,,,
Beyma,WL-3,8,,,,,,5.6,,,,,,,8,,,,,,,,,105,,80,,,,,,,,,,,,,,,,,,,44,,,,,,,,50,80,40,,,,,,,,,,,,,,,,,,,,
Beyma,WL-4,8,,,,,,5.6,,,,,,,8,,,,,,,,,105,,40,,,,,,,,,,195,,185,,,,,,,44.4,,,,,,,,107,40,68,,,,,,,,,,,,,,,,,,,,
Bliesma,T25B-6,,,,,,,,,,,,,,,,,,,,,,,,,,,,,,,,,,,,,,,,,,,,,,,,,,,,,,,,,,,,,,,,,,,,,,,,,,
Bliesma,T34A-4,,,,,,,,,,,,,,,,,,,,,,,,,,,,,,,,,,,,,,,,,,,,,,,,,,,,,,,,,,,,,,,,,,,,,,,,,,
Bliesma,T34B-4,,,,,,,,,,,,,,,,,,,,,,,,,,,,,,,,,,,,,,,,,,,,,,,,,,,,,,,,,,,,,,,,,,,,,,,,,,
Buttkicker,BK-CT,2,,,,,,,,,,,,,,,,,,,,,,,,,,,,,,,,,,,,,,,4,,,,,,,,,,,,,,,,,,,,,,,,,,,,,,,,,,
Buttkicker,BK-LFE,4,,,,,,,,,,,,,,,,,,,,,,,,,,,,,,,,,,,,,,,4,,,,,,,,,,,,,,,,,,,,,,,,,,,,,,,,,,
Buttkicker,BK-MINI-CT CONCERT Miniature Transducer Seat Bass Shaker 50W 2Ω 10Hz-350Hz,2,9,,,,,,,,,,,,,,,,,,,,,,50,,,,,,,,,122.3,76.2,110.2,,,,,,,,,,,,,,,,,,,,,,,,,,,,,,,,,,,,,,,
Buttkicker,BK-mini-LFE,4,,,,,,,,,,,,,,,,,,,,,,,,,,,,,,,,,,,,,,,3,,,,,,,,,,,,,,,,,,,,,,,,,,,,,,,,,,
Carpower,SP-252C,4,35,0.41,0.47,3.15,96,3.7,0.4,353,38,,0.55,,8.08,,,,,,,,,,,,,,,,1000,,,,,,110,,,,,,125,,39,,,5,,,,,255,,,,,,,,,,,,,,,,,,,,,,
Clark Synthesis,AQ339-100,4,,,,,,,,,,,,,,,,,,,,,,,135,,,,,,,,,,,,,,,,,,,,,,,,,,,,,,,,,,,,,,,,,,,,,,,,,,
Clark Synthesis,TST209,4,,,,,,,,,,,,,,,,,,,,,,,100,,,,,,,203,,,,,,,,,1,,,,,,,,,,,,,,,,,,,,,,,,,,,,,,,,,,
Clark Synthesis,TST239,4,,,,,,,,,,,,,,,,,,,,,,,135,,,,,,,203,203.2,,,57.15,,,,,,,,,,,,,,,,,,,,,,,,,,,,,,,,,,,,,,,
Clark Synthesis,TST329,4,,,,,,,,,,,,,,,,,,,,,,,135,,,,,,,203,203.2,,,57.15,,,,,,,,,,,,,,,,,,,,,,,,,,,,,,,,,,,,,,,
Coles,4001G 16OHM,16,1600,,,,,23,,,,,,,,,,,,,,,,,,,,,,,,,,,,,,,,,,,,,,,,,,,,,,,,,,,,,,,,,,,,,,,,,,,
Coles,4001G 8 OHM,7,1600,,,,,6,,,,,,,,,,,,,,,,,,,,,,,,,,,,,,,,,,,,,,,,,,,,,,,,,,,,,,,,,,,,,,,,,,,
Cube Audio,F10,10,28,0.58,0.63,14.58,185,9.4,0.138,346,30,,0.72,,9.2,2.5,6,,,,,,,,,,,,,,,,,,,,,,,,,,,,,,,,,,,,,,,,,,,,,,,,,,,,,,,,,,
Cube Audio,F10,6,30,0.43,0.44,17.8,127,5.5,0.006,346,,,0.76,,9.7,3,6,,,,,,,,,,,,,,,,,,,,,,,,,,,,,,,,,,,,,,,,,,,,,,,,,,,,,,,,,,
Cube Audio,F8,10,39,0.36,0.37,21.7,54,,0.008,230,,,0.74,,11.5,3,6,,,,,,,,,,,,,,,,,,,,,,,,,,,,,,,,,,,,,,,,,,,,,,,,,,,,,,,,,,
Cube Audio,F8,,42,0.37,0.37,16.4,53,6,0.01,230,,,0.74,,9,3,6,,,,,,,,,,,,,,,,,,,,,,,,,,,,,,,,,,,,,,,,,,,,,,,,,,,,,,,,,,
Cube Audio,FC8,,42,0.38,0.39,14.3,55,6,0.094,230,,,0.81,,8.6,3,6,,,,,,,,,,,,,,,,,,,,,,,,,,,,,,,,,,,,,,,,,,,,,,,,,,,,,,,,,,
Dayton Audio,12LF,8,28,0.21,0.22,5.19,147.81,6.7,1.47,533,88.3,,0.37,,21.8,9.25,,493,,,,,,94.5,400,,,,,94.5,,304,324,,,143,,,,,8,,,,76.2,,,,,,,,,,,,,,,,,,,,,,,,,,,,,,
Dayton Audio,12N,8,38,0.26,0.27,7.75,127.99,7.5,0.21,494.56,54.46,,0.323,,19.19,6.75,,333.2,,,,,,96.6,400,,,,,96.6,,304,319,,,143.7,,,,,8,,,,76.2,,,,,,,,,,,,,,,,,,,,,,,,,,,,,,
Dayton Audio,15LF,8,25.5,0.26,0.27,6.7,331.31,6.4,1.74,837.4,117,,0.33,,21.1,9.25,,,,,,,,96,700,,,,,96,,381,,,,,,355.6,372,,8,,,,76.2,,,,,,,,,,,,,,,,,,,,,,,,,,,,,,
Dayton Audio,15N,8,44,0.33,0.34,10.47,154.61,5.8,0.14,844.53,93.39,,0.142,,20.96,6.55,,,,,,,,98.6,500,,,,,98.6,,381,389,,,169,,353,,,8,,,,76.2,,,,,,,,389,180.5,,,,,,,,,,,,,,,,,,,,,
Dayton Audio,18F,8,32,0.4,0.42,8.97,287.7,6.5,2.25,1200,193.6,,0.13,,24.44,10.6,,1272,,,,,,96,1200,,,,,96,1000,,462,,,192.8,,413.8,,,8,,,,101.6,,,,,,,,,,,,,,,,,,,,,,,,,,,,,,
Dayton Audio,18SW1200N-8,8,32,0.33,0.35,10.02,253.4357769984,6.1,0.61,1200,217.8,,0.114,,27.57,9.1,,,,,,,,,,,,,,,,457.2,462.026,,,183.388,,412.242,,,8,,,,101.6,,,,,,,,,,,,,,,,,,,,,,,,,,,,,,
Dayton Audio,6.5N,8,102.8,0.28,0.29,8.02,3.4,6.06,1.29,132.67,16.92,,0.141,,14.94,3.77,,,,,,,,94.4,200,,,,,94.4,,165.1,167.5,,,84.5,,146,,,4,,,,50.8,,,,,,,,167.5,84.5,,,,,,,,,,,,,,,,,,,,,
Dayton Audio,8N,8,94,0.32,0.35,4.43,8.8,6,0.17,200.96,20.89,,0.137,,14.41,3.91,,78.32,,,,,,95.5,200,,,,,95.5,1000,,209.8,,,86.3,,181.8,,,8,,,,50.8,,,,,,,,,,,,,,,,,,,,,,,,,,,,,,
Dayton Audio,AMT Mini-8,8,,1.84,,1.86,,7.92,,,,,,,,,,,,,,,,88,15,,,,88,,,40,,,,,,,,,,,,,,,,,,,,,,,,,,,,,,,,,,,,,,,,,,,
Dayton Audio,AMT2-4,4,2300,2.86,,2.92,,3.5,,8.91,,,,,,,,,,,,,,92.5,15,15,,,,92.5,,,90,,,,,65,,,4,,,,,,,,,,,,,,,,,,,,,,,,,,,,,,,,,,
Dayton Audio,AMT3-4,4,1900,6.15,,6.26,,3,,,,,,,,,,,,,,,,93,25,,,,,,,,,,,19.05,,,,,,,,,,,,,,,,,130.048,94.996,,113.03,68.072,,,,,,,,,,,,,,,,,,
Dayton Audio,AMTHR-4,4,,,,,,4.06,,,,,,,,,,,,,,,,94,25,,,,,94,,,,,,,,,,,,,,,,,,,,,,,,,37,,,,,,,,,,,,,,,,,,,,
Dayton Audio,AMTPOD-4,4,,2.06,,,,3.1,,4.7,,,,,,,,,,,,,,90,15,,,,,90,,,41.91,,,21.844,,,,,,,,,,,,,,,,,,,,,,,,,,,,,,,,,,,,,,,
Dayton Audio,AMTPRO-4,4,800,4.12,,,,3.96,0.06,54.72,,,,,,,,,,,,,,94,50,,,,94,,,,,,,36.068,,71.882,,,,,,,,,,,,,,,199.898,100.076,,,,,,,,,,,,,,,,,,,,,
Dayton Audio,AN25F-4,4,1619,1.27,1.91,3.77,,3.04,0.03,,,,,,,,,,,,,,,96.5,30,,,,,96.5,,25.4,,,,,,,,,,,,,25.4,,,,,,,,,,,,,,,,,,,,,,,,,,,,,,
Dayton Audio,AN2TI-4,4,1744,1.3,2.28,3.04,,3.11,0.03,,,,,,,,,,,,,,,95.5,40,,,,,95.5,,25.4,,,,,,,,,,,,,25.4,,,,,,,,,,,,,,,,,,,,,,,,,,,,,,
Dayton Audio,BCE-1,4,2100,,,,,4,0.56,,,,,,,,,,,,,,,,1,,,,,,,22,,,,7.5,,,,,2,,,,,,,,,,,,,,,,,,,,,,,,,,,,,,,,,,
Dayton Audio,BCT-3,4,236,4.83,7.99,13.3,,3.9,0.34,,6.1,,0.046,,4.41,,,,,,,,,,15,,,,,,1000,35,,,,,,,,,,,,,26,,,,,,,,44,32,,,,,,,,,,,,,,,,,,,,,
Dayton Audio,BST-1,4,30,,,,,,,,,,,,,,,,,,,,,,,,,,,,,,,,,,,,,,,,,,,,,,,,,,,,,,,,,,,,,,,,,,,,,,,,
Dayton Audio,BST-1,4,,,,,,,,,,,,,,,,,,,,,,,50,,,,,,,147,,,,,,,,,4,,,,,,,,,,,,,,,,,,,,,,,,,,,,,,,,,,
Dayton Audio,BST-2,4,30,,,,,,,,,,,,,,,,,,,,,102,35,,,,,,,130,130.8,,,54.9,,,127,,4,,,,,,,,,,,,,,,,,,,,,,,,,,,,,,,,,,
Dayton Audio,BST-300EX,4,,,,,,,,,,,,,,,,,,,,,,,300,,,,,,,180,,180,180,63.5,,,,,,,,,,,,,,,,,,,,,,,,,,,,,,,,,,,,,,,
Dayton Audio,CC80W,8,,,,,,,,,,,,,,,,,,,,,,,50,,,,,,,,,,,,,,,,,,,,,,,,,,,,,,,,,,,,,,,,,,,,,,,,,,
Dayton Audio,CE30P-4,4,336,0.8,1.03,3.62,0.007928717,3.4,0.19,4.1,,,0.34,,2.16,0.3,,,,,,,,81,4,,,,,81,,25.4,31.75,,,14.5,,30.2,,,,,,,12.954,,,,,,,,,,,,,,,,,,,,,,,,,,,,,,
Dayton Audio,CE32A-4,4,262.1,0.86,1.24,2.86,0.15,3.57,0.015,3.917,0.52,,0.688,,1.59,0.5,,0.002,,,,,,78,2,,,,78,,,32,32,,,15.5,,,,,,,,,12.5,,,,,,,,,,,,,,,,,,,,,,,,,,,,,,
Dayton Audio,CE32A-8,8,274,0.87,1.25,2.84,0.004247527,7.18,0.29,3.92,0.52,,0.69,,2.2,0.7,,,,,,,,77.9,2,,,,,77.9,,25.4,32,,,14.5,,31.5,,,4,,,,,,,,,,,,,,,,,,,,,,,,,,,,,,,,,,
Dayton Audio,CE35-4,4,3300,,,,,3.3,0.01,,,,,,,,,,,,,,,90,10,,,,,90,10000,25.4,,,,,,,,,,,,,16,,,,,,,,,,,,,,,,,,,,,,,,,,,,,,
Dayton Audio,CE40-28P-8,8,607,2.83,9.87,3.96,0.0005,7,0.26,5.28,0.37,,0.177,,1.3,0.1,,,,,,,,72,2,,,,,72,,48,,,,,,,,,,,,,,,,,,,,,,,,,,,,,,,,,,,,,,,,,,,
Dayton Audio,CE48-4,4,151,0.95,1.04,11.03,0.0566336932,3.5,0.37,9.1,1.9,,0.59,,2.48,1.2,,1.09,,,,,,79,5,,,,,79,,,64.77,,,,,35.56,,,,,,,16.002,,,,,,,,,,,,,,,,,,,,,,,,,,,,,,
Dayton Audio,CE65W-8,8,112,0.78,0.95,4.27,0.5946537784,6.9,0.15,20.1,2,,1.01,,3.2,2,,4,,,,,,82,7,,,,,82,,63.5,83.31,,,45.21,,58.93,73.66,,4,,,,19.05,,,,,,,,,,,,,,,,,,,,,,,,,,,,,,
Dayton Audio,CE70PR-4,4,109,0.63,0.77,3.5,0.5097032387,3.13,0.31,24.6,3.5,,0.61,,3.11,4,,9.84,,,,,,85,20,,,,,85,,63.5,,,,,,,,,,,,,19.8,,,,,,,,,,,,,,,,,,,,,,,,,,,,,,
Dayton Audio,CF120-4,4,53.2,0.28,0.32,1.89,4.8138639206,3.4,0.45,51.25,6.86,,1.306,,4.94,3.5,,20.6,,,,,,89.1,30,,,,,89.1,,114.3,127,,,57.15,,,,,,,,,25.4,,,,,,,,,,,,,,,,,,,,,,,,,,,,,,
Dayton Audio,CF18N-4,4,1100,1.2,3.1,2,,3.54,0.01,2.55,,,,,,,,,,,,,,90,40,,,,,90,10000,50,,,,,,,,,,,,,18,,,,,,,,,,,,,,,,,,,,,,,,,,,,,,
Dayton Audio,CF50N-4,4,345,0.68,0.82,4.09,,3,0.06,19.6,,,,,,,,,,,,,,91.5,50,,,,,91.5,10000,,,,,,,,,,,,,,50,,,,,,,,,,,,,,,,,,,,,,,,,,,,,,
Dayton Audio,CP80TW,8,,,,,,,,,,,,,,,,,,,,,,,30,,,,,,,,,,,,,,,,,,,,,,,,,,,,295,229,,,,,,,,,,,,,,,,,,,,,
Dayton Audio,CX120-8,8,87.5,0.48,0.57,2.89,3,6.22,0.63,52.51,4.82,,0.765,,5.08,3,,,,,,,,,40,,,,,,,101.6,120.6,,,,,,109.5,,4,,,,25.4,,,,,,,,,,,,,,,,,,,,,,,,,,,,,,
Dayton Audio,CX120-8 (tweeter),,,1.72,7.91,2.2,,5.6,0.04,,,,,,,,,,,,,,,,,,,,,,,,,,,,,,,,,,,,,,,,,19,,,,,,,,,,,,,,,,,,,,,,,,,
Dayton Audio,D1075T,16,,,,,,,,,,,,,,,,,,,,,,110,75,,,,110,,,143,139.7,,,152.4,,,,,,,,,,,,,,,,,,,,,,,,,,,,,,,,,,,,,,,
Dayton Audio,DA115-8,8,60,0.41,0.49,2.6,4.3891112218,6.4,0.7,53.1,6.6,,1.1,,5.7,2.5,,0.0133,,,,,,84.9,20,,4,,,,,101.6,115.6,,,57.4,,93,,,4,,,,,,,,,,,,,,,,,,,,,,,,,,,,,,,,,,
Dayton Audio,DA135-8,8,56.5,0.54,0.68,2.31,7.3623801139,6.4,0.97,75.4,8.54,,0.93,,5.32,3,,22.6,,,,,,85,30,,,,,85,,133.3,134.9,,,63,,111.5,126,,4,,,,25.4,,,,,,,,,,,,,,,,,,,,,,,,,,,,,,
Dayton Audio,DA175-8,8,39,0.58,0.7,3.31,16.423771023,5.9,1.14,132.7,25.17,,0.66,,7.17,4.25,,56.4,,,,,,85,50,50,7,,85,85,,177.8,175.5,,,81,,144,166.1,,5,,,,35,,,,,,,,,,,,,,,,,,,,,,,,,,,,,,
Dayton Audio,DA215-8,8,34.9,0.37,0.45,1.95,42.758438354,6.8,1.44,211.2,30.3,,0.68,,10,5.3,,112,,,,,,88.7,60,60,8,,88.7,,,203.2,215.9,,,94.5,,180.1,206.5,,5,,,,36,,,,,,,,,,,,,,,,,,,,,,,,,,,,,,
Dayton Audio,DAEX-13-4SM,4,950,,,,,3.7,0.022,,,,,,,,,,,,,,,,3,,,,,,,16,,,,6.8,,,,,,,,,13,,,,,,,,,,,,,,,,,,,,,,,,,,,,,,
Dayton Audio,DAEX-9-4SM,4,1200,,,,,3.6,0.013,,,,,,,,,,,,,,,,1,,,,,,,9,,,,5,,,,,,,,,9,,,,,,,,,,,,,,,,,,,,,,,,,,,,,,
Dayton Audio,DAEX13CT-4,4,650,3.25,,,,3.6,0.04,,0.26,,0.0002,,1.12,,,,,,,,,,5,,,,,,,19,26.3,,,9.5,,,,,,,,,13,,,,,,,,26.3,32,9.5,,,,,,,,,,,,,,,,,,,,
Dayton Audio,DAEX13CT-8,8,775,2.63,,,,7.3,0.08,,0.2,,0.0003,,1.15,,,,,,,,,,3,,,,,,1000,13,26.3,,,9.5,,,,,,,,,13,,,,,,,,,,,,,,,,,,,,,,,,,,,,,,
Dayton Audio,DAEX19CT-4,4,637,2.34,,,,3.8,0.04,,0.58,,0.0001,,1.78,,,,,,,,,,5,,,,,,,19,33,,,13,,,,,,,,,19,,,,,,,,33,13,,,,,,,,,,,,,,,,,,,,,
Dayton Audio,DAEX19QLP-4,4,450,,,,,3.5,0.13,,,,,,,,,,,,,,,,5,5,,,,,1000,19,53,,,,,,,,,,,,19,,,,,,,,,,,,,,,,,,,,,,,,,,,,,,
Dayton Audio,DAEX19SL-4,4,630,,,,,2.94,0.01,,,,,,,,,,,,,,,,4,4,,,,,,,33,,,6.5,,,,,,,,,19,,,,,,,,,,,,,,,,,,,,,,,,,,,,,,
Dayton Audio,DAEX25,8,298,,,,,7.147,0.28,,0.77,,0.534,,2.999,,,,,,,,,,5,,,,,,1000,100,,,,21,,,,,,,,,25,,,,,,,,,,,,,,,,,,,,,,,,,,,,,,
Dayton Audio,DAEX25CT-4,4,306,1.07,,,,3.6,0.07,,1.29,,0.0002,,1.54,,,,,,,,,,10,,,,,,,48,48,,,15,,,,,,,,,25,,,,,,,,,,,,,,,,,,,,,,,,,,,,,,
Dayton Audio,DAEX25FHE-4,4,224,0.78,,,,4.3,0.1,,1.61,,0.0003,,3.63,,,,,,,,,,24,,,,,,,27,50.5,,,20.5,,,,,4,,,,25,,,,,,,,,,,,,,,,,,,,,,,,,,,,,,
Dayton Audio,DAEX25Q-4,4,224,0.69,,,,4.3,0.25,,1.75,,0.0003,,3.86,,,,,,,,,,20,,,,,,,51,24.7,,,24.77,,,,,,,,,25,,,,,,,,101.44,24.77,,,,,,,,,,,,,,,,,,,,,
Dayton Audio,DAEX25TP-4,4,233,0.74,,,,4.2,0.1,,1.75,,0.0003,,3.86,,,,,,,,,,20,,,,,,1000,25,88.71,,,21,,,,,,,,,25,,,,,,,,,,,,,,,,,,,,,,,,,,,,,,
Dayton Audio,DAEX25VT-4,4,230,0.83,,,,4.2,0.24,,1.75,,0.0003,,3.86,,,,,,,,,,20,,,,,,,51,58.1,,,20.5,,,,,,,,,25,,,,,,,,58.1,20.5,,,,,,,,,,,,,,,,,,,,,
Dayton Audio,DAEX25W-8,8,1276,1.25,,,,7.6,0.58,,0.26,,0.0002,,1.12,,,,,,,,,,10,,,,,,,25,70.2,,,21,,,,,,,,,25,,,,,,,,,,,,,,,,,,,,,,,,,,,,,,
Dayton Audio,DAEX25X4-4,8,285,,,,,7.3,0.29,,,,,,,,,,,,,,,,40,40,,,,,,25,,,,,,,,,,,,,,,,,,,,,,,,,,,,,,,,,,,,,,,,,,,
Dayton Audio,DAEX30HESF-4,4,300,,,,,3.8,0.31,,,,,,,,,,,,,,,,40,40,,,,,,30,,,,28.5,,,,,4,,,,30,,,,,,,,,,,,,,,,,,,,,,,,,,,,,,
Dayton Audio,DAEX32EP-4,4,395,1.38,,,,3.3,0.21,,5.4,,0.08,,4.2,,,,,,,,,,40,,,,,,,32,,,,23,,,,,,,,,32,,,,,,,,,,,,,,,,,,,,,,,,,,,,,,
Dayton Audio,DAEX32Q-4,4,320,,,,,3.2,0.22,,,,,,,,,,,,,,,,20,20,,,,,,32,60.5,,,19.5,,,,,,,,,32,,,,,,,,,,,,,,,,,,,,,,,,,,,,,,
Dayton Audio,DAEX32Q-8,8,580,,,,,6.5,0.36,,,,,,,,,,,,,,,,20,20,,,,,,32,60.5,,,19.5,,,,,,,,,,,,,,,,,,,,,,,,,,,,,,,,,,,,,,,
Dayton Audio,DAEX32QMB-4,4,480,,,,,3.7,0.23,,,,,,,,,,,,,,,,40,40,,,,,1000,32,,,,20,,,,,,,,,32,,,,,,,,,,,,,,,,,,,,,,,,,,,,,,
Dayton Audio,DAEX32SQ-8,8,481,1.15,1.3,10.36,,8,0.51,,,,0.37,,7.98,1.5,,,,,,,,,20,,,,,,,32,,,,22.5,,,,,,,,,32,,,,,,,,51,61.8,22.5,,,,,,,,,,,,,,,,,,,,
Dayton Audio,DAEX32U-4,4,160,,,,,3.5,0.23,,,,,,,,,,,,,,,,20,20,,,,,1000,41,64,,,19,,,,,,,,,32,,,,,,,,,,,,,,,,,,,,,,,,,,,,,,
Dayton Audio,DAEX58FP,8,240,1.98,,,,7,0.47,,9.95,,0.05,,5,,,,,,,,,,25,25,,,,,1000,58,,,,20,,,,,4,,,,32,,,,,,,,,,,,,,,,,,,,,,,,,,,,,,
Dayton Audio,DAEX9CT-4,4,1200,3,,,,3.6,0.02,,0.076,,0.001,,0.49,,,,,,,,,,0.5,,,,,,,94,20.9,,,8.5,,,,,,,,,9,,,,,,,,,,,,,,,,,,,,,,,,,,,,,,
Dayton Audio,DC130A-8,8,53.2,0.41,0.51,1.9,13.8752548301,5.7,0.75,91.6,9.3,,0.96,,5.88,2.5,,22.9,,,,,,88.7,40,,,,,88.7,,133.3,134.1,,,69.5,,119.8,,,4,,,,,,,,,,,,,,,,,,,,,,,,,,,,,,,,,,
Dayton Audio,DC130AS-8,8,57.2,0.45,0.58,2.01,9.6277278413,5.6,0.84,91.6,9.7,,0.8,,5.83,2.5,,22.9,,,,,,88.5,30,,,,,,,133,134,,,78.5,,119.8,,,4,,,,,,,,,,,,,,,,,,,,,,,,,,,,,,,,,,
Dayton Audio,DC130B-4,4,51.8,0.35,0.41,2.52,12.3,3.2,0.5,91.6,9.4,,1,,4.89,2.5,,22.9,,,,,,92.1,40,40,,,,92.1,1000,133,145,,,67.8,,120,,,4,,,,25.4,,,,,,,,,,,,,,,,,,,,,,,,,,,,,,
Dayton Audio,DC130B-8,8,52.5,0.38,0.48,1.85,12.4,5.7,0.77,91.6,9.1,,1.01,,5.94,2.5,,22.9,,,,,,84.1,40,40,,,,84.1,1000,133,145,,,67.8,,120,,,,,,,25.4,,,,,,,,,,,,,,,,,,,,,,,,,,,,,,
Dayton Audio,DC130BS-4,4,51.8,0.35,0.44,1.86,13.2,3.55,0.5,93.3,8.8,,1.08,,4.8,2.5,,14,,,,,,92,30,,,,,,1000,140,,,,,,,,,,,,,,,,,,,,,,,,,,,,,,,,,,,,,,,,,,,
Dayton Audio,DC130BS-8,8,50.5,0.39,0.49,1.82,8.778222444,5.8,0.82,91.6,8.8,,1.13,,5.71,2.5,,,,,,,,,30,,,,,,,133,,,,,,,,,,,,,,,,,,,,,,,,,,,,,,,,,,,,,,,,,,,
Dayton Audio,DC160-4,4,39,0.43,0.49,3.31,15,3.4,0.99,136.8,29.2,,0.57,,7.02,3.4,,46.5,,,,,,86.1,60,60,,,,86.1,1000,165.1,165,,,,,144.6,156.5,,4,,,,35.6,,,,,,,,,,,,,,,,,,,,,,,,,,,,,,
Dayton Audio,DC160-8,8,35.7,0.34,0.38,3.46,17.9,6.6,2.26,134.8,29.3,,0.68,,10.7,3.15,,42.5,,,,,,86.1,50,50,,,,86.1,1000,165,165,,,82.2,,144.6,,,4,,,,35,,,,,,,,,,,,,,,,,,,,,,,,,,,,,,
Dayton Audio,DC200-8,8,30.3,0.42,0.49,3.06,45.7,6.41,2.32,211.2,36.1,,0.77,,9.5,4.5,,95.1,,,,,,87,60,60,8,,,87,1000,203.2,205,,,93.5,,,,,,,,,35,,,,,,,,,,,,,,,,,,,,,,,,,,,,,,
Dayton Audio,DC250-8,8,24.9,0.38,0.44,3.16,104,6.6,2.63,343.1,67.5,,0.61,,12.64,4.5,,154.4,,,,,,88.4,70,70,10,,,88.4,1000,254,256,,,113,,234,245.6,,4,,,,35,,,,,,,,,,,,,,,,,,,,,,,,,,,,,,
Dayton Audio,DC25T-8,8,1468,0.47,2.55,0.58,,7.7,0.59,4.9,,,,,,,,,,,,,,93,50,50,,,93,93,1000,100,,,,,,,,,,,,,25.4,,,,25,25,,,,,,,,,,,,,,,,,,,,,,,,,
Dayton Audio,DC28F-8,8,834,0.43,0.9,0.82,,5.5,0.09,,,,,,,,,,,,,,,89,50,,,,89,,,28,109.982,,,,,74.168,,,,,,,,,,,,25,,,,,,,,,,,,,,,,,,,,,,,,,
Dayton Audio,DC28FS-8,8,905,0.97,1.73,2.21,,5.4,1.58,6.6,,,,,,,,,,,,,,89,50,50,,,89,,1000,29,110,,,,,78,,,3,,,,29.9,,,,,,,,,,,,,,,,,,,,,,,,,,,,,,
Dayton Audio,DC28FT-8,8,834,0.5,1.33,0.81,,5.5,,,,,,,,,,,,,,,,89,50,,,,89,,,28,,,,,,,,,,,,,,,,,,,,,,,,,,,,,,,,,,,,,,,,,,,
Dayton Audio,DC300-8,8,22.9,0.33,0.37,3.21,181.5,6.8,2.93,498.8,100.7,,0.48,,16.3,4.3,,214.5,,,,,,90.3,80,80,12,,,90.3,1000,304.8,306.5,,,131.5,,279.4,,,8,,,,50.8,,,,,,,,,,,,,,,,,,,,,,,,,,,,,,
Dayton Audio,DC380-8,8,18.8,0.3,0.34,2.87,391.4,6.4,3.09,834.7,182.9,,0.39,,20.4,4.35,,363.1,,,,,,91.8,100,100,15,,,91.8,1000,381,385.06,,,162.05,,348.99,364.99,,8,,,,50.8,,,,,,,,,,,,,,,,,,,,,,,,,,,,,,
Dayton Audio,DCS165-4,4,35.7,0.34,0.36,6.62,12.1,3.4,1.43,124.7,39.5,,0.5,,9.15,6,,74.8,,,,,,87.4,100,100,,,,87.4,1000,165,166.878,,,82.55,,142.748,,,8,,,,38.5,,,,,,,,,,,,,,,,,,,,,,,,,,,,,,
Dayton Audio,DCS205-4,4,32.3,0.37,0.4,6.28,27,3.9,1.78,213.8,57.7,,0.42,,10.7,8.8,,188.2,,,,,,88.6,150,150,,,,88.6,,,,,,107.5,,180,,5.8,8,,,,38.5,,,,,,,,,,,,,,,,,,,,,,,,,,,,,,
Dayton Audio,DCS255-4,4,37.7,0.46,0.5,7.42,32.1,3.45,1.8,346.4,95.5,,0.19,,12.6,8.3,,287.5,,,,,,91,200,200,,,,91,1000,254,258,,,,,232,,,,,,,,,,,,,,,,,,,,,,,,,,,,,,,,,,,,,
Dayton Audio,DCS305-4,4,24.2,0.4,0.43,5.07,92.3,3.3,2.06,498.8,160,,0.27,,13.7,9.3,,468.8,,,,,,90.5,250,250,,,,90.5,1000,304.8,306,,,153,,,,,,,,,,,,,,,,,,,,,,,,,,,,,,,,,,,,,,,
Dayton Audio,DCS385-4,4,17.5,0.39,0.42,5.27,311,3.3,2.2,850.1,273,273,0.3,,15.4,9.3,,790.6,,,,,,91.7,250,300,,,,91.7,1000,381,387,,,185.4,,350,,,,,,,,,,,,,,,,,,,,,,,,,,,,,,,,,,,,,
Dayton Audio,DMA105-4,4,72.67,0.51,0.63,2.6,4.2475269888,3.4,0.3,54.1,4.53,,1.06,,3.35,2.5,,13.5,,,,,,89.8,35,,,,,89.8,,101.6,,,,47.24,,98.43,127,,4,,,,25.4,,,,,,,,104.14,104.14,,,,,,,,,,,,,,,,,,,,,
Dayton Audio,DMA105-8,8,72,0.63,0.83,2.64,4.2475269888,7.5,0.6,54.1,4.9,,1,,4.47,2.5,,,,,,,,84.8,35,,,,,84.8,,101.6,,,,47.24,,98.43,127,,4,,,,25.4,,,,,,,,104.14,104.14,,,,,,,,,,,,,,,,,,,,,
Dayton Audio,DMA105-PR,,37.9,,,7.8,2.5201993467,,,54.1,29.3,,0.6,0.9,,9,,48.7,,,,,,,,,,,,,,102,,,,55,,98,,,4,,,,,,,,,,,,104,104,,,,,,,,,,,,,,,,,,,,,
Dayton Audio,DMA45-4,4,151.4,0.56,0.62,5.23,,3.7,0.3,8.6,1.3,1.3,0.83,,2.8,2,,,,,,,,82,10,,,,,82,,38.1,,,,26.1,,40,50.2,,4,,,,19.05,,,,,,,,46,46,29.1,,,,,,,,,,,,,,,,,,,,
Dayton Audio,DMA45-8,8,150.7,0.59,0.68,4.59,0.055,7,0.4,8.6,1.8,1.8,0.6,,4.26,2,,1.7,,,,,,76.9,10,,,,,76.9,1000,38.1,,,,26.1,,40,50.2,,4,,,,19.05,,,,,,,,46,46,29.1,,,,,,,,,,,,,,,,,,,,
Dayton Audio,DMA45-PR,,60,,,2.75,0.26,,,8.6,2.8,,2.12,0.38,,5,,4.3,,,,,,76.9,,,,,,76.9,,38.1,,,,34.2,,39.6,50.8,,4,,,,19.05,,,,,,,,46,46,29.1,,,,,,,,,,,,,,,,,,,,
Dayton Audio,DMA58-4,4,165.5,0.46,0.56,2.4,0.141,3.55,0.2,14.5,,,0.45,,3.67,2,,,,,,,,86.2,15,,,,,86.2,,50.8,,,,31.75,,49.8,64.3,,4,,,,25.4,,,,,,,,56,56,,,,,,,,,,,,,,,,,,,,,
Dayton Audio,DMA58-8,8,166.2,0.54,0.69,2.45,0.136,6.9,0.4,14.5,,,0.46,,4.6,2,,,,,,,,82.5,15,,,,,82.5,,50.8,,,,31.75,,49.8,64.3,,4,,,,25.4,,,,,,,,56,56,,,,,,,,,,,,,,,,,,,,,
Dayton Audio,DMA58-PR,,39.8,,,3.93,7.08,,,14.5,6.7,,2.4,,,7,,,,,,,,,,,,,,,,50.8,,,,38.1,,50.04,65,,4,,,,,,,,,,,,55.9,55.9,,,,,,,,,,,,,,,,,,,,,
Dayton Audio,DMA70-4,4,113,0.44,0.56,2.04,0.5097032387,3.98,0.3,22.9,2.8,,0.71,,3.7,2,,4.6,,,,,,86.2,20,,,,,86.2,1000,63,,,,,,,,,,,,,25.4,,,,,,,,,,,,,,,,,,,,,,,,,,,,,,
Dayton Audio,DMA70-8,8,113.7,0.5,0.73,2.06,0.566,7.5,0.5,22.9,2.6,2.5,0.73,,4.7,2,,4.6,,,,,,82.9,20,,,,,82.9,,,,,,68.6,,64,84.1,,4,,,,25.4,,,,,,,,70,70,,,,,,,,,,,,,,,,,,,,,
Dayton Audio,DMA70-PR,,34.5,,,3.86,1.3025749432,,,22.9,12,,1.77,,,7,,,,,,,,,,,,,,,,63,,,,44,,64,,,4,,,,,,,,,,,,70,70,,,,,,,,,,,,,,,,,,,,,
Dayton Audio,DMA80-4,4,93.5,0.41,0.51,1.97,1.4158423296,4,0.2,31.2,3.02,,0.96,,3.74,2.5,,,,,,,,88.1,25,,,,,,,76,,,,38.9,,74.4,95.2,,4,,,,25.4,,,,,,,,80.3,80.3,,,,,,,,,,,,,,,,,,,,,
Dayton Audio,DMA80-8,8,97.6,0.47,0.61,2.06,1.1326738637,7.5,0.5,31.2,2.7,,0.98,,4.52,2.5,,,,,,,,85.3,25,,,,,,,76,,,,38.9,,74.4,95.2,,4,,,,25.4,,,,,,,,80.3,80.3,,,,,,,,,,,,,,,,,,,,,
Dayton Audio,DMA80-PR,,34.6,,,8.91,2.010496108,,,31.2,13.7,,1.41,,,7,,,,,,,,,,,,,,,,76,,,,44.7,,74.4,95.2,,4,,,,,,,,,,,,80.5,80.5,,,,,,,,,,,,,,,,,,,,,
Dayton Audio,DML25-4,4,212,1.1,1.5,3.83,0.0226534773,4.3,0.09,16,3.7,,0.15,,3.86,1.5,,24.1,,,,,,82.1,20,,,,,82.1,,50.8,,,,26.4,,,,,4,,,,24.9,,,,,,,,66.8,66.8,,59.4,59.4,,,,,,,,,,,,,,,,,,
Dayton Audio,DS115-8,8,55.2,0.38,0.46,2.1,4.33,5.8,0.8,54.1,7.9,,1.05,,5.88,4.1,,22.2,,,,,,85.3,35,35,4,,,85.3,1000,101.6,,,,,,,,,,,,,,,,,,,,,,,,,,,,,,,,,,,,,,,,,,,
Dayton Audio,DS115-PR,,29.3,,,3.66,9.3445593754,,,54.1,13,,2.27,0.7,,6,,32.5,,,,,,,,,,,,,,101.6,115.5,,,29,,93.7,,,4,,,,,,,,,,,,,,,,,,,,,,,,,,,,,,,,,,
Dayton Audio,DS135-8,8,52.5,0.39,0.48,2.02,7.2774295741,5.9,0.84,75.4,9.7,,0.95,,6.23,4.85,,36.6,,,,,,86.6,50,50,5,,,86.6,1000,127,134.9,,,68.5,,,,,4,,,,25.4,,,,,,,,,,,,,,,,,,,,,,,,,,,,,,
Dayton Audio,DS135-PR,,27.2,,,3.93,12.18,,,75.4,21.8,,1.52,,,8,,,,,,,,,,,,,,,,127,135,,,38.1,,111.5,126,,4,,,,,,,,,,,,,,,,,,,,,,,,,,,,,,,,,,
Dayton Audio,DS175-8,8,37,0.27,0.32,1.63,16.990107955,5.7,1.06,128.7,26,,0.71,,10.4,5.25,,67.6,,,,,,87.7,70,70,,,,87.7,1000,165,175.6,,,80.6,,144,,,,,,,35.5,,,,,,,,,,,,,,,,,,,,,,,,,,,,,,
Dayton Audio,DS175-PR,,24.5,,,5.57,26.9010042624,,,128.7,36.6,,1.15,1,,8,,103,,,,,,,,,,,,,,165,176,,,47.8,,,,,5,,,,,,,,,,,,,,,,,,,,,,,,,,,,,,,,,,
Dayton Audio,DS215-8,8,34.3,0.31,0.38,1.75,43.0416068198,5.8,1.25,211.2,29.7,,0.72,,9.89,5.5,,116.2,,,,,,89.9,80,80,8,,,89.9,1000,203.2,215.9,,,95.5,,180,,,5,,,,38.6,,,,,,,,,,,,,,,,,,,,,,,,,,,,,,
Dayton Audio,DS215-PR,,23.3,,,7.34,43.0416068198,,,,68.8,,,,,11,,,,,,,,,,,,,,,,203,,,,,,,,,,,,,,,,,,,,,,,,,,,,,,,,,,,,,,,,,,,
Dayton Audio,DS270-8,8,31.6,0.44,0.54,2.4,87.4990559693,5.4,1.25,353,56.4,,0.48,,10.1,5.5,,194.1,,,,,,90.7,100,,10,,,90.7,,254,270,,,112,,227,260.1,,5,,,,38.6,,,,,,,,,,,,,,,,,,,,,,,,,,,,,,
Dayton Audio,DS270-PR,,19.5,,,2.5,110.4357017088,,,340,100,,,4.89,,10,,,,,,,,,,,,,,,,254,270,,,,,227,,,,,,,,,,,,,,,,,,,,,,,,,,,,,,,,,,,,,
Dayton Audio,DS315-8,8,24.2,0.31,0.37,1.79,159,6.1,1.43,506.7,97.4,,0.44,,15.6,5.5,,276.7,,,,,,91,120,120,12,,,91,1000,304.8,313.9,,,130,,272,,,5,,,,49.53,,,,,,,,,,,,,,,,,,,,,,,,,,,,,,
Dayton Audio,DS315-PR,,16.8,,,0.45,,,,,200,,0.45,,,10,,,,,,,,,,,,,,,,,,,,83,,,,,,,,,,,,,,,,,,,,,,,,,,,,,,,,,,,,,,,
Dayton Audio,DS90-8,8,81.4,0.43,0.53,2.19,1.31,6.3,0.56,31.2,3.8,,1.02,,4.76,2.5,,7.8,,,,,,84.1,20,20,3,,,84.1,1000,76.2,,,,,,,,,,,,,20.4,,,,,,,,,,,,,,,,,,,,,,,,,,,,,,
Dayton Audio,DSA115-8,8,63.25,0.42,0.53,2,3.9643585229,5.9,0.63,54.1,6.7,,0.94,,5.44,4.1,,22.2,,,,,,86.1,35,35,4,,,86.1,1000,101.6,115.6,,,54.6,,93.8,,,4,,,,25.4,,,,,,,,,,,,,,,,,,,,,,,,,,,,,,
Dayton Audio,DSA115-PR,,30.9,,,3.48,9.3445593754,,,54.1,11.7,,2.27,0.7,,6,,32.5,,,,,,,,,,,,,,102,115.6,,,30,,94,107,,4,,,,,,,,,,,,,,,,,,,,,,,,,,,,,,,,,,
Dayton Audio,DSA135-8,8,51.81,0.38,0.47,2.04,7.9287170458,5.9,0.78,75.4,9.5,,0.99,,6.22,4.9,,36.6,,,,,,87,50,50,5,,,87,1000,127,135,,,69,,111,,,4,,,,25,,,,,,,,,,,,,,,,,,,,,,,,,,,,,,
Dayton Audio,DSA135-PR,,,,,3.7,12.2,,,75.4,21.5,,1.51,1,,8,,60.3,,,,,,,,,,,,,,127,134.87,,,38.1,,111.76,,,4,,,,,,,,,,,,,,,,,,,,,,,,,,,,,,,,,,
Dayton Audio,DSA175-8,8,38.36,0.29,0.35,1.66,18.689118751,5.8,0.85,128.7,24.2,,0.71,,9.75,5.3,,67.6,,,,,,88.1,70,70,,,,88.1,1000,165,,,,80.5,,144,,,5,,,,35.6,,,,,,,,175.5,,,,,,,,,,,,,,,,,,,,,,
Dayton Audio,DSA175-PR,,26.8,,,4.3,27.1,,,128.7,30.7,,1.15,1.2,,8,,102.9,,,,,,,,,,,,,,165,175,,,47,,,,,,,,,,,,,,,,,,,,,,,,,,,,,,,,,,,,,,,
Dayton Audio,DSA215-8,8,35,0.33,0.4,1.87,37.4,5.9,1,211.2,34.6,,0.6,,10.6,5.5,,116.2,,,,,,89.2,80,80,8,,,89.2,1000,203.2,216,,,95.5,,180,,,,,,,38.5,,,,,,,,,,,,,,,,,,,,,,,,,,,,,,
Dayton Audio,DSA215-PR,,25.6,,,7.66,36.7,,,211.2,67,,0.58,1.4,,11,,232.4,,,,,,,,,,,,,,,215.9,,,58.42,,178.054,,,5,,,,,,,,,,,,,,,,,,,,,,,,,,,,,,,,,,
Dayton Audio,DSA270-8,8,29.6,0.39,0.47,2.09,88.1,5.4,1.07,353,59.6,54.7,0.49,,11.2,5.5,,194.2,,,,,,90.4,100,100,10,,90.4,90.4,1000,254,,,,,,227,260,,5,,,,38.5,,,,,,,,,,,,,,,,,,,,,,,,,,,,,,
Dayton Audio,DSA270-PR,,21.9,,,5.26,105.8,,,353,88.4,,0.6,2.3,,11,,388.3,,,,,,,,,,,,,,,270,,,72.9,,227.076,,,5,,,,,,,,,,,,,,,,,,,,,,,,,,,,,,,,,,
Dayton Audio,DSA315-8,8,24.23,0.33,0.4,1.89,146.964433812,6,1.11,506.7,113.1,,0.38,,16.1,5.5,,276.7,,,,,,90.3,120,120,12,,,90.3,1000,304.8,314,,,,,272,,,,,,,,,,,,,,,,,,,,,,,,,,,,,,,,,,,,,
Dayton Audio,DSA315-PR,,17.5,,,6.23,190.8555460301,,,480,142.6,,0.58,2.5,,13,,622.9,,,,,,,,,,,,,,305,313.9,,,88.9,,272,304,,5,,,,,,,,,,,,,,,,,,,,,,,,,,,,,,,,,,
Dayton Audio,DSA90-8,8,66.62,0.37,0.45,2.15,2.27,6.6,0.53,31.2,3.5,,1.64,,4.61,2.5,,7.8,,,,,,85,20,20,3,,,84.7,1000,76.2,,,,,,,,,,,,,,,,,,,,,,,,,,,,,,,,,,,,,,,,,,,
Dayton Audio,DSA90-PR,,43.7,,,5.72,3.5112889774,,,31.2,5,,2.55,0.2,,4,,12.5,,,,,,,,,,,,,,76,92.2,,,21.8,,70.1,8.3,,4,,,,,,,,,,,,,,,,,,,,,,,,,,,,,,,,,,
Dayton Audio,DW3-1053SC,8,100,0.62,0.72,4.77,1.13,5.98,0.44,,,,,,,1.5,,,,,,,,85,15,,,,,85,,76,81,,,50.8,,76.2,84,,4,,,,22.2,,,,,,,,81,50.8,,,,,,,,,,,,,,,,,,,,,
Dayton Audio,E150HE-44,8,40,0.39,0.45,2.94,7.64554857984,6.6,1.6,95,26.6,,0.6,,9.8,14.7,,,,,,,,83.3,200,,,,,83.3,1000,,,,,,,127,,,4,,,,38.1,,,,,,,,,,,,,,,,,,,,,,,,,,,,,,
Dayton Audio,E150HE-PR,,,,,,,,,,,,,,,19,,,,,,,,,,,,,,,,139.7,,,,48.5,,126.5,,,4,,,,,,,,,,,,152,48.5,,,,,,,,,,,,,,,,,,,,,
Dayton Audio,E150MR-4,4,75.23,0.519,0.606,3.619,7.4,3.638,0.075,100.3,8.61,,,,4.94,3.25,,28.3,,,,,,92.59,60,,,,,92.59,1000,152.4,152.4,,,74.422,,125.48,,,4,,,,31.75,,,,,,,,,,,,,,,,,,,,,,,,,,,,,,
Dayton Audio,E150MR-8,8,74,0.58,0.67,4.23,8,6.5,0.1,100.3,8.3,,0.56,,6.12,2.7,,27.1,,,,,,89.6,60,,,,,89.6,1000,152.4,152.4,,,74.422,,125.48,,,4,,,,31.75,,,,,,,,,,,,,,,,,,,,,,,,,,,,,,
Dayton Audio,E180HE-44,8,35,0.46,0.54,2.93,16.14060255744,6.8,1.5,136.1,32.5,,0.61,,9.6,14.7,,200.6,,,,,,83.8,200,,,,,83.8,1000,178,,,,,,,,,6,,,,38.1,,,,,,,,,,,,,,,,,,,,,,,,,,,,,,
Dayton Audio,E180HE-PR,,,,,,,,,,,,,,,19,,,,,,,,,,,,,,,,178,181,,,54,,151.5,140,,6,,,,,,,,,,,,,,,,,,,,,,,,,,,,,,,,,,
Dayton Audio,EC30-4,4,700,0.8651,1.163,3.376,,4.03,,,,,,,,,,,,,,,,92,80,,,,,92,,30,,,,,,,,,6,,,,30,,,,,30,,,,,,,,,,,,,,,,,,,,,,,,,
Dayton Audio,EX25CT2-4,4,137,2.48,,,,3.6,0.07,,,,,,1.54,,,,,,,,,,10,,,,,,1000,25,,,,,,,,,,,,,25,,,,,,,,,,,,,,,,,,,,,,,,,,,,,,
Dayton Audio,EX25FHE2-4,4,115,1.28,,,,4.3,0.1,,,,,,,,,,,,,,,,24,,,,,,1000,25,,,,,,,,,,,,,25,,,,,,,,58.3,56,25.5,,,,,,,,,,,,,,,,,,,,
Dayton Audio,EX25HRDS-4,4,133,2.19,,,,3.6,0.06,,,,,,,,,,,,,,,,20,,,,,,,25,45.5,,,21,,,,,,,,,25,,,,,,,,,,,,,,,,,,,,,,,,,,,,,,
Dayton Audio,EX25PCDS-4,4,99.7,1.122,,,,4.2,0.09,,,,,,,,,,,,,,,,20,,,,,,,25,57.8,,,30,,,,,,,,,25,,,,,,,,,,,,,,,,,,,,,,,,,,,,,,
Dayton Audio,EX25VCS-4,4,104.1,1.238,,,,4.4,,,,,,,,,,,,,,,,,20,,,,,,,25,,,,,,,,,,,,,25,,,,,,,,,,,,,,,,,,,,,,,,,,,,,,
Dayton Audio,EX25VT2-4,4,105,1.26,,,,4.2,0.24,,,,,,3.86,,,,,,,,,,20,,,,,,1000,25,,,,,,,,,,,,,25,,,,,,,,,,,,,,,,,,,,,,,,,,,,,,
Dayton Audio,EX2HMP-5,,,,,,,,,,,,,,,,,,,,,,,,,,,,,,,,,,,,,,,,,,,,,,,,,,,,,,,,,,,,,,,,,,,,,,,,,,
Dayton Audio,EX30HESF2-4,4,130,0.79,,,,3.8,0.31,,,,,,,,,,,,,,,,40,,,,,,,30,,,,,,,,,,,,,,,,,,,,,,,,,,,,,,,,,,,,,,,,,,,
Dayton Audio,EX32EP2-4,4,233,2.14,,,,3.3,0.21,,,,,,4.2,,,,,,,,,,40,,,,,,1000,32,,,,,,,,,,,,,32,,,,,,,,,,,,,,,,,,,,,,,,,,,,,,
Dayton Audio,EX32HRDS-4,4,272.5,2.57,,,,3.7,0.08,,,,,,,,,,,,,,,,30,,,,,,10000,32,53,,,25.8,,,,,,,,,32,,,,,,,,58.3,56,25.5,,,,,,,,,,,,,,,,,,,,
Dayton Audio,EX32HRDS-4,4,272.5,2.57,,,,3.7,0.08,,,,,,,,,,,,,,,,,,,,,,,,53.4,,,25.8,,,,,,,,,32,,,,,,,,,,,,,,,,,,,,,,,,,,,,,,
Dayton Audio,EX32HRDS-4,4,272.5,2.57,,,,3.7,,,,,,,,,,,,,,,,,30,,,,,,,32,,,,,,,,,,,,,32,,,,,,,,,,,,,,,,,,,,,,,,,,,,,,
Dayton Audio,EX32HRTS-4,4,159.4,1.81,,,,3.7,,,,,,,,,,,,,,,,,40,,,,,,,32,53.4,,,25.8,,,,,,,,,32,,,,,,,,,,,,,,,,,,,,,,,,,,,,,,
Dayton Audio,EX32Q2-8,8,195,3.14,,,,6.5,0.36,,,,,,,,,,,,,,,,20,,,,,,,32,,,,,,,,,,,,,32,,,,,,,,,,,,,,,,,,,,,,,,,,,,,,
Dayton Audio,EX32U2-4,4,167,,,,,,,,,,,,,,,,,,,,,,20,,,,,,,32,,,,,,,,,,,,,32,,,,,,,,,,,,,,,,,,,,,,,,,,,,,,
Dayton Audio,EX32VBDS-4,4,85.4,0.75,,,,3.6,0.43,,,,,,,,,,,,,,,,40,,,,,,,84,,,,,,,,,,,,,32,,,,,,,,84,95.7,41.2,,,,,,,,,,,,,,,,,,,,
Dayton Audio,GF180-4,4,49,0.42,0.48,3.43,16.42,4.4,1.1,130.2,14.8,,0.7,,6.5,4,,,,,,,,90.7,40,,,,,90.7,,165,177.8,,,81,,144,,,4,,,,25.4,,,,,,,,,,,,,,,,,,,,,,,,,,,,,,
Dayton Audio,GF180-8,8,53,0.5,0.6,3.07,15.6,8,1.9,130.2,13.9,,0.65,,7.9,4,,,,,,,,87.9,40,,,,,87.9,,165,177.8,,,81,,144,,,4,,,,25.4,,,,,,,,,,,,,,,,,,,,,,,,,,,,,,
Dayton Audio,HARB252-8,8,172.11,1.74,2.98,4.23,0.28,7.2,,21.03,,,0.305,,3.039,1.25,,,,,,,,77.2,10,,,,,77.2,,,,,,29.5,,,,,4,,,,16,,,,,,,,30,130.8,,25.4,120.6,,,,,,,,,,,,,,,,,,
Dayton Audio,HDN-8,8,695,1.52,,,,7.46,0.86,,38.2,,,,18.2,,,,,,,,,,50,,,,,,1000,102,,,,,,,,,,,,,50,,,,,,,,,,,,,,,,,,,,,,,,,,,,,,
Dayton Audio,HDN-8B,8,695,1.52,,,,7.46,0.86,,38.2,,,,18.2,,,,,,,,,,50,,,,,,1000,101.4,101.4,,,,,,,,,,,,50,,,,,,,,,,,,,,,,,,,,,,,,,,,,,,
Dayton Audio,HTS545HE-4,4,26.3,0.28,0.29,7.9,178.9624704614,3.8,8.5,1525,676,,0.054,,38.3,21,,,,,,,,95.6,2000,,,,,95.6,,533,544.8,,,261.6,,495.3,520.7,,8,,,,127,,,,,,,,,,,,,,,,,,,,,,,,,,,,,,
Dayton Audio,LS10-44,4,34.3,0.43,0.47,5.15,30.8,7.4,5.25,366.4,132,,0.16,,21.1,10,,36.4,,,,,,86.5,250,,,,,86.5,,,272.2,,,84.5,,,,,8,,,,,,,,,,,,,,,,,,,,,,,,,,,,,,,,,,
Dayton Audio,LS10-44,8,34.3,0.43,0.47,5.15,30.582194319,7.4,5.25,366.4,132,,0.16,,21.1,10,,,,,,,,,250,,10,,,,,254,,,,,,,,,,,,,,,,,,,,,,,,,,,,,,,,,,,,,,,,,,,
Dayton Audio,LS10-44,,34.3,0.43,0.47,5.15,30.8,7.4,5.25,366.4,132,,0.16,,21.1,10,,36.4,,,,,,,,,,,,,1000,254,272.2,,,84.5,,238.5,,,8,,,,50,,,,,,,,,,,,,,,,,,,,,,,,,,,,,,
Dayton Audio,LW150-4,4,62.6,0.64,0.72,6.01,3.398021591,3.6,0.86,91,21.8,,0.296,,6.51,4,,,,,,,,,40,,6,,,,,152.4,,,,38.1,,,,,4,,,,30.5,,,,,,,,152.4,,,,,,,,,,,,,,,,,,,,,,
Dayton Audio,MB620-8,8,104,0.59,0.69,4.29,6.77,5.47,0.93,132.73,8.59,,0.274,,6.68,2,,26,,,,,,94,200,,,,,94,,165.1,166.88,,,80.01,,147.32,156.21,,4,,,,50.8,,,,,,,,,,,,,,,,,,,,,,,,,,,,,,
Dayton Audio,ME620C,8,,,,,,,,,,,,,,,,,,,,,,88,35,,,,,,,165,247.7,,,92.1,,,,,,,,,,,,,,,,,,,,,,,,,,,,,,,,,,,,,,,
Dayton Audio,ME650C,8,,,,,,,,,,,,,,,,,,,,,,88,35,,6.5,,88,,,165.1,250.825,,,142.875,,209.55,,,,,,,,,,,,,,,,,,,,,,,,,,,70,50,20000,3000,12,,,,,,3
Dayton Audio,ME820C,8,,,,,,,,,,,,,,,,,,,,,,89,45,,,,89,,,203,,,,108,98.4,254,,,,,,,,,,,,,,,,,,,,,,,,,,,,,,,,,,,,,
Dayton Audio,MX10-22,4,32.6,0.46,0.53,3.59,23.79,4.76,4.33,356.7,179,,0.13,,18.2,11.6,,,,,,,,86.1,400,,,,,86.1,,254,262.4,,,159.2,,229.9,,,8,,,,63.5,,,,,,,,,,,,,,,,,,,,,,,,,,,,,,
Dayton Audio,MX12-22,4,28.8,0.35,0.39,3.25,45.59012301312,3.95,5.09,514.7,252,,0.12,,21.5,15.5,,,,,,,,,600,,,,,,,305,315.7,,,197.6,,283.9,,,8,,,,63.5,,,,,,,,,,,,,,,,,,,,,,,,,,,,,,
Dayton Audio,MX15-22,4,21.7,0.4,0.46,4.27,146.11492841472,3.99,5.51,819.8,348,,0.16,,20.6,19,,,,,,,,,800,,,,,,,381,391.7,,,231.9,,355.8,,,8,,,,63.5,,,,,,,,,,,,,,,,,,,,,,,,,,,,,,
Dayton Audio,MX5-22,4,45,0.43,0.5,3.02,4.8704976138,4.3,1.1,84.4,26,,0.48,,8,9.3,,79.5,,,,,,84.3,50,,,,,84.3,,133,152.4,,,88.9,,120.65,,,8,,,,31.75,,,,,,,,,,,,,,,,,,,,,,,,,,,,,,
Dayton Audio,MX6-22,2,30,0.33,0.37,2.99,9.995846847,4.7,,126.3,63.8,,0.44,,12.3,12,,,,,,,,83,70,,,,,83,,165,181,,,102,,142,,,8,,,,38,,,,,,,,,,,,,,,,,,,,,,,,,,,,,,
Dayton Audio,ND105-4,4,78.7,0.61,0.66,7.42,1.97,3.7,0.76,51.5,7.4,,0.55,,4.52,4,,20.6,,,,,,87,30,30,,,,86.8,1000,100,,,,,,,,,,,,,,,,,,,,,,,,,,,,,,,,,,,,,,,,,,,
Dayton Audio,ND105-8,8,66.6,0.66,0.74,5.57,2.9449520456,7.7,1.25,51.5,6.8,,0.84,,0.84,4,,20.6,,,,,,82.7,30,30,,,,82.7,1000,101.6,104.9,,,67,,92,,,4,,,,25.4,,,,,,,,,,,,,,,,,,,,,,,,,,,,,,
Dayton Audio,ND105-PR,,51.5,,,5.93,,,,51.5,13.9,,0.68,,,6,,,,,,,,,,,,,,,,100,,,,,,,,,,,,,,,,,,,,,,,,,,,,,,,,,,,,,,,,,,,
Dayton Audio,ND13FA-4,4,2832,0.84,8.44,0.93,,3.07,0.02,,,,,,,,,,,,,,,88.5,20,,,,,88.5,,12.7,45,,,11.5,,30.5,,,,,,,,,,,,,,,,,,,,,,,,,,,,,,,,,,,,,
Dayton Audio,ND140-4,4,59.2,0.63,0.72,5.35,7.22,3.7,0.79,86.6,10.1,,0.71,,4.42,4,,34.6,,,,,,88.4,40,40,,,,88.4,1000,,138,,,,,120,,,,,,,25.4,,,,,,,,138,70.5,,,,,,,,,,,,,,,,,,,,,
Dayton Audio,ND140-8,8,56.5,0.68,0.79,5.01,7.74,7.8,1.44,86.6,10.4,,0.76,,6.05,4,,34.6,,,,,,84.5,40,40,,,,84.5,1000,,138,,,70.5,,120,,,4,,,,25,,,,,,,,,,,,,,,,,,,,,,,,,,,,,,
Dayton Audio,ND140-PR,4,44.2,0.63,0.72,4.02,8.4,3.7,0.79,86.6,16.4,,0.79,1.13,4.42,9,,34.6,,,,,,,40,,,,,,1000,133,139.7,,,63.5,,120,,,4,,,,,,,,,,,,,,,,,,,,,,,,,,,,,,,,,,
Dayton Audio,ND16FA-4,4,2246,1.79,3.46,3.71,,3.17,0.03,,,,,,,,,,,,,,,93,30,,,,,93,,16,45,,,14.5,,37,,,,,,,,,,,,,,,,,,,,,,,,,,,,,,,,,,,,,
Dayton Audio,ND16FA-6,6,2125,2.2,6.09,3.45,,5.5,0.09,,,,,,,,,,,,,,,88,10,,,,88,,10000,19,32.512,,,14.478,,25.4,,,,,,,,,,,,16,,,,,,,,,,,,,,,,,,,,,,,,,
Dayton Audio,ND20FA-6,6,2005,0.99,2.88,1.5,,5.2,0.05,,,,,,,,,,,,,,,90,15,,,,90,,,19,45,,,15,,33.02,,,,,,,19,,,,,19,,,,,,,,,,,,,,,,,,,,,,,,,
Dayton Audio,ND20FB-4,4,2.072,1.33,3.74,2.08,,3.2,0.03,2.8,,,,,,,,,,,,,,90,15,,,,90,,,19,39.1,,,19,,35.8,,,,,,,19,,,,,,,,,,,,,,,,,,,,,,,,,,,,,,
Dayton Audio,ND25FA-4,4,1350,1.56,2.61,3.87,,3.2,0.03,7.5,,,,,,,,,,,,,,90,20,,,,90,90,,25,66,,,36,,,,,,,,,,,,,,,,,,,,,,,,,,,,,,,,,,,,,,,
Dayton Audio,ND25FA-4,4,1350,1.56,2.61,3.87,,3.2,0.48,,,,,,,,,,,,,,,,,,,,,,,,66.04,,,25.4,,44.958,,,,,,,,,,,,25,,,,,,,,,,,,,,,,,,,,,,,,,
Dayton Audio,ND25FN-4,4,1350,1.56,2.61,3.87,,3.2,0.04,7.5,,,,,,,,,,,,,,90,20,,,,,90,,25.4,40.9,,,21.08,,34.04,,,,,,,,,,,,,,,,,,,,,,,,,,,,,,,,,,,,,
Dayton Audio,ND25FW-4,4,1350,,,,,3.2,0.04,,,,,,,,,,,,,,,91,20,,,,,,,25,103.886,,,,,,,,,,,,,,,,,25,,,,,,,,,,,,,,,,,,,,,,,,,
Dayton Audio,ND25TA-4,4,1470,1.45,2.63,3.24,,3.2,0.48,7.5,,,,,,,,,,,,,,91,20,20,,,,91,,25,66.04,,,25.4,,44.958,,,,,,,,,,,,25,,,,,,,,,,,,,,,,,,,,,,,,,
Dayton Audio,ND28F-6,6,1097,1.24,2.94,2.16,,5.4,0.08,4.9,,,,,,,,,,,,,,88.4,30,30,,,88.4,,,28.5,65.024,,,19.558,,43.434,,,,,,,,,,,,25,,,,,,,,,,,,,,,,,,,,,,,,,
Dayton Audio,ND64-4,4,103,0.33,0.36,4.36,0.42,3.7,0.37,15.6,2.56,2.5,0.93,,4.13,1.9,,3,,,,,,85.2,15,,,,,85.2,,63,64,,,39,,53,,,4,,,,,,,,45,,,,64,38.8,,,,,,,,,,,,,,,,,,,,,
Dayton Audio,ND65-4,4,89.5,0.61,0.68,5.56,0.53,3.5,0.44,15.6,2.5,,1.26,,2.68,3.5,,5.4,,,,,,83,15,15,,,,83,1000,63.5,64,,,48,,52,,,,,,,,,,,,,,,,,,,,,,,,,,,,,,,,,,,,,
Dayton Audio,ND65-8,8,77.4,0.41,0.46,4.01,0.5663369318,7.4,1.04,15.6,2.5,,1.68,,4.47,3.5,,5.4,,,,,,80.8,15,,,,,80.8,,63,63.5,,,50.8,,,,,4,,,,19,,,,,,,,,,,,,,,,,,,,,,,,,,,,,,
Dayton Audio,ND65-PR,,73,,,2.69,0.5663369318,,,15.6,3.2,,1.45,0.56,,5,,,,,,,,,,,,,,,,65,65,,,48,,52,,,4,,,,,,,,,,,,,,,,,,,,,,,,,,,,,,,,,,
Dayton Audio,ND90-4,4,90.2,0.63,0.72,5.1,1.06,3.6,0.62,31.2,4.3,,0.73,,3.47,4,,12.5,,,,,,85.7,20,20,,,,85.7,1000,89,103.4,,,60.7,,85.1,,,4,,,,19,,,,,,,,,,,,,,,,,,,,,,,,,,,,,,
Dayton Audio,ND90-8,8,70.7,0.65,0.75,4.71,1.77,7.5,1.08,31.2,4.2,,1.22,,4.3,4,,12.5,,,,,,81.4,20,20,,,,81.4,1000,89,,,,,,,,,,,,,19,,,,,,,,,,,,,,,,,,,,,,,,,,,,,,
Dayton Audio,ND90-PR,,53.8,,,6.15,1.4158423296,,,31.2,8.1,,1.09,,,9,,,,,,,,,,,,,,,,89,103.4,,,60.7,,85.1,,,4,,,,,,,,,,,,,,,,,,,,,,,,,,,,,,,,,,
Dayton Audio,ND91-4,4,74,0.41,0.45,4.24,1.41584233,4.3,0.83,30.4,4.8,,0.96,,4.59,4.6,,,,,,,,86,30,,,,,,,90,,,,,,,,,,,,,,,,,,,,,,,,,,,,,,,,,,,,,,,,,,,
Dayton Audio,ND91-8,8,70.7,0.47,0.53,4.29,1.53,7.8,1.24,30.4,4.8,,1.05,,5.63,5.1,,12.2,,,,,,82.1,30,,,,,82.1,1000,102,,,,,,,,,,,,,,,,,,,,,,,,,,,,,,,,,,,,,,,,,,,
Dayton Audio,PA130-8,8,83.4,0.51,0.6,3.21,3.95,7.1,0.71,73.9,6.8,,0.54,,6.44,2,,14.8,,,,,,88.2,50,50,,,,88.2,1000,127,132,,,67.5,,112,,,4,,,,25,,,,,,,,,,,,,,,,,,,,,,,,,,,,,,
Dayton Audio,PA165-8,8,80.8,0.47,0.6,2.19,9.2,5.15,0.54,120.8,9.2,,0.42,,6.33,,,,,,,,,92.9,75,,,,,92.9,1000,152,165,,,75.2,,144.6,,,4,,,,35,,,,,,,,,,,,,,,,,,,,,,,,,,,,,,
Dayton Audio,PA200-8,8,55.2,0.48,0.51,6.17,26.6,6.2,1.09,210.4,20.5,,0.4,,9.28,3,,0.631,,,,,,92.4,250,,,,,92.4,,203.2,210,,,108,,182,201.9,,8,,,,50,,,,,,,,,,,,,,,,,,,,,,,,,,,,,,
Dayton Audio,PA255-8,8,50.5,0.61,0.66,8.49,41.2,5.5,1.49,346.4,42.3,,0.24,,10.6,5,,173.2,,,,,,92.6,300,300,,,,92.6,,254,254,,,125,,232,,,8,,,,51,,,,,,,,,,,,,,,,,,,,,,,,,,,,,,
Dayton Audio,PA310-8,8,39,0.29,0.3,8.85,91.7465829581,5.5,1.68,530.9,72.8,,0.23,,18,5,,265.5,,,,,,96.1,450,450,,,,96.1,,,310,,,143,,283,,,8,,,,76.2,,,,,,,,,,,,,,,,,,,,,,,,,,,,,,
Dayton Audio,PA380-8,8,31.6,0.27,0.27,12.2,175,6.3,4.12,845,147,,0.17,,25.8,5,,422.5,,,,,,96.1,500,500,,,,96.1,1000,381,380,,,,,355,,,,,,,,,,,,,,,,,,,,,,,,,,,,,,,,,,,,,
Dayton Audio,PA460-8,8,28.3,0.33,0.34,11.2,401.8160531405,5.6,3.9,1241.1,171,,0.19,,22.3,6,,746.5,,,,,,97.8,500,500,,,,97.8,,,460,,,198,,424.9,,,8,,,,76.2,,,,,,,,,,,,,,,,,,,,,,,,,,,,,,
Dayton Audio,PC105-4,4,81.4,0.51,0.67,2.17,3.681190057,3.3,0.32,52.8,4.2,,0.92,,3.3,2,,10.6,,,,,,90,40,,,,,90.3,,,125.984,,,59.9,,101.6,113,,4,,,,25.4,,,,,,,,,,,,,,,,,,,,,,,,,,,,,,
Dayton Audio,PC105-8,8,84.8,0.64,0.88,2.29,3.398021591,6.7,0.54,52.8,4.2,,0.84,,4.1,2,,10.6,,,,,,86.3,40,,,,,86.3,,107,107,,,102,,,,,,,,,25.4,,,,,,,,,,,,,,,,,,,,,,,,,,,,,,
Dayton Audio,PC68-4,4,117.1,0.65,0.87,2.49,0.7,3.8,0.29,21.2,1.7,,1.07,,2.4,2,,4.2,,,,,,86.1,20,,,,,86.1,,63.5,68,,,37,,64,73,,4,,,,19.05,,,,,,,,,,,,,,,,,,,,,,,,,,,,,,
Dayton Audio,PC68-8,8,109,0.64,0.88,2.27,1.3,6.9,0.47,21,2,1.9,1.05,,3.3,2,,,,,,,,85.6,20,,,,,85.6,,63.5,,,,37.1,,64,,,4,,,,19.05,,,,,,,,68,68,37,,,,,,,,,,,,,,,,,,,,
Dayton Audio,PC83-4,4,80,0.54,0.64,3.41,1.98217926144,3.9,0.38,30.2,2.7,2.7,1.47,,2.9,2,,6,,,,,,,30,,,,,,,76,83,,,50,,,,,4,,,,25.4,,,,,,,,,,,,,,,,,,,,,,,,,,,,,,
Dayton Audio,PC83-8,8,80,0.54,0.64,3.41,1.98217926144,3.9,0.38,30.2,2.7,,1.47,,2.9,2,,6,,,,,,86,30,,,,,,,76,83,,,50,,,92.5,,4,,,,,,,,,,,,83,,,,,,,,,,,,,,,,,,,,,,
Dayton Audio,PCS115-4,4,88,0.79,1.5,3.11,1.769802912,3.6,0.37,51.5,6.95,,0.47,,3.6,2.75,,14.2,,,,,,86.1,20,,,,,86.1,,101.6,114.3,,,57.1,,94,,,4,,,,25.4,,,,,,,,,,,,,,,,,,,,,,,,,,,,,,
Dayton Audio,PCS115-8,8,87,0.84,1.22,2.69,1.769802912,6.8,0.55,51.5,7,,0.48,,4.6,3.5,,17.9,,,,,,82.5,20,,,,,82.5,,101.6,114.3,,,57.1,,94,,,4,,,,25.4,,,,,,,,,,,,,,,,,,,,,,,,,,,,,,
Dayton Audio,PCS175-4,4,56,0.73,0.98,2.85,13.7053537505,3.7,0.8,143,17.2,,0.47,,4.78,2,,28.7,,,,,,89.2,30,,,,,89.2,,165,177.8,,,70,,146,,,4,,,,25.4,,,,,,,,,,,,,,,,,,,,,,,,,,,,,,
Dayton Audio,PCS175-8,8,56,0.83,1.15,3,14.8097107676,6.6,1.25,143,15.5,,0.52,,5.6,2.25,,31.8,,,,,,86.4,30,,,,,86.4,,165,177.8,,,70,,146,,,4,,,,25.4,,,,,,,,,,,,,,,,,,,,,,,,,,,,,,
Dayton Audio,PHT1-6,6,,,,,,5.77,0.17,,,,,,,,,,,,,,,105,80,80,,,,105,,,,,,80,,85,,,,,,,,,,,,,,,111,180,,,,,,,,,,,,,,,,,,,,,
Dayton Audio,PM220-8,8,49.1,0.38,0.41,5.08,62.8633994342,6.5,0.8,205.3,10.7,,0.98,,7.21,4.6,,,,,,,,95.4,40,,,,,95.4,,203.2,221.5,,,88.6,,181.1,210.1,,6,,,,25.4,,,,,,,,,,,,,,,,,,,,,,,,,,,,,,
Dayton Audio,PS180-8,8,58.5,0.33,0.36,3.64,28.316846592,6.4,0.63,132.7,7,,1.05,,6.82,4.6,,,,,,,,95,30,,,,,,,,180,,,,,145,,,,,,,,,,,,,,,,,,,,,,,,,,,,,,,,,,,,,
Dayton Audio,PS220-8,8,46.4,0.38,0.4,5.73,90.2,6.2,0.73,216.4,8.4,,1.41,,6.15,4.8,,99.6,,,,,,96.5,40,40,8,,,96.5,1000,203.2,,,,,,,,,,,,,25.4,,,,,,,,,,,,,,,,,,,,,,,,,,,,,,
Dayton Audio,PS95-8,8,119.8,0.72,0.8,7.33,0.94,7.1,0.63,28.3,2.2,,0.79,,3.83,2.5,,7.08,,,,,,83,10,10,,,,85.56,1000,,76.8,,,52.3,,69.8,,,4,,,,20,,,,,,,,,,,,,,,,,,,,,,,,,,,,,,
Dayton Audio,PSS545HE-4,4,28.8,0.27,0.28,7.28,212.0931809741,3.8,8.2,1590,511.2,,0.06,,35.5,21,,,,,,,,97.7,2000,,,,,97.7,,533.4,544.8,,,258.6,,495.3,520.7,,8,,,,127,,,,,,,,,,,,,,,,,,,,,,,,,,,,,,
Dayton Audio,PSS555-8,8,27.6,0.33,0.34,10.7,444.0081545626,5.4,1.8,1735,316,,0.11,,29.7,11,,,,,,,,96.3,1000,,,,,96.3,,533.4,549.9,,,254,,510.5,,,8,,,,114.3,,,,,,,,,,,,,,,,,,,,,,,,,,,,,,
Dayton Audio,PT2C-8,8,1607,1.78,,1.86,,6.6,0.15,32.4,,,,,,,,,,,,,,94,80,,,,94,,1000,120,,,,,,,,,,,,,,,,,,,,,,,,,,,,,,,,,,,,,,,,,,,
Dayton Audio,PTMini-6,6,4461,1.74,,1.78,,5.9,,5.4,,,,,,,,,,,,,,90,15,15,,,90,,,,,,,,,,,,,,,,,,,,,,,,83,,,60.32,9.52,,,,,,,,,,,,,,,,,,
Dayton Audio,RS100-4,4,84.8,0.53,0.66,2.55,1.45,3,0.28,35.3,4.3,,0.83,,3.18,4,,14.1,,,,,,87,30,30,4,,,87.5,1000,101.6,,,,,,,,,,,,,,,,,,,,,,,,,,,,,,,,,,,,,,,,,,,
Dayton Audio,RS100-8,8,92.2,0.58,0.76,2.37,1.43,6.4,0.5,35.3,3.63,,0.82,,4.2,3.5,,12.4,,,,,,85,30,30,4,,,84.6,1000,101.6,,,,,,,,,,,,,,,,,,,,,,,,,,,,,,,,,,,,,,,,,,,
Dayton Audio,RS100P-4,4,84.8,0.54,0.67,2.67,1.982179261,3,0.26,36.3,3.7,,0.95,,2.95,4,,,,,,,,,30,,4,,,,,101.6,98,,,50.8,,77.2,89.9,,6,,,,25.4,,,,,,,,,,,,,,,,,,,,,,,,,,,,,,
Dayton Audio,RS100P-8,8,95.6,0.54,0.71,2.18,1.699010796,6.6,0.51,37.4,2.8,,0.98,,3.95,3.7,,,,,,,,,30,,4,,,,,101.6,98,,,,,77.2,,,,,,,,,,,,,,,,,,,,,,,,,,,,,,,,,,,,,
Dayton Audio,RS125-4,4,76,0.63,0.75,3.97,2.9,3,0.41,52.8,5.93,,0.74,,3.35,4,,21.1,,,,,,88,30,,5,,,,,127,,,,,,,,,,,,,,,,,,,,,,,,,,,,,,,,,,,,,,,,,,,
Dayton Audio,RS125-8,8,59.2,0.34,0.42,1.74,4.813863921,6.2,0.57,52.8,5.9,,1.22,,5.69,4,,21.1,,,,,,87,30,30,5,,,86.8,1000,127,125.5,,,,,94,,,,,,,,,,,,,,,,,,,,,,,,,,,,,,,,,,,,,
Dayton Audio,RS125P-4,4,70,0.48,0.57,3.19,3.9643585229,3.1,0.32,54.11,5.1,,1.02,,3.49,4,,21.64,,,,,,90,30,30,5,,,90,1000,127,125.4,,,54.8,,94,,,6,,,,25.4,,,,,,,,,,,,,,,,,,,,,,,,,,,,,,
Dayton Audio,RS125P-8,8,70,0.44,0.53,2.56,3.964358523,6.2,0.62,52.8,5.1,,1.02,,5.08,4,,,,,,,,87,30,,5,,87,,,127,125.5,,,,,94,,,,,,,,,,,,,,,,,,,,,,,,,,,,,,,,,,,,,
Dayton Audio,RS150-4,4,45.1,0.33,0.4,1.96,16.4,3.1,0.34,85,7.7,,1.62,,4.1,4.4,,37.4,,,,,,92,40,40,6,,,91.8,1000,152.4,150,,,,,121.5,,,,,,,,,,,,,,,,,,,,,,,,,,,,,,,,,,,,,
Dayton Audio,RS150-8,8,47.8,0.4,0.49,2.15,15,6.13,0.59,84.9,7.5,,1.48,,5.3,4,,34,,,,,,89,40,,6,,,,,152.4,,,,,,,,,,,,,,,,,,,,,,,,,,,,,,,,,,,,,,,,,,,
Dayton Audio,RS150P-4A,4,43.7,0.34,0.42,1.85,15.574265626,3.5,0.39,85,8.6,,1.54,,4.4,4.4,,,,,,,,,40,,6,,,,,152.4,150,,,,,121.4,,,,,,,,,,,,,,,,,,,,,,,,,,,,,,,,,,,,,
Dayton Audio,RS150P-8A,8,47.1,0.34,0.43,1.66,16.706939489,6.7,0.65,85,6.9,,1.65,,5.6,4,,,,,,,,,40,,6,,,,,152.4,150,,,,,121.4,,,,,,,,,,,,,,,,,,,,,,,,,,,,,,,,,,,,,
Dayton Audio,RS180-4,4,39,0.46,0.59,2.13,21.2,3.05,0.45,124.7,17.7,,0.97,,4.71,6,,74.8,,,,,,89.5,60,,7,,,89.5,,177.8,180.5,,,82,,146,,,6,,,,25,,,,,,,,,,,,,,,,,,,,,,,,,,,,,,
Dayton Audio,RS180-8,8,39,0.31,0.42,1.22,24.4,6.36,0.73,124.7,17.9,,1.12,,7.82,6,,74.8,,,,,,88.5,60,,7,,,88.5,,177.8,180.5,,,81,,146,,,6,,,,25,,,,,,,,,,,,,,,,,,,,,,,,,,,,,,
Dayton Audio,RS180P-4,4,37.7,0.39,0.48,1.98,27.3,3.1,0.47,126.7,14.8,,1.21,,4.67,6,,76.02,,,,,,90.8,60,,7,,,90.8,1000,177.8,180.5,,,,,146,,,,,,,,,,,,,,,,,,,,,,,,,,,,,,,,,,,,,
Dayton Audio,RS180P-8,8,45.8,0.34,0.44,1.49,22.087140342,6.3,0.84,126.7,12.4,,1,,7.16,6,,,,,,,,,60,,7,,,,,177.8,,,,,,,,,,,,,,,,,,,,,,,,,,,,,,,,,,,,,,,,,,,
Dayton Audio,RS180S-8,8,37.7,0.36,0.49,1.45,23,6.4,0.79,124.7,17,,1.05,,7.28,6,,74.8,,,,,,87,60,60,7,,,86.9,1000,177.8,,,,,,,,,,,,,,,,,,,,,,,,,,,,,,,,,,,,,,,,,,,
Dayton Audio,RS225-4,4,37.7,0.46,0.56,2.39,37.5,2.9,0.56,219,32.02,,0.56,,6.47,6,,131.4,,,,,,91,80,,8,,,,,203.2,,,,,,,,,,,,,,,,,,,,,,,,,,,,,,,,,,,,,,,,,,,
Dayton Audio,RS225-8,8,28.3,0.38,0.51,1.46,56.8,6.5,0.86,213.8,35.8,,0.88,,9.05,7,,149.7,,,,,,86.8,80,80,8,,,86.8,1000,203.2,223,,,89,,184,,,6,,,,38,,,,,,,,,,,,,,,,,,,,,,,,,,,,,,
Dayton Audio,RS225P-4A,4,37.7,0.38,0.48,1.85,45.590123013,3.3,0.51,213.8,25,25,0.71,,6.4,6,,,,,,,,,80,,8,,,,,203.2,223,,,88.9,,183.9,209,,6,,,,38.6,,,,,,,,,,,,,,,,,,,,,,,,,,,,,,
Dayton Audio,RS225P-8,8,32.3,0.33,0.44,1.28,73.5,6.5,,213.8,21.2,,,,7.97,7,,149.7,,,,,,90.2,,,,,,90.2,,,223,,,84,,184,,,6,,,,38.5,,,,,,,,,,,,,,,,,,,,,,,,,,,,,,
Dayton Audio,RS225P-8A,8,31.6,0.34,0.46,1.25,66.8,7.1,1.02,213.8,23.6,,1.07,,8.5,7,,70.3,,,,,,89.1,80,,8,,,89.1,1000,203.2,223,,,89,,184,,,,,,,38.6,,,,,,,,,,,,,,,,,,,,,,,,,,,,,,
Dayton Audio,RS270-8,8,24.9,0.4,0.52,1.75,120.5,6.78,0.9,346.4,57.1,,0.72,,10.8,6.6,,228.6,,,,,,89,100,,10,,,,,254,272,,,,,236,,,,,,,,,,,,,,,,,,,,,,,,,,,,,,,,,,,,,
Dayton Audio,RS52AN-8,8,341,0.86,1.18,3.16,0.13,6,0.13,26.4,1.7,,0.13,,4.26,1,,2.64,,,,,,89.4,60,60,,,,89.4,1000,,130,,,57,,,,,,,,,50.8,,,,,,,,,,,,,,,,,,,,,,,,,,,,,,
Dayton Audio,RS52FN-8,8,394.3,1.05,1.39,4.27,,5.7,0.12,26.4,,,,,,1,,,,,,,,90,60,,,,,90,,50.8,130,,,57,,100,,,6,,,,50.8,,,,,,,,,,,,,,,,,,,,,,,,,,,,,,
Dayton Audio,RS75-4,4,154.1,0.78,0.91,5.39,0.31,3.2,0.19,15.2,1.1,,0.97,,1.94,1.1,,1.7,,,,,,83,15,,3,,,,,76.2,72,,,,,54,,,,,,,,,,,,,,,,,,,,,,,,,,,,,,,,,,,,,
Dayton Audio,RS75-8,8,185,1.07,1.35,5.12,0.1132673864,6.2,0.32,12,1.23,,0.94,,2.55,1.3,,,,,,,,80.5,15,,,,,80.5,,76.2,71.9,,,38.6,,54.1,64,,4,,,,15.2,,,,,,,,,,,,,,,,,,,,,,,,,,,,,,
Dayton Audio,RS75T-8,8,189,0.95,1.13,5.84,0.283168466,6.1,0.32,12,1,,0.69,,2.58,1.3,,,,,,,,,15,,3,,,,,76.2,72,,,,,54,,,,,,,,,,,,,,,,,,,,,,,,,,,,,,,,,,,,,
Dayton Audio,RSS210-PR,,19.5,,,10.7,39.2,,,213,110,,0.61,,,20,20,426,,,,,,,,,,,,,,,,,,,,,,,,,,,,,,,,,,,,,,,,,,,,,,,,,,,,,,,,,
Dayton Audio,RSS210HF-4,4,29.6,0.57,0.69,3.25,23.7,3.1,0.7,219,78.4,,0.37,,8.12,9,,197.1,,,,,,86,280,280,,,,85.6,1000,205,213,,,,,185,,,,,,,,,,,,,,,,,,,,,,,,,,,,,,,,,,,,,
Dayton Audio,RSS210HO-4,4,29.6,0.4,0.46,3.33,18.6891187507,3.6,0.99,213.8,99.3,,0.29,,12,11,,235.2,,,,,,85.7,300,,,,,85.7,,203.2,213.1,,,126,,184.9,197,,6,,,,50.8,,,,,,,,,,,,,,,,,,,,,,,,,,,,,,
Dayton Audio,RSS210HO-8,8,29.6,0.39,0.45,2.78,18.6891187507,5.9,1.46,213.8,99.3,,0.29,,15.6,12,,256.6,,,,,,83.5,300,300,,,,83.5,1000,,213.1,,,126,,184.9,,,6,,,,50.8,,,,,,,,,,,,,,,,,,,,,,,,,,,,,,
Dayton Audio,RSS265-PR,,19.6,,,4.92,59.7,,,356.3,200,,0.33,11.02,,24,,855.1,,,,,,,,,,,,,,254,266,,,77,,235,,,,,,,,,,,,,,,,,,,,,,,,,,,,,,,,,,,,,
Dayton Audio,RSS265HF-4,4,25.6,0.45,0.53,3.06,54,3.5,0.96,356.3,120,,0.32,,11.43,12.3,,438.3,,,,,,88,350,350,,,,87.8,1000,255,,,,,,,,,,,,,,,,,,,,,,,,,,,,,,,,,,,,,,,,,,,
Dayton Audio,RSS265HF-8,8,24.9,0.49,0.6,2.89,51.6,6.17,1.48,346.4,133.4,,0.31,,14.7,14.3,,495.3,,,,,,84,350,,,,,,,255,,,,,,,,,,,,,,,,,,,,,,,,,,,,,,,,,,,,,,,,,,,
Dayton Audio,RSS265HO-4,4,30.3,0.37,0.4,4.48,22.8,3.4,1.9,349.7,208.6,,0.13,,18.3,12.3,,,,,,,,84,600,,,,,,,255,265.938,,,,,234.95,,,,,,,,,,,,,,,,,,,,,,,,,,,,,,,,,,,,,
Dayton Audio,RSS265HO-44,4,27.6,0.45,0.5,4.42,34.83,1.6,0.77,352.3,161,,0.21,,9.39,13.25,,,,,,,,90.5,600,,,,,90.5,,254,266.7,,,127,,234.9,,,,,,,65.5,,,,,,,,,,,,,,,,,,,,,,,,,,,,,,
Dayton Audio,RSS315-PR,,21,,,4.79,78.9,,,506.7,300,,0.22,7.77,,26,,,,,,,,,,,,,,,,304.8,314,,,87,,282,,,,,,,,,,,,,,,,,,,,,,,,,,,,,,,,,,,,,
Dayton Audio,RSS315HF-4,4,24.2,0.39,0.45,2.83,84.1,3.1,0.96,514.7,188,179.6,0.23,,13.99,14.3,,736,,,,,,90.3,400,400,,,,90.3,1000,305,314,,,146,,282,,,8,,,,64,,,,,,,,,,,,,,,,,,,,,,,,,,,,,,
Dayton Audio,RSS315HFA-8,8,22.2,0.45,0.54,2.5,97.2,6.5,1.56,506.7,194,,0.27,,18,14.3,,724.6,,,,,,86,400,400,,,,85.7,1000,305,,,,,,,,,,,,,,,,,,,,,,,,,,,,,,,,,,,,,,,,,,,
Dayton Audio,RSS315HO-4,4,26.2,0.31,0.33,3.63,53.5188400589,3.2,1.75,514.7,280.9,,0.15,,20,12.3,,,,,,,,90.5,700,,,,,90.5,,304.8,313.94,,,146.05,,281.94,,,8,,,,63.5,,,,,,,,,,,,,,,,,,,,,,,,,,,,,,
Dayton Audio,RSS315HO-44,4,21.5,0.37,0.41,370,61.3059728717,6.5,3.17,507.1,327.7,,0.17,,26.5,14,,,,,,,,84.6,700,,,,,84.6,,305,313.9,,,146,,281.9,,,8,,,,65.5,,,,,,,,,,,,,,,,,,,,,,,,,,,,,,
Dayton Audio,RSS390-PR,,18.2,,,4.07,212.6595179059,,,829.6,400,,0.22,,,30,,,,,,,,,,,,,,,,381,388.4,,,120.9,,355.6,,,8,,,,,,,,,,,,,,,,,,,,,,,,,,,,,,,,,,
Dayton Audio,RSS390HF-4,4,19.5,0.43,0.5,3.02,212,3,0.92,829.6,306,,0.22,,15,14,,,,,,,,91.2,500,500,,,,91.2,1000,380,,,,,,,,,,,,,64,,,,,,,,,,,,,,,,,,,,,,,,,,,,,,
Dayton Audio,RSS390HO-4,4,21.5,0.32,0.35,3.69,168,3.2,1.79,829.6,319,,0.17,,19.8,12,,995.5,,,,,,93,800,800,,,,92.8,1000,380,,,,,,,,,,,,,,,,,,,,,,,,,,,,,,,,,,,,,,,,,,,
Dayton Audio,RSS460-PR,,14.7,,,5.03,449,,,1164,500,,0.23,9.21,,34,,3957.6,,,,,,,,,,,,,,450,,,,157,,,,,,,,,,,,,,,,,450,,,,,,,,,,,,,,,,,,,,,,
Dayton Audio,RSS460HO-4,4,19.6,0.39,0.43,3.9,298,3.41,2.1,1164,425.9,,0.15,,20.4,12.75,,1484.1,,,,,,89,900,,,,,,,,461.5,,,,,424,,,,,,,,,,,,,,,,,,,,,,,,,,,,,,,,,,,,,
Dayton Audio,RST28A-4,4,775,0.93,1.65,2.15,,3,0.03,6.6,,,,,,,,,,,,,,92.5,80,,,,,92.5,,28.57,104,,,44.4,,73,,,4,,,,,,,,,,,,104,82.5,,,,,,,,,,,,,,,,,,,,,
Dayton Audio,RST28F-4,4,710,0.92,1.46,2.52,,3,0.03,6.6,,,,,,,,,,,,,,93.5,80,,,,,93.5,,28.57,,,,44.4,,73,,,4,,,,,,,,,,,,104,82.5,,,,,,,,,,,,,,,,,,,,,
Dayton Audio,RST28F-4,4,710,0.92,1.46,2.52,,3,0.03,6.6,,,,,,,,,,,,,,93.5,80,,,,,93.5,,28.5,,,,,,,,,,,,,,,,,,,,,,,,,,,,,,,,,,,,,,,,,,,
Dayton Audio,RST28F-4,4,710,0.92,1.46,2.52,,3,0.03,6.6,,,,,,,,,,,,,,93.5,80,,,,,93.5,,,104.775,,,44.45,,73.025,,,,,,,,,,,,25,,,,,,,,,,,,,,,,,,,,,,,,,
Dayton Audio,SD215A-88,8,31,0.39,0.45,3.1,38.2,3.2,1.16,208.7,42.4,40.1,0.62,,7.7,6,,125.2,,,,,,85.9,80,,,,85.9,,,203.2,216,,,95,,180,206.4,,5,,,,38.5,,,,,,,,,,,,,,,,,,,,,,,,,,,,,,
Dayton Audio,SD270A-88,4,26.2,0.43,0.5,3.23,107.6,3.16,1.12,346.4,57.7,,0.64,,7.8,6,,,,,,,,87.8,80,,,,87.8,,,254,,,,109,,227,,,5,,,,38.1,,,,,,,,,,,,,,,,,,,,,,,,,,,,,,
Dayton Audio,SDA315A-88,4,24.2,0.33,0.37,3.54,151.7782977331,3.1,1.5,522.8,109.2,,0.4,,11.86,7,,366,,,,,,93.75,120,,,,,93.75,,304.8,313.9,,,130,,272,,,5,,,,50.8,,,,,,,,,,,,,,,,,,,,,,,,,,,,,,
Dayton Audio,SIG120-4,4,74.6,0.43,0.47,4.84,3.08,,0.22,56.4,6.7,,0.68,,5,4,,,,,,,,89.7,40,,,,,89.7,,101.6,123,,,,,95,,,6,,,,25.4,,,,,,,,,,,,,,,,,,,,,,,,,,,,,,
Dayton Audio,SIG150-4,4,61.5,0.49,0.53,5.78,8.78,,0.35,96,10.2,,0.68,,5.2,4,,,,,,,,91.1,60,,,,,91.1,,133.3,151.9,,,70.5,,70.36,,,6,,,,26.7,,,,,,,,152,70.5,,,,,,,,,,,,,,,,,,,,,
Dayton Audio,SIG180-4,4,40.5,0.38,0.41,5.19,23.22,3.7,0.47,143,19.2,,0.81,,6.6,5,,,,,,,,91,80,,,,,91,,165.1,,,,,,144.78,,,6,,,,31.75,,,,,,,,,,,,,,,,,,,,,,,,,,,,,,
Dayton Audio,SIG225-4,4,39.94,0.43,0.45,8.87,29.44952045568,3.89,0.29,226.9,36.93,,0.43,,8.95,6,,,,,,,,,100,,,,,,,203.2,224.8,,,,,190,,,6,,,,50.8,,,,,,,,,,,,,,,,,,,,,,,,,,,,,,
Dayton Audio,SIG270-4,4,35,0.42,0.43,10.25,58.33,3.85,0.4,415.47,64,,0.32,,11.2,6.5,,,,,,,,92.8,120,,,,,92.8,,254,269,,,,,240.03,,,8,,,,50.8,,,,,,,,,,,,,,,,,,,,,,,,,,,,,,
Dayton Audio,SMRK-2,,,,,,,,,,,,,,,,,,,,,,,,,,,,,,,,,,,,,,,,,,,,,,,,,,,,,,,,,,,,,,,,,,,,,,,,,,
Dayton Audio,SS10-22,4,34,0.4,0.45,3.8,48.9031940644,4.4,1.6,344.5,180,,0.122,,19.5,21,,,,,,,,87.1,700,,,,,87.1,,254,266.7,,,180,,238.76,,,,,,,63.5,,,,,,,,,,,,,,,,,,,,,,,,,,,,,,
Dayton Audio,SS12-22,4,27,0.35,0.39,3.47,49.2713130701,4.9,1.8,528,275,,0.125,,24.3,23,,1194,,,,,,88.1,900,,,,,88.1,,304.8,322.5,,,194.31,,285.75,,,,,,,76.2,,,,,,,,,,,,,,,,,,,,,,,,,,,,,,
Dayton Audio,SS15-22,4,27,0.38,0.44,3.27,97.9762892083,5,1.9,800,317,,0.11,,24.9,22,,1758,,,,,,90.6,1100,,,,,90.6,,381,388.62,,,233.68,,353,,,,,,,76.2,,,,,,,,,,,,,,,,,,,,,,,,,,,,,,
Dayton Audio,SS18-22,4,21,0.37,0.42,3.4,223.7030880768,5.3,2.1,1188,497,,0.112,,29.2,26,,3038,,,,,,90.8,1300,,,,,90.8,,,469.9,,,260.35,,419.1,,,,,,,76.2,,,,,,,,,,,,,,,,,,,,,,,,,,,,,,
Dayton Audio,SS8-22,4,38,0.45,0.5,4.37,9.7,4.4,1.6,200,101,,0.17,,14.6,17,,325,,,,,,84.9,500,,,,,84.9,,,214,,,,,,200,,8,,,,63.5,,,,,,,,,,,,,,,,,,,,,,,,,,,,,,
Dayton Audio,ST601-4,4,2660,,,,,3.61,0.089,,,,,,,,,,,,,,,103,60,,,,,,10000,,,,,,,,,,,,,,25.4,,,,,,,,,,,,,,,,,,,,,,,,,,,,,,
Dayton Audio,ST603-4,4,3480,,,,,3.75,0.078,,,,,,,,,,,,,,,106,60,,,,,106,10000,254,80,,,,,,,,,,,,25.4,,,,,25.4,,,,,,,,,,,,,,,,,,,,,,,,,
Dayton Audio,TCP115-4,4,53.8,0.35,0.4,3.14,3.1,3.2,0.97,50.3,9.9,,0.88,,5.2,4,,20.1,,,,,,87,40,,,,,86.8,,,,,,,,95.758,,,4,,80,,,,,,,,,,,,,,,,,,,,,,,,,,,,,,,,
Dayton Audio,TCP115-8,8,59.2,0.43,0.54,2.3,2.52,7.8,1.9,50,10.16,,0.71,,7.4,4,,,,,,,,82,40,,,,,81.9,,,116.078,,,58.928,,95.758,107.95,,4,,,,25.4,,,,,,,,,,,,,,,,,,,,,,,,,,,,,,
Dayton Audio,TD20F-4,4,1696,1.38,4.99,1.9,,3.4,0.03,31.4,,,,,,,,,,,,,,90,20,,,,,90,10000,19,65,,,15,,35,55,,4,,,,,,,,,,,,65,15,,,,,,,,,,,,,,,,,,,,,
Dayton Audio,TD24F-4,4,1667,,,,,3.5,0.12,,,,,,,,,,,,,,,90,25,,,,,90,,25.4,52,,,12.7,,35.6,44,,4,,,,,,,,,,,,,,,,,,,,,,,,,,,,,,,,,,
Dayton Audio,TD25F-4,4,900,0.94,1.62,2.22,,3.5,0.04,7.5,,,,,,,,,,,,,,91,20,,,,,91,,,93.5,,,32.5,,69.1,,,,,,,25,,,,,,,,,,,,,,,,,,,,,,,,,,,,,,
Dayton Audio,TT20-8,8,106,,,,,7.7,0.35,,,,,,,,,,,,,,,,,,,,,,,,50.8,,,19,,,,,,,,,,,,,,,,,,,,,,,,,,,,,,,,,,,,,,,
Dayton Audio,TT20-8,8,106,,,,,,0.35,,,,,,,,,,,,,,,,15,,,,,,1000,50.8,,,,19.05,,,,,3,,,,,,,,,,,,,,,,,,,,,,,,,,,,,,,,,,
Dayton Audio,TT25-16,16,40,,,,,,,,,,,,,,,,,,,,,,15,,,,,,,89,,,,,,,,,6,,,,,,,,,,,,,,,,,,,,,,,,,,,,,,,,,,
Dayton Audio,TT25-8,8,40,,,,,,,,,,,,,,,,,,,,,,15,,,,,,,90,,,,,,,,,6,,,,,,,,,,,,,,,,,,,,,,,,,,,,,,,,,,
Dayton Audio,UMII10-22,2,39,0.57,0.73,2.67,21.2,4,,345,134,,0.126,,13.4,20,,689,,,,,,,600,,,,,,,250,270,,,165,,240,,,,,,,63.5,,,,,,,,,,,,,,,,,,,,,,,,,,,,,,
Dayton Audio,UMII12-22,2,31,0.56,0.71,2.75,53,4.2,,528,189,,0.133,,14.8,22,,1162,,,,,,,800,,,,,,,300,320,,,180,,280,,,,,,,76.2,,,,,,,,,,,,,,,,,,,,,,,,,,,,,,
Dayton Audio,UMII15-22,2,,,,,,,,,,,,,,22,,,,,,,,,900,,,,,,,380,,,,,,,,,,,,,76.2,,,,,,,,,,,,,,,,,,,,,,,,,,,,,,
Dayton Audio,UMII18-22,,22,0.53,0.67,2.53,248.2,4.2,1.15,1184,420,,0.124,,19.2,28,,3315,,,,,,90.7,1200,,,,,,,460,470,,,258,,426,,6.5,8,,,,,,,,,,,,,,,,,,,,,,,,,,,,,,,,,,
Dayton Audio,UMII8-22,2,46,0.75,0.99,3.1,8.4,3.9,,200,82,,0.148,,9.7,18,,360,,,,,,,400,,,,,,,203,,,,,,,,,,,,,63.5,,,,,,,,,,,,,,,,,,,,,,,,,,,,,,
Douk Audio,BS-1,6,30,,,,,,,,,,,,,,,,,,,,,,50,,,,,,,143,,,,,,,,,,,,,,,,,,,,,158,143,64,,,,,,,,,,,,,,,,,,,,
Douk Audio,BS-2,4,,,,,,,,,,,,,,,,,,,,,,,30,,,,,,,89.7,,,,,,,,,,,,,,,,,,,,,86,89.7,38.5,,,,,,,,,,,,,,,,,,,,
Duelund,DUE-1-TWEET,,430,0.21,0.25,1.1,,4.7,0.07,9,0.5,,0.26,1.3,5.1,1.5,1.5,,,,,,,,,,,,,,,,,,,,,,,,,,,,,,,,,,,,,,,,,,,,,,,,,,,,,,,,,,
Duelund,DUE-8-IN-PAD,,25.3,0.22,0.24,3.31,139.9,,0.46,227,20.4,,1.94,1,8.8,4.5,12,,,,,,,,,,,,,,,,,,,,,,,,,,,,,,,,,,,,,,,,,,,,,,,,,,,,,,,,,,
Dynaudio,15W75-08,8,55,0.4,0.6,1.6,7.5,4.9,0.19,87,12,,,,6,,,,6.5,,,,,,,,,,,,,,,,,,,,,,,,,,,,,,,,,,,,,,,,,,,,,,,,,,,,,,,,
Dynaudio,20W75-08,8,30,0.5,0.7,1.8,65,5,0.3,180,20,,,,9.5,,,,9,,,,,,,,,,,,,,,,,,,,,,,,,,,,,,,,,,,,,,,,,,,,,,,,,,,,,,,,
Dynaudio,D2806-2A,,,,,,,,,,,,,,,,,,,,,,,,,,,,,,,,,,,,,,,,,,,,,,,,,,,,,,,,,,,,,,,,,,,,,,,,,,
Dynaudio,ESOTAR2,4,18.7,0.34,0.4,3,163,3.3,1.1,425,114,,0.64,4.4,11.1,29,,,,,,,,,,400,,,,,,,,,,218,,260,,,,,,,75,30,,,,,,,297,,,,,,,,,,,,,,,,,,,,,,
Dynaudio,ESOTAR2,4,49.6,0.44,0.47,6.2,10.5,3.4,0.33,120,20,,0.52,1,6.73,10.5,,,,,,,,,,,,,,,,,,,,72.2,,136,,,,,,,75,14,,,,,,,169,,,,,,,,,,,,,,,,,,,,,,
Dynaudio,ESOTAR2,4,64,0.18,0.21,1.5,3.5,4,0.19,45,4.9,,1.2,1.3,6.2,5.25,,,,,,,,,,150,,,,,,,,,,46,,90,,,,,,,34,9.5,,,,,,,110,,,,,,,,,,,,,,,,,,,,,,
Dynaudio,ESOTAR2,6,1000,,,,,5.2,,7.7,,,,,,,,,,,,,,92,,150,,,,,,,,,,32.5,,68,,,,,,,28,2.8,,,,,,,111,41,,,,,,,,,,,,,,,,,,,,,
Dynaudio,Esotec MD 142 Dome Midrange speaker,8,475,,,,,5.3,,52,,,,,,5,,,,,,,,,,100,,,,,,,,,,45,,37.5,,,,,,,75,5.5,,,,,,,121,,,,,,,,,,,,,,,,,,,,,,
Dynaudio,Esotec MW 152,4,70,0.47,0.63,1.9,4,3,0.24,87,14,,0.38,,5.4,7.5,,,,,,,,,,100,,,,,,,,,,67.3,,124.5,,,,,,,75,10.9,,,,,,,145.5,,,,,,,,,,,,,,,,,,,,,,
Dynaudio,Esotec MW 162 MW 162 Alu basket,4,55,0.45,0.57,2.2,9.8,3.1,0.22,120,17.4,,0.48,2.7,5.7,8.5,,,,,,,,,,120,,,,,,,,,,72,,67,,,,,,,75,10.9,,,,,,,175,77,,,,,,,,,,,,,,,,,,,,,
Dynaudio,Esotec MW 162 MW 162 GT,4,60,0.48,0.63,2.1,8.6,3,0.22,120,16.8,,0.42,3,5.5,8.5,,,,,,,,,,120,,,,,,,,,,63.5,,62,,,,,,,75,10.9,,,,,,,166,71,,,,,,,,,,,,,,,,,,,,,
Dynaudio,Esotec MW 172,4,45,0.51,0.65,2.3,27,3.2,0.27,180,21.4,,0.58,2.6,5.4,7.5,,,,,,,,,,150,,,,,,,,,,83.3,,77.9,,,,,,,75,14,,,,,,,200,88,,,,,,,,,,,,,,,,,,,,,
Dynaudio,Esotec MW 182,4,40,0.64,0.84,2.8,34,3.7,0.5,235,36.5,,0.43,3.3,6.4,13,,,,,,,,,,180,,,,,,,,,,80.9,,75,,,,,,,100,13,,,,,,,239,86,,,,,,,,,,,,,,,,,,,,,
Dynaudio,ESOTEC2,8,1300,,,,,5.6,,7.7,,,,,,,,,,,,,,,,100,,,,,,,,,,29.1,,55.5,,,,,,,28,1.7,,,,,,,62.2,,,,,,,,,,,,,,,,,,,,,,
Dynaudio,S4-C80,,,,,,,,,,,,,,,,,,,,,,,89,,,,,,,,,,,,,,,,,,,,,,,,,,,,,,,,,,,,,,,,,,,,,,,,,,,
Dynavox,AMT 1 Air Motion Transformer,5,,,,,,4.5,,,,,,,,,,,,,,,,90,,50,,,,,,,,,,30,,65,,,,,,,,,,,,,,,70,70,,,,,,,,,,,,,,,,,,,,,
Dynavox,AMT 2 Air Motion Transformer,4,,,,,,,,,,,,,,,,,,,,,,90,,20,,,,,,,,,,22,,,,,,,,,,,,,,,,,66,74,,55,53,,,,,,,,,,,,,,,,,,
Dynavox,"Mylar dome tweeter, 8 Ohm, round",8,,,,,,,,,,,,,,,,,,,,,,88,,80,,,,,,,,,,,,50,,,,,,,,,,,,,,,74,,,,,,,,,,,,,,,,,,,,,,
Dynavox,RT-10,4,,,,,,,,,,,,,,,,,,,,,,91,,15,,,,,,,,,,16,,44,,,,,,,,,,,,,,,74,,,,,,,,,,,,,,,,,,,,,,
Eminence,6227 (Eminence 6100-16),,118,,0.6,5.68,5.8,7.2,0.19,,,,,,,3.5,,,,,,,,,,,,,,,,,,,,,,,,,,,,,,,,,,,,,,,,,,,,,,,,,,,,,,,,,,,
Eminence,Beta 8,,65.1,0.38,0.42,5,24.29,6,0.49,,15.45,,0.379,1.29,9.55,3,7.37,,,,,,,,,,,,,,,,,,,,,,,,,,,,,,,,,,,,,,,,,,,,,,,,,,,,,,,,,,
Epos,10DA25BK-ET01,,,,,,,,,,,,,,,,,,,,,,,,,,,,,,,,,,,,,,,,,,,,,,,,,,,,,,,,,,,,,,,,,,,,,,,,,,
Epos,13PR85BX-DW02,,,,,,,,,,,,,,,,,,,,,,,,,,,,,,,,,,,,,,,,,,,,,,,,,,,,,,,,,,,,,,,,,,,,,,,,,,
Epos,13PR85BX-EW02,,,,,,,,,,,,,,,,,,,,,,,,,,,,,,,,,,,,,,,,,,,,,,,,,,,,,,,,,,,,,,,,,,,,,,,,,,
Epos,13PR85BX-EW04,,,,,,,,,,,,,,,,,,,,,,,,,,,,,,,,,,,,,,,,,,,,,,,,,,,,,,,,,,,,,,,,,,,,,,,,,,
Epos,16PR90CZR-FW04,,,,,,,,,,,,,,,,,,,,,,,,,,,,,,,,,,,,,,,,,,,,,,,,,,,,,,,,,,,,,,,,,,,,,,,,,,
Epos,AKS01-025D06,,,,,,,,,,,,,,,,,,,,,,,,,,,,,,,,,,,,,,,,,,,,,,,,,,,,,,,,,,,,,,,,,,,,,,,,,,
Epos,AKS01-103W03,,,,,,,,,,,,,,,,,,,,,,,,,,,,,,,,,,,,,,,,,,,,,,,,,,,,,,,,,,,,,,,,,,,,,,,,,,
Epos,AKS01-200S01,,,,,,,,,,,,,,,,,,,,,,,,,,,,,,,,,,,,,,,,,,,,,,,,,,,,,,,,,,,,,,,,,,,,,,,,,,
Epos,AKS02-025D06,,,,,,,,,,,,,,,,,,,,,,,,,,,,,,,,,,,,,,,,,,,,,,,,,,,,,,,,,,,,,,,,,,,,,,,,,,
Epos,AKS02-135W09,4,58,0.4,0.46,3.36,7.1,3.6,,,,,,,,,,,,,,,,87,,,,,,,,,,,,,,,,,,,,,,,,,,,,,,,,,,,,,,,,,,,,,,,,,,,
Epos,AKS02-135W12,,,,,,,,,,,,,,,,,,,,,,,,,,,,,,,,,,,,,,,,,,,,,,,,,,,,,,,,,,,,,,,,,,,,,,,,,,
Epos,AKS02-135W16,8,55,0.44,0.52,2.71,9.6,7.2,,,,,,,,,,,,,,,,87,,,,,,87,,,,,,,,,,,,,,,,,,,,,,,,,,,,,,,,,,,,,,,,,,,,,
Epos,AKS02-135W17,8,55,0.43,0.5,3.13,9.7,7.2,,,,,,,,,,,,,,,,87,,,,,,,,,,,,,,,,,,,,,,,,,,,,,,,,,,,,,,,,,,,,,,,,,,,
Epos,AKS02-166W02,,,,,,,,,,,,,,,,,,,,,,,,,,,,,,,,,,,,,,,,,,,,,,,,,,,,,,,,,,,,,,,,,,,,,,,,,,
Epos,AKS02-166W05,,,,,,,,,,,,,,,,,,,,,,,,,,,,,,,,,,,,,,,,,,,,,,,,,,,,,,,,,,,,,,,,,,,,,,,,,,
Epos,AKS02-166W07,4,46,0.38,0.43,3.69,22,3.6,,,,,,,,,,,,,,,,,,,,,,,,,,,,,,,,,,,,,,,,,,,,,,,,,,,,,,,,,,,,,,,,,,,
Epos,AKS02-166W08,8,49,0.44,0.53,2.41,19.3,7.2,,,,,,,,,,,,,,,,88.5,,,,,,88.5,,,,,,,,,,,,,,,,,,,,,,,,,,,,,,,,,,,,,,,,,,,,,
Epos,AKS03-025D03,,,,,,,,,,,,,,,,,,,,,,,,,,,,,,,,,,,,,,,,,,,,,,,,,,,,,,,,,,,,,,,,,,,,,,,,,,
Epos,AKS03-135W14,,,,,,,,,,,,,,,,,,,,,,,,,,,,,,,,,,,,,,,,,,,,,,,,,,,,,,,,,,,,,,,,,,,,,,,,,,
Epos,AKS03-200S12,,,,,,,,,,,,,,,,,,,,,,,,,,,,,,,,,,,,,,,,,,,,,,,,,,,,,,,,,,,,,,,,,,,,,,,,,,
Epos,AKS06-103W01,,,,,,,,,,,,,,,,,,,,,,,,,,,,,,,,,,,,,,,,,,,,,,,,,,,,,,,,,,,,,,,,,,,,,,,,,,
Epos,AKS06-103W02,4,84,0.46,0.54,3.22,2.5,3.6,,,,,,,,,,,,,,,,86,,,,,,86,,,,,,,,,,,,,,,,,,,,,,,,,,,,,,,,,,,,,,,,,,,,,
Epos,BAS-MI-001,,,,,,,,,,,,,,,,,,,,,,,,,,,,,,,,,,,,,,,,,,,,,,,,,,,,,,,,,,,,,,,,,,,,,,,,,,
Epos,BAS-MI-002,,,,,,,,,,,,,,,,,,,,,,,,,,,,,,,,,,,,,,,,,,,,,,,,,,,,,,,,,,,,,,,,,,,,,,,,,,
Epos,MID-MI-001,,,,,,,,,,,,,,,,,,,,,,,,,,,,,,,,,,,,,,,,,,,,,,,,,,,,,,,,,,,,,,,,,,,,,,,,,,
Esoteric,E100HD MKII,8,46,0.44,0.61,1.63,19.6,5.76,0.1,79,5.3,,1.435,,3.8,4.6,,,,,,,,86.2,,75,,,,,,,,,,68.2,,114,,,,,,,,,,,,,,,149,,,,,,,,,,,,,,,,,,,,,,
Esoteric,E130,8,35,0.744,0.93,3.721,45.048,4.03,0.144,138.93,11.927,,1.661,,5.928,6.3,,,,,,,,83.44,,60,,,,,,,,,,79.5,,150.2,,,,,,,,,,,,,,,184,,,,,,,,,,,,,,,,,,,,,,
Esoteric,E130 MK II,8,37.4,0.42,0.47,3.75,37.7,4.03,0.83,139,13,,,,6.5,,,,,,,,,86,,60,,,,,,,,,,80.1,,144.3,,,,,,,,,,,,,,,179.6,,,,,,,,,,,,,,,,,,,,,,
Esoteric,E170 MKII,8,25,0.43,0.51,2.99,116.7,6.57,1.04,214,22.7,,,,6.8,7.3,,,,,,,,86.8,,60,,,,,,,,,,94,,185,,,,,,,,,,,,,,,225,,,,,,,,,,,,,,,,,,,,,,
Ess,10 Zoll Passive Radiator - ALU Basket,,19.32,,,2.5,75.6,,,344.9,150,,0.45,7.3,,10,,,,,,,,,,,,,,,,,,,,67,,238,,,,,,,,,,,,,,,270,,,,,,,,,,,,,,,,,,,,,,
Ess,"12 Zoll gray, flat disk Passive Radiator without Frame",,,,,,,,,,,,,,,,,,,,,,,,,,,,,,,,,,,,,,,,,,,,,,,,,,,,,,,,,,,,,,,,,,,,,,,,,,
Ess,12 Zoll Passive Radiator - ALU Basket,,18,,,2.3,124.3,,,535.8,250,,0.31,12.4,,11,,,,,,,,,,,,,,,,,,,,89,,282,,,,,,,,,,,,,,,314,,,,,,,,,,,,,,,,,,,,,,
Ess,AMT-1,4,1560,0.03,1.3,0.04,,3.4,,180,,,,,,,,,,,,,,100,,100,,,,,,,,,,108,,,,,,,,,,,,,,,,,172,154,,,,,,,,,,,,,,,,,,,,,
Ess,"Woofer 10 Zoll - 25 cm ALU Basket, 4 OHM",4,27,0.48,0.54,4.1,49.554481536000004,3.4,1.2,,,,,,,4,,,,,,,,90.6,,80,,,,,,,,,,114,,238,,,,,,,38,,,,,,,,270,,,,,,,,,,,,,,,,,,,,,,
Ess,"Woofer 12 Zoll ALU Basket, 4 OHM",4,24,0.47,0.52,4.9,189.43970370048,3.9,0.73,,,,,,,6,,,,,,,,91.5,,200,,,,,,,,,,143,,282,,,,,,,50,,,,,,,,314,,,,,,,,,,,,,,,,,,,,,,
Eton,1.1061.01,8,69,0.39,0.43,5.09,3.6,5.9,,,,6.2,0.84,0.58,,,,,,,,,,,,,,,,,,,,,,,,,,,,,,,,,,,,,,,,,,,,,,,,,,,,,,,,,,,,,
Eton,1.1354.01,,,,,,,,,,,,,,,,,,,,,,,,,,,,,,,,,,,,,,,,,,,,,,,,,,,,,,,,,,,,,,,,,,,,,,,,,,
Eton,1.2100.06,,,,,,,,,,,,,,,,,,,,,,,,,,,,,,,,,,,,,,,,,,,,,,,,,,,,,,,,,,,,,,,,,,,,,,,,,,
Eton,1.2100.07,,,,,,,,,,,,,,,,,,,,,,,,,,,,,,,,,,,,,,,,,,,,,,,,,,,,,,,,,,,,,,,,,,,,,,,,,,
Eton,1.6263.04,,,,,,,,,,,,,,,,,,,,,,,,,,,,,,,,,,,,,,,,,,,,,,,,,,,,,,,,,,,,,,,,,,,,,,,,,,
Eton,12-212,8,24,0.31,0.32,7.15,176,6.2,,,,92.7,0.47,2.13,,,,,,,,,,,,,,,,,,,,,,,,,,,,,,,,,,,,,,,,,,,,,,,,,,,,,,,,,,,,,
Eton,25SD4 1.6263.05,,,,,,,,,,,,,,,,,,,,,,,,,,,,,,,,,,,,,,,,,,,,,,,,,,,,,,,,,,,,,,,,,,,,,,,,,,
Eton,3-212,8,112,0.3,0.32,4.23,0.7,5.9,,,,4.4,0.46,0.79,,,,,,,,,,,,,,,,,,,,,,,,,,,,,,,,,,,,,,,,,,,,,,,,,,,,,,,,,,,,,
Eton,7-212/C8/32 HEX Symphony II,,,,,,,,,,,,,,,,,,,,,,,,,,,,,,,,,,,,,,,,,,,,,,,,,,,,,,,,,,,,,,,,,,,,,,,,,,
Factory Buyouts,"6-1/2"" Poly Cone Woofer 4 Ohm",4,52,0.95,1.4,2.99,18.405950285,3.37,0.48,,,,,,,3.5,,,,,,,,,30,,,,,,,,,,,,,,,,,,,,,,,,,,,,,,,,,,,,,,,,,,,,,,,,,,
Faitalpro,3FE22,16,110,0.56,0.63,4.56,1.132673864,12.3,0.1,30.2,2.3,,0.92,,,1.83,,,,,,,,,20,,3,,,,,76.2,,,,,,,,,,,,,,,,,,,,,,,,,,,,,,,,,,,,,,,,,,,
Faitalpro,3FE22,4,110,0.36,0.4,3.57,1.132673864,3.7,0.1,30.2,2.4,,0.86,,,1.73,,,,,,,,,20,,3,,,,,76.2,,,,,,,,,,,,,,,,,,,,,,,,,,,,,,,,,,,,,,,,,,,
Faitalpro,3FE22,8,110,0.47,0.5,5,1.132673864,6.2,0.15,30.2,2.5,,0.85,,,1.83,,,,,,,,,20,,3,,,,,76.2,,,,,,,,,,,,,,,,,,,,,,,,,,,,,,,,,,,,,,,,,,,
Faitalpro,3FE25,16,110,0.82,1,4.85,1.132673864,12.3,0.1,33,2.2,,0.88,,4.5,1.83,,,,,,,,,20,,3,,,,,76.2,,,,,,,,,,,,,,,,,,,,,,,,,,,,,,,,,,,,,,,,,,,
Faitalpro,3FE25,4,110,0.6,0.7,3.9,1.132673864,3.5,0.04,30.2,2.4,,0.89,,,1.73,,,,,,,,,20,,3,,,,,76.2,,,,,,,,,,,,,,,,,,,,,,,,,,,,,,,,,,,,,,,,,,,
Faitalpro,3FE25,8,110,0.7,0.8,4.1,1.132673864,6.2,0.07,30.2,2.4,,0.87,,,1.83,,,,,,,,,20,,3,,,,,76.2,,,,,,,,,,,,,,,,,,,,,,,,,,,,,,,,,,,,,,,,,,,
Faitalpro,4FE32,16,100,0.8,1.02,3.84,1.699010796,12.3,0.1,48,4,,0.63,,,1.83,,,,,,,,,30,,4,,,,,101.6,,,,,,,,,,,,,,,,,,,,,,,,,,,,,,,,,,,,,,,,,,,
Faitalpro,4FE32,4,100,0.5,0.6,3.5,2.265347727,3.7,0.11,48,3.8,,0.6,,,1.73,,,,,,,,,30,,4,,,,,101.6,,,,,,,,,,,,,,,,,,,,,,,,,,,,,,,,,,,,,,,,,,,
Faitalpro,4FE32,8,100,0.6,0.7,4.9,1.982179261,7,0.18,48,4.2,,0.6,,,2.73,,,,,,,,,30,,4,,,,,101.6,,,,,,,,,,,,,,,,,,,,,,,,,,,,,,,,,,,,,,,,,,,
Faitalpro,4FE35,16,100,1.16,1.67,3.84,1.982179261,12.3,0.1,48,4,,0.64,,,1.83,,,,,,,,,30,,4,,,,,101.6,,,,,,,,,,,,,,,,,,,,,,,,,,,,,,,,,,,,,,,,,,,
Faitalpro,4FE35,4,100,0.73,0.9,3.94,1.982179261,3.3,0.04,48,3.9,,0.65,,,1.73,,,,,,,,,30,,4,,,,,101.6,,,,,,,,,,,,,,,,,,,,,,,,,,,,,,,,,,,,,,,,,,,
Faitalpro,4FE35,8,100,0.84,1.04,4.2,1.982179261,6.5,0.1,48,3.9,,0.65,,,2.73,,,,,,,,,30,,4,,,,,101.6,,,,,,,,,,,,,,,,,,,,,,,,,,,,,,,,,,,,,,,,,,,
Faitalpro,5FE100,8,65,0.46,0.48,8.18,5.097032387,5.4,0.53,79.8,10.5,,0.57,,6.9,5.25,,,,,,,,,80,,5,,,,,127,,,,,,,,,,,,,,,,,,,,,,,,,,,,,,,,,,,,,,,,,,,
Faitalpro,5FE120,8,65,0.47,0.51,7.35,4.813863921,5.4,0.41,79.8,11,,0.55,,6.9,5.25,,,,,,,,,80,,5,,,,,127,,,,,,,,,,,,,,,,,,,,,,,,,,,,,,,,,,,,,,,,,,,
Faitalpro,6FE100,8,61,0.56,0.6,6,14.158423296,5.4,0.5,143,14,,0.48,,6.8,5.25,,,,,,,,,100,,6,,,,,152.4,,,,,,,,,,,,,,,,,,,,,,,,,,,,,,,,,,,,,,,,,,,
Fostex,FE103A-VB,8,82.73,0.41,0.45,4.95,5.65,6.63,0.11,50.3,2.31,,1.6,0.24,4.23,,,,,,,,,90.6,,,,,,,,,,,,,,,,,,,,,,,,,,,,,,,,,,,,,,,,,,,,,,,,,,,
Fostex,FE103EN,8,83,0.33,0.377,2.747,5.95,7.5,0.0398,50,2.55,,,,,0.6,,,,,,,,,,,,,,,,,,,,,,,,,,,,,,,,,,,,,,,,,,,,,,,,,,,,,,,,,,,
Fostex,FE103NV,8,91.8,0.46,0.5,5.2,4.3,7.7,0.2,,2.5,,1.2,,4.7,,,,,,,,,,,,,,,,,,,,,,,,,,,,,,,,,,,,,,,,,,,,,,,,,,,,,,,,,,,,
Fostex,FE103NV2,8,91.8,0.46,0.5,5.2,4.3,7.7,0.2,25.12,2.5,,1.2,,4.7,,,,,,,,,88.5,,15,,,,,,,,,,47.8,,92,,,,,,,20,,,,,,,,107,,,,,,,,,,,,,,,,,,,,,,
Fostex,FE108-Sol,8,70,0.34,0.38,3.28,5.36,6.6,0.035,50,2.9,,1.5,,4.95,0.9,,,,,,,,,,,,,,,,,,,,,,,,,,,,,20,,,,,,,,,,,,,,,,,,,,,,,,,,,,,,
Fostex,fe108ez,8,77,0.3,0.32,7.79,5.7,6.8,0.038,50,2.7,,1.59,,,0.28,,,,,,0.78,,,,,,,,,,,,,,,,,,,,,,,,,,,,,,,,,,,,,,,,,,,,,,,,,,,,,
Fostex,FE108NS,8,75,0.32,0.35,3.11,5.73,7.4,0.03,,2.66,,1.69,,5.13,,,,,,,,,,,,,,,,,,,,,,,,,,,,,,,,,,,,,,,,,,,,,,,,,,,,,,,,,,,,
Fostex,FE126EN,8,83,0.3,0.33,4.8,8.5,7.2,0.035,65,2.8,,,,,0.35,,,,,,,,,,,,,,,,,,,,,,,,,,,,,,,,,,,,,,,,,,,,,,,,,,,,,,,,,,,
Fostex,FE126NV2,8,79.1,0.34,0.37,3.51,8.5,7.1,0.2,28.88,3,,1.4,,5.3,,,,,,,,,92,,45,,,,,,,,,,61,,102,,,,,,,20,,,,,,,,117,,,,,,,,,,,,,,,,,,,,,,
Fostex,FE166EN,8,53,0.25,0.266,3.426,37.02,7.2,0.052,133,6.8,,,,,1,,,,,,,,,,,,,,,,,,,,,,,,,,,,,,,,,,,,,,,,,,,,,,,,,,,,,,,,,,,
Fostex,FE166NV,,49.6,0.27,,7.88,36.9,7.8,0.8,,,,1.5,,,,,,,,,,,,,,,,,,,,,,,,,,,,,,,,,,,,,,,,,,,,,,,,,,,,,,,,,,,,,,
Fostex,FE166NV2,8,49,0.27,0.28,7.88,36.9,7.8,0.8,40.82,7,,1.5,,7.7,,,,,,,,,94,,65,,,,,,,,,,77,,143,,,,,,,25,,,,,,,,166,,,,,,,,,,,,,,,,,,,,,,
Fostex,FE168EZ,8,51,0.26,0.27,5.328,23.7,6.8,0.056,113,8.7,,1.278,,,1.6,,,,,,0.9,,,,,,,,,,,,,,,,,,,,,,,,,,,,,,,,,,,,,,,,,,,,,,,,,,,,,
Fostex,FE168NS,8,60,0.39,0.4,7.3,19.5,7.1,0.18,,8.5,,0.83,,7.4,2.2,,,,,,,,,,,,,,,,,,,,,,,,,,,,,,,,,,,,,,,,,,,,,,,,,,,,,,,,,,,
Fostex,FE203Σ-RE,8,54,0.23,0.23,8.51,37.81,7.2,0.29,,14.01,,0.63,,12.11,,,,,,,,,,,,,,,,,,,,,,,,,,,,,,,,,,,,,,,,,,,,,,,,,,,,,,,,,,,,
Fostex,FE206EN,8,45,0.19,0.194,4.57,70.99,6.8,0.0525,206,12.2,,,,,0.8,,,,,,,,,,,,,,,,,,,,,,,,,,,,,,,,,,,,,,,,,,,,,,,,,,,,,,,,,,,
Fostex,FE206NV,,44.7,0.26,,7.25,50.2,7.2,,,,,0.8,,,,,,,,,,,,,,,,,,,,,,,,,,,,,,,,,,,,,,,,,,,,,,,,,,,,,,,,,,,,,,
Fostex,FE206NV2,8,44.7,0.26,0.27,7.25,50.2,7.2,0.1,50.86,15.2,,0.8,,10.7,,,,,,,,,96,,90,,,,,,,,,,89,,182,,,,,,,35,,,,,,,,208,,,,,,,,,,,,,,,,,,,,,,
Fostex,FE208EZ,8,42,0.18,0.19,6.191,60.1,6.4,0.0517,201,13.3,,1.069,,,1.25,,,,,,2.278,,,,,,,,,,,,,,,,,,,,,,,,,,,,,,,,,,,,,,,,,,,,,,,,,,,,,
Fostex,FE208NS,8,45,0.22,0.22,6.87,54.57,6.6,0.19,,14.07,,0.91,,10.79,,,,,,,,,,,,,,,,,,,,,,,,,,,,,,,,,,,,,,,,,,,,,,,,,,,,,,,,,,,,
Fostex,FE83-SOL,,,,,,,,,,,,,,,,,,,,,,,,,,,,,,,,,,,,,,,,,,,,,,,,,,,,,,,,,,,,,,,,,,,,,,,,,,
Fostex,FE83A-VB,8,96.3,0.5,0.59,3.32,2.08,6.9,0.08,30.2,1.67,,1.63,0.31,3.3,,,,,,,,,87,,,,,,,,,,,,,,,,,,,,,,,,,,,,,,,,,,,,,,,,,,,,,,,,,,,
Fostex,FE83EN,8,165,0.84,1.057,4.06,0.7,7.5,0.0267,28.3,1.53,,,,,0.15,,,,,,,,,,,,,,,,,,,,,,,,,,,,,,,,,,,,,,,,,,,,,,,,,,,,,,,,,,,
Fostex,FE83NV,8,149.7,0.78,0.96,4.21,0.9,7.1,0.1,30,1.4,,0.8,,3.2,,,,,,,,,87.5,,15,,,,,,,,,,46,,70,,,,,,,16,,,,,,,,83,,,,,,,,,,,,,,,,,,,,,,
Fostex,FE83NV2,8,149.7,0.78,0.96,4.21,0.9,7.1,0.1,,1.4,,0.8,,3.2,,,,,,,,,,,,,,,,,,,,,,,,,,,,,,,,,,,,,,,,,,,,,,,,,,,,,,,,,,,,
Fostex,FE88-SOL,8,105.5,0.45,0.51,3.91,2,7,0.06,37,2.2,,1.04,,4.47,1.1,,,,,,,,,,,,,,,,,,,,,,,,,,,,,,,,,,,,,,,,,,,,,,,,,,,,,,,,,,,
Fostex,FF105WK,8,75,0.41,0.463,4.203,4.848,6.7,0.041,50,3.4,,1.346,,4.823,1.7,,,,,,0.42,,88,,30,,,,,,100,107,,,52.8,,93,,,,,,,20,,,,80,,,,107,,,,,,,,,,,,,,,,,,,,,,
Fostex,FF125WK,8,67,0.42,0.464,5.091,7.265,6.7,0.044,66,5,,1.153,,5.596,1.65,,,,,,0.451,,89,,50,,,,,,120,117,,,61.3,,104,,,,,,,25,,,,92,,,,120,,,,,,,,,,,,,,,,,,,,,,
Fostex,FF165WK,8,50,0.34,0.373,4.19,27.838,6.5,0.056,132,9.5,,1.068,,7.227,1.85,,,,,,0.908,,92,,90,,,,,,160,166,,,76.6,,146,,,,,,,35,,,,130,,,,166,,,,,,,,,,,,,,,,,,,,,,
Fostex,FF225WK,8,44,0.35,0.409,2.31,57.898,6,0.068,220,18.4,,0.826,,8.488,2.25,,,,,,0.995,,93,,100,,,,,,200,208,,,91.7,,185,,,,,,,50,,,,168,,,,208,,,,,,,,,,,,,,,,,,,,,,
Fostex,FF85WK,8,115,0.55,0.683,3.298,1.036,7.2,0.032,28,2,,0.909,,3.93,0.35,,,,,,0.246,,86.5,,15,,,,,,80,83,,,46.7,,73,,,,,,15,16,,,,60,,,,83,,,,,,,,,,,,,,,,,,,,,,
Fostex,FT17H,8,2600,,,,,,,,,,,,,,,,,,,,,98.5,,30,,,,,,,,,,49.5,,62.5,,,,,,,,,,,,,,,87,,,,,,,,,,,,,,,,,,,,,,
Fostex,FT207D,8,,,,,,,,,,,,,,,,,,,,,,,,,,,,,,,,,,,,,,,,,,,,,,,,,,,,,,,,,,,,,,,,,,,,,,,,,
Fostex,FT28D,8,850,,,,,,,,,,,,,,,,,,,,,90,,40,,,,,,,,,,32.8,,70,,,,,,,,,,,,,,,78,90,,,,,,,,,,,,,,,,,,,,,
Fostex,FT96H,8,,,,,,,,,,,,,,,,,,,,,,,,,,,,,,,,,,,,,,,,,,,,,,,,,,,,,,,,,,,,,,,,,,,,,,,,,
Fostex,FW108HS,8,65,0.46,0.488,8.778,3.6,7.2,0.48,50,6,,,,5.98,1.55,,,,,,,,,,,,,,,,,,,,,,,,,,,,,,,,,,,,,,,,,,,,,,,,,,,,,,,,,,,
Fostex,FW168HS,8,42,0.34,0.346,13.8,14.31,5.9,0.47,132.7,25,,,,10.56,4,,,,,,,,,,,,,,,,,,,,,,,,,,,,,,,,,,,,,,,,,,,,,,,,,,,,,,,,,,,
Fostex,FW168N,8,40,0.16,0.17,15.67,14.25,5.9,,,,,,,,0.5,,,,,,,,,,,,,,,,,,,,,,,,,,,,,,,,,,,,,,,,,,,,,,,,,,,,,,,,,,,
Fostex,FW208HS,8,32,0.4,0.416,12.927,42.69,6.5,0.427,206,37,,1005,,10.565,8.8,,,,,,,,,,,,,,,,,,,,,,,,,,,,,,,,,,,,,,,,,,,,,,,,,,,,,,,,,,,
Fostex,FW208N,8,29,0.2,0.21,13.2,43.4,5.8,,,40,,,,,6.5,,,,,,,,,,,,,,,,,,,,,,,,,,,,,,,,,,,,,,,,,,,,,,,,,,,,,,,,,,,
Fostex,fw305,8,25,0.25,0.28,2.73,254,6.6,,,55,,,,,4.8,,,,,,,,95,,40,,,,,,,,,,120.5,,278,,,,,,,,,,,,,,,315,,,,,,,,,,,,,,,,,,,,,,
Fostex,FW405N,8,27,0.45,0.478,6.76,392.5,6.89,0.64,890,100.8,,0.344,,,7.9,,,,,,,,,,,,,,,,,,,,,,,,,,,,,,,,,,,,,,,,,,,,,,,,,,,,,,,,,,,
Fostex,fw800hs,8,,0.69,0.71,19.22,1.473,6.6,0.163,4015,629,,0.0644,,,2.3,,,,,,2.87,,,,,,,,,,,,,,,,,,,,,,,,,,,,,,,,,,,,,,,,,,,,,,,,,,,,,
Fostex,P650K,,,,,,,,,,,,,,,,,,,,,,,,,,,,,,,,,,,,,,,,,,,,,,,,,,,,,,,,,,,,,,,,,,,,,,,,,,
Fostex,P800K,,,,,,,,,,,,,,,,,,,,,,,,,,,,,,,,,,,,,,,,,,,,,,,,,,,,,,,,,,,,,,,,,,,,,,,,,,
Fostex,PT20K,,,,,,,,,,,,,,,,,,,,,,,,,,,,,,,,,,,,,,,,,,,,,,,,,,,,,,,,,,,,,,,,,,,,,,,,,,
Fostex,PW80K,,,,,,,,,,,,,,,,,,,,,,,,,,,,,,,,,,,,,,,,,,,,,,,,,,,,,,,,,,,,,,,,,,,,,,,,,,
Fostex,t250d,8,,,,,,,,,,,,,,,,,,,,,,,,,,,,,,,,,,,,,,,,,,,,,,,,,,,,,,,,,,,,,,,,,,,,,,,,,
Fostex,T360FD,4,,,,,,,,,,,,,,,,,,,,,,,,,,,,,,,,,,,,,,,,,,,,,,,,,,,,,,,,,,,,,,,,,,,,,,,,,
Fostex,T500A-MKIII,8,,,,,,,,,,,,,,,,,,,,,,104,,15,,,,,,,,,,138.6,,90,,,,,,,,,,,,,,,90,,,,,,,,,,,,,,,,,,,,,,
Fostex,T900A,8,3600,,,,,,,,,,,,,,,,,,,,,106,,60,,,,,,,,,,98.3,,82,,,,,,,,,,,,,,,82,,,,,,,,,,,,,,,,,,,,,,
Fostex,T90A,8,3600,,,,,,,,,,,,,,,,,,,,,106,,50,,,,,,,,,,87.8,,60,,,,,,,,,,,,,,,60,,,,,,,,,,,,,,,,,,,,,,
Fostex,T925A,8,3500,,,,,,,,,,,,,,,,,,,,,108,,50,,,,,,,,,,108,,82,,,,,,,,,,,,,,,82,,,,,,,,,,,,,,,,,,,,,,
Fostex,T96A,,,,,,,,,,,,,,,,,,,,,,,,,,,,,,,,,,,,,,,,,,,,,,,,,,,,,,,,,,,,,,,,,,,,,,,,,,
Fostex,T96A-SA,8,,,,,,,,,,,,,,,,,,,,,,,,,,,,,,,,,,,,,,,,,,,,,,,,,,,,,,,,,,,,,,,,,,,,,,,,,
Fountek,FE85,,,,,,,,,,,,,,,,,,,,,,,,,,,,,,,,,,,,,,,,,,,,,,,,,,,,,,,,,,,,,,,,,,,,,,,,,,
Fountek,FE86,8,86.4,0.535,0.688,2.4,1.53,6.3,,29.2,2.689,,,,3.656,2.25,,,,,,,,83.4,15,,,,,,,80,,,,41,,72,86,,4,,,,20.3,,,,,,,,80,80,,,,,,,,,,,,,,,,,,,,,
Fountek,FE87,8,101,735,939,3381,1.254,6.776,,,,,,,3.1,1,,,,,,,,84,13,,,,84,,,80,,,,,,,,,,,,,25,5,,,,,,,79,79,52.7,,,,,,,,,,,,,,,,,,,,
Fountek,FM135D-II,8,73,0.28,0.69,1.84,6.47,6.3,,,,,,,,,,,,,,,,89,30,,,,,89,,,150,,,,,,,,,,,,,,,,,,,,,,,,,,,,,,,,,,,,,,,,,,
Fountek,FR58C,8,154,1.18,2.38,2.36,0.49,6.35,,,,,,,,,,,,,,,,80.7,5,,,,,80.7,,,,,,,,,,,,,,,,,,,,,,,61,,,,,,,,,,,,,,,,,,,,,,
Fountek,FR58EX,8,134,0.54,0.67,2.6,0.31,6.4,,,,,,,,,,,,,,,,82.3,15,,,,,82.3,,,,,,,,,,,,,,,,,,,,,,,,,,,,,,,,,,,,,,,,,,,,,
Fountek,FR58EX,8,,,,,,,,,,,,,,2.9,,,,,,,,82,15,,,,,,,80,,,,,,,,,,,,,,,,,,,,,,,,,,,,,,,,,,,,,,,,,,,
Fountek,FR59EXE,4,139,0.48,0.67,1.71,0.36,3.9,,,,,,,,,,,,,,,,85.6,10,,,,,85.6,,,74,,,,,,,,,,,,,,,,,,,,,,,,,,,,,,,,,,,,,,,,,,
Fountek,FR89EX-8,,97,0.51,0.57,4.88,1.4,,,,,,,,,,,,,,,,,85.3,15,,,,,85.3,,,88.4,,,,,,,,,,,,,,,,,,,,,,,,,,,,,,,,,,,,,,,,,,
Fountek,FW100B,8,77,0.62,0.78,3.08,2.12,6.2,,,,,,,,,,,,,,,,84,35,,,,,84,,,,,,,,,,,,,,,,,,,,,,,,,,,,,,,,,,,,,,,,,,,,,
Fountek,FW168,8,45,0.39,0.45,3.24,16.5,7.2,,,,,,,,,,,,,,,,87.3,50,,,,,87.3,,,168,,,,,,,,,,,,,,,,,,,,,,,,,,,,,,,,,,,,,,,,,,
Fountek,FW168K,8,48.6,0.42,0.52,2.31,15.1,6.8,,,,,,,,,,,,,,,,87.1,50,,,,,87.1,,,182,,,,,,,,,,,,,,,,,,,,,,,,,,,,,,,,,,,,,,,,,,
Fountek,FW168K,8,48.6,0.427,0.524,2.319,15.1,6.8,,124.69,15.673,,0.684,,7.896,5,,,,,,,,87,50,,,,,,,165,182,,,86.5,,151.5,169.5,,6,,,,35.5,15,,,,,,,,,,,,,,,,,,,,,,,,,,,,,
Fountek,FW322,8,40.1,0.461,0.509,4.893,53,6.8,,514.7,111.632,,0.141,,19.5,8,,,,,,,,90,300,,,,,,,304.8,317,,,151.5,,284,300,,8,,,,75,,,,,,,,,,,,,,,,,,,,,,,,,,,,,,
Fountek,FW322/4,4,41.8,0.35,0.42,2.21,40.6,3.4,,,,,,,,,,,,,,,,90.3,300,,,,,90.3,,,317,,,,,,,,,,,,,,,,,,,,,,,,,,,,,,,,,,,,,,,,,,
Fountek,FW322/8,8,40.1,0.46,0.5,4.89,53,6.8,,,,,,,,,,,,,,,,90.2,300,,,,,90.2,,,317,,,,,,,,,,,,,,,,,,,,,,,,,,,,,,,,,,,,,,,,,,
Fountek,Neo CD3.5H,7,,,,,,,,,,,,,,,,,,,,,,95.5,12,,,,,95.5,,,,,,,,,,,,,,,,,,,,,60,9,,,,,,,,,,,,,,,,,,,,,,,
Fountek,Neo-X-2.0,8,,,,,,,,,,,,,,,,,,,,,,94,25,,,,,,,60,,,,,,,,,,,,,,,,13,,,,,,,,,,,,,,,,,,,,,,,,,,,
Fountek,neocd1.0,5,,,,,,,,,,,,,,,,,,,,,,90,,12,,,,,,,,,,,,,,,,,,,,,,,,,,,,,,,,,,,,,,,,,,,,,,,,,
Fountek,NeoCD1.0,5,,,,,,,,,,,,,,,,,,,,,,90,12,,,,,90,,,100,,,,,,,,,,,,,,,,,,38,8,,,,,,,,,,,,,,,,,,,,,,,
Fountek,NeoCD2.0-B,7,,,,,,,,,,,,,,,,,,,,,,97,20,,,,,97,,,,,,,,,,,,,,,,,,,,,120,8,,,,,,,,,,,,,,,,,,,,,,,
Fountek,neocd2.0m-blk,7,,,,,,,,,,,,,,,,,,,,,,,,,,,,,,,,,,,,,,,,,,,,,,,,,,,,,,,,,,,,,,,,,,,,,,,,,
Fountek,NeoCD3.0,7,400,,,,,,,,,,,,,,,,,,,,,95,17,,,,,,,60,,,,,,,,,,,,,,,,3,,,,,,,,,,,,,,,,,,,,,,,,,,,
Fountek,NeoCD3.0-B,7,,,,,,,,,,,,,,,,,,,,,,93,17,,,,,93,,,110,,,,,,,,,,,,,,,,,,60,8,,,,,,,,,,,,,,,,,,,,,,,
Fountek,neocd3.0m-blk,7,400,,,,,,,,,,,,,,,,,,,,,,,,,,,,,,,,,,,,,,,,,,,,,,,,,,,,,,,,,,,,,,,,,,,,,,,,
Fountek,neocd3.5h,7,,,,,,0.02,,,,,,,,,,,,,,,,95.5,12,,,,95.5,,,60,,,,100.1,,,,,,,,,,,,,,,,,110,98,,86.1,68.6,,,,,,,,,,,,,,,,,,
Fountek,Neopro10i,9,,,,,,,,,,,,,,,,,,,,,,102,80,,,,,102,,,,,,,,,,,,,,,,,,,,,255,14,,,,,,,,,,,,,,,,,,,,,,,
Fountek,Neopro5i,7,,,,,,,,,,,,,,,,,,,,,,100,60,,,,,100,,,,,,,,,,,,,,,,,,,,,145,15,,,,,,,,,,,,,,,,,,,,,,,
Fountek,NEOPRO6I,7,,,,,,,,17.98,,,,,,,,,,,,,,97,80,,,,,,,,,,,,,,,,,,,,,,,,,,,,,,,,,,,,,,,,,,,,,,,,,,
Fountek,NEOS1.0,6,,,,,,,,6,,,,,,,,,,,,,,92,17,,,,,,,,,,,,,,,,,,,,,,,,,,,,,,,,,,,,,,,,,,,,,,,,,,
Fountek,NeoX1.0-B,8,,,,,,,,,,,,,,,,,,,,,,92,20,,,,,92,,,,,,,,,,,,,,,,,,,,,12,45,,,,,,,,,,,,,,,,,,,,,,,
Fountek,NeoX2.0-B,8,,,,,,,,,,,,,,,,,,,,,,94,25,,,,,94,,,,,,,,,,,,,,,,,,,,,12,60,,,,,,,,,,,,,,,,,,,,,,,
Fountek,NeoX3.0 black,8,,,,,,0.02,,,,,,,,,,,,,,,,,,,,,,,,,,,,78.994,,,,,,,,,,,,,,,,,62.738,144.018,,50.8,125.984,,,,,,,,,,,,,,,,,,
Fountek,NeoX3.0-B,8,,,,,,,,,,,,,,,,,,,,,,95,30,,,,,95,,,,,,,,,,,,,,,,,,,,,12,80,,,,,,,,,,,,,,,,,,,,,,,
Fountek,RD1.0,8,,,,,,,,,,,,,,,,,,,,,,93,12,,,,,93,,,90,,,,,,,,,,,,,,,,,,8,40,,,,,,,,,,,,,,,,,,,,,,,
Fountek,X3.0,8,,,,,,,,,,,,,,,,,,,,,,95,30,,,,,,,,,,,,,,,,,,,,,,,,,,,,,,,,,,,,,,,,,,,,,,,,,,
Goldwood,GW-1038,8,33.7,1.1,1.5,4.4,90.330740628,7.2,0.6,355.4,43.7,,0.51,,6.8,2.5,,,,,,,,,130,,10,,,,,254,,,,,,,,,,,,,,,,,,,,,,,,,,,,,,,,,,,,,,,,,,,
Goldwood,GW-10PC-4,4,43.1,0.4,0.45,4.25,32.564373581,3.8,1.4,344.9,69.7,,0.2,,12.71,5,,,,,,,,,200,,10,,,,,254,,,,,,,,,,,,,,,,,,,,,,,,,,,,,,,,,,,,,,,,,,,
Goldwood,GW-10PC-8,8,47.89,0.47,0.53,4.85,31.148531251,7.23,1.86,344.9,57.76,,0.19,,15.47,5,,,,,,,,,140,,10,,,,,254,,,,,,,,,,,,,,,,,,,,,,,,,,,,,,,,,,,,,,,,,,,
Goldwood,GW-1244,4,29.7,0.68,0.86,3.3,119.497092618,3.6,0.6,525.9,93.2,,0.31,,8.48,3,,,,,,,,,150,,12,,,,,304.8,,,,,,,,,,,,,,,,,,,,,,,,,,,,,,,,,,,,,,,,,,,
Goldwood,GW-1248,8,33.3,1,1.3,3.3,103.639658527,7.1,0.6,525.9,88.2,,0.26,,10,3,,,,,,,,,150,,12,,,,,304.8,,,,,,,,,,,,,,,,,,,,,,,,,,,,,,,,,,,,,,,,,,,
Goldwood,GW-12PC-4,4,32.9,0.39,0.44,3.9,73.340632673,3.7,1.7,487.89,106.6,,0.22,,13.61,5,,,,,,,,,225,,12,,,,,304.8,,,,,,,,,,,,,,,,,,,,,,,,,,,,,,,,,,,,,,,,,,,
Goldwood,GW-12PC-8,8,33,0.49,0.56,3.83,85.233708242,7.1,2.1,494.02,93.1,,0.25,,15.7,5,,,,,,,,,225,,12,,,,,304.8,,,,,,,,,,,,,,,,,,,,,,,,,,,,,,,,,,,,,,,,,,,
Goldwood,GW-15PC-8,8,32.9,0.47,0.55,3.59,152.910971597,7.1,2.49,823.72,151.8,,0.15,,20.2,6,,,,,,,,,275,,15,,,,,381,,,,,,,,,,,,,,,,,,,,,,,,,,,,,,,,,,,,,,,,,,,
Goldwood,GW-204/4S,4,139.8,1.69,2.2,7.19,1.132673864,3.7,0.1,53.52,5.2,,0.24,,2.84,1.5,,,,,,,,,40,,,,,,,,,,,,,,,,,,,,,,,,,,,,,,,,,,,,,,,,,,,,,,,,,,
Goldwood,GW-204/8S,8,136.9,1.56,2.02,6.82,1.132673864,7.3,0.2,53.52,4.9,,0.28,,3.9,1.5,,,,,,,,,40,,,,,,,,,,,,,,,,,,,,,,,,,,,,,,,,,,,,,,,,,,,,,,,,,,
Goldwood,GW-205/4S,4,83.1,0.68,0.87,3.18,5.380200852,3.6,0.2,96.77,9.1,,0.4,,4.44,2,,,,,,,,,70,,,,,,,,,,,,,,,,,,,,,,,,,,,,,,,,,,,,,,,,,,,,,,,,,,
Goldwood,GW-205/8S,8,86.1,0.82,1.1,3.18,5.097032387,7.1,0.4,96.77,9,,0.38,,5.62,2,,,,,,,,,70,,,,,,,,,,,,,,,,,,,,,,,,,,,,,,,,,,,,,,,,,,,,,,,,,,
Goldwood,GW-206/4,4,58.9,0.61,0.73,3.84,13.308917898,3.7,0.4,136.35,14.4,,0.51,,5.19,3.5,,,,,,,,,90,,,,,,,,,,,,,,,,,,,,,,,,,,,,,,,,,,,,,,,,,,,,,,,,,,
Goldwood,GW-206/8,8,64.6,0.75,0.75,3.39,11.043570171,7.1,0.5,136.35,14.2,,0.43,,6.5,2.5,,,,,,,,,90,,,,,,,,,,,,,,,,,,,,,,,,,,,,,,,,,,,,,,,,,,,,,,,,,,
Goldwood,GW-208/4,4,51.5,0.7,0.85,4.11,22.93664574,3.7,0.4,205.9,24.9,,0.38,,5.93,3.5,,,,,,,,,100,,8,,,,,203.2,,,,,,,,,,,,,,,,,,,,,,,,,,,,,,,,,,,,,,,,,,,
Goldwood,GW-208/8,8,56.1,0.86,1.09,3.96,22.93664574,7.3,0.6,205.9,21,,0.38,,7.01,3.5,,,,,,,,,100,,8,,,,,203.2,,,,,,,,,,,,,,,,,,,,,,,,,,,,,,,,,,,,,,,,,,,
Goldwood,GW-210/4,4,41.8,1.07,1.32,5.54,64.279241764,3.8,0.4,344.9,37.7,,0.38,,5.31,3.5,,,,,,,,,110,,10,,,,,254,,,,,,,,,,,,,,,,,,,,,,,,,,,,,,,,,,,,,,,,,,,
Goldwood,GW-210/8,8,41,1.19,1.61,4.59,59.748546309,7.1,0.5,344.9,42.1,,0.36,,6.95,3.5,,,,,,,,,110,,10,,,,,254,,,,,,,,,,,,,,,,,,,,,,,,,,,,,,,,,,,,,,,,,,,
Goldwood,GW-212/4,4,35.8,1.2,1.5,6.07,166.503057961,3.6,0.5,519.47,45,,0.44,,4.94,3.5,,,,,,,,,120,,12,,,,,304.8,,,,,,,,,,,,,,,,,,,,,,,,,,,,,,,,,,,,,,,,,,,
Goldwood,GW-212/8,8,38.8,1.44,1.98,5.27,101.657479265,7,0.6,525.9,64.4,,0.26,,7.47,2.5,,,,,,,,,120,,12,,,,,304.8,,,,,,,,,,,,,,,,,,,,,,,,,,,,,,,,,,,,,,,,,,,
Goldwood,GW-215/40/8,8,30.53,1.09,1.38,5.15,261.081325578,7.15,0.84,823.4,99,,0.27,,9.93,3.5,,,,,,,,,150,,15,,,,,381,,,,,,,,,,,,,,,,,,,,,,,,,,,,,,,,,,,,,,,,,,,
Goldwood,GW-215/8,8,29.5,1.95,2.69,7.09,366.4199949,7.1,0.9,823.42,75.7,,0.38,,6.09,3.5,,,,,,,,,135,,15,,,,,381,,,,,,,,,,,,,,,,,,,,,,,,,,,,,,,,,,,,,,,,,,,
Goldwood,GW-4028/S,8,83.1,0.7,1,2.4,1.982179261,7.1,0.4,49.5,6,,0.61,,4.8,1.5,,,,,,,,,40,,4,,,,,101.6,,,,,,,,,,,,,,,,,,,,,,,,,,,,,,,,,,,,,,,,,,,
Goldwood,GW-5028/S,8,80.1,0.9,1.2,3.9,4.247526989,7.1,0.4,83.65,9,,0.43,,5.3,2,,,,,,,,,70,,,,,,,,,,,,,,,,,,,,,,,,,,,,,,,,,,,,,,,,,,,,,,,,,,
Goldwood,GW-6024,4,53.7,0.57,0.71,3.05,11.893075569,3.6,0.4,136.35,19.1,,0.46,,5.72,2.5,,,,,,,,,90,,,,,,,,,,,,,,,,,,,,,,,,,,,,,,,,,,,,,,,,,,,,,,,,,,
Goldwood,GW-6028,8,58.1,0.9,1.2,3.5,11.609907103,7.3,0.5,136.35,16,,0.47,,6.1,2.5,,,,,,,,,90,,,,,,,,,,,,,,,,,,,,,,,,,,,,,,,,,,,,,,,,,,,,,,,,,,
Goldwood,GW-8024,4,44.1,0.73,0.93,3.42,30.582194319,3.7,0.4,218.2,28.5,,0.46,,5.61,2.5,,,,,,,,,100,,8,,,,,203.2,,,,,,,,,,,,,,,,,,,,,,,,,,,,,,,,,,,,,,,,,,,
Goldwood,GW-8028,8,36,0.92,1.21,3.9,43.607943752,7.2,0.5,218.2,26.9,,0.73,,6,2.5,,,,,,,,,100,,8,,,,,203.2,,,,,,,,,,,,,,,,,,,,,,,,,,,,,,,,,,,,,,,,,,,
Goldwood,GW-8PC-30-4,4,44.2,0.45,0.49,5.98,21.237634944,3.7,1.2,205.9,36.3,,0.36,,8.73,3.5,,,,,,,,,160,,8,,,,,203.2,,,,,,,,,,,,,,,,,,,,,,,,,,,,,,,,,,,,,,,,,,,
Goldwood,GW-8PC-30-8,8,55,0.56,0.62,5.89,14.441591762,7.24,0.98,205.9,34.26,,0.24,,11.78,4.5,,,,,,,,,160,,8,,,,,203.2,,,,,,,,,,,,,,,,,,,,,,,,,,,,,,,,,,,,,,,,,,,
Goldwood,GW-S525/4,4,72.9,0.88,1.15,3.79,4.247526989,3.6,0.3,82.29,10.5,,0.45,,3.9,2,,,,,,,,,70,,,,,,,,,,,,,,,,,,,,,,,,,,,,,,,,,,,,,,,,,,,,,,,,,,
Goldwood,GW-S525/8,8,81.1,0.84,1.18,2.87,3.681190057,7,0.4,82.29,9.7,,0.4,,5.41,2,,,,,,,,,70,,,,,,,,,,,,,,,,,,,,,,,,,,,,,,,,,,,,,,,,,,,,,,,,,,
Goldwood,GW-S650/4,4,55,0.71,0.87,3.79,15.574265626,3.7,0.3,139.7,14.6,,0.57,,4.61,2.5,,,,,,,,,80,,,,,,,,,,,,,,,,,,,,,,,,,,,,,,,,,,,,,,,,,,,,,,,,,,
Goldwood,GW-S650/8,8,56.2,0.83,1.09,3.49,13.025749432,7,0.4,139.7,16.8,,0.48,,6.17,2.5,,,,,,,,,85,,,,,,,,,,,,,,,,,,,,,,,,,,,,,,,,,,,,,,,,,,,,,,,,,,
Gradient,MDS 05 4 OHM - Kevlar,4,58,,,,,3.3,0.43,85,10.5,,,,,,,,,,,,,87,,100,,,,,,,,,,77,,121,,,,,,,25,,,,,,,,150,,,,,,,,,,,,,,,,,,,,,,
Grs,10PF-8,8,45,1.21,1.57,5.3,58.899040911,7.2,1.2,344.7,35.7,,0.35,,6.8,3,,,,,,,,,110,,10,,,,,254,,,,,,,,,,,,,,,,,,,,,,,,,,,,,,,,,,,,,,,,,,,
Grs,10PR-8,8,40,0.97,1.32,3.68,57.200030116,7.3,1.1,345.1,45.7,,0.34,,8,3,,,,,,,,,80,,10,,,,,254,,,,,,,,,,,,,,,,,,,,,,,,,,,,,,,,,,,,,,,,,,,
Grs,10SFPC-B,8,35.5,0.66,0.85,3,94.011930685,5.8,0.72,353.4,38.2,,0.53,,7.7,4.3,,,,,,,,,75,,10,,,,,254,,,,,,,,,,,,,,,,,,,,,,,,,,,,,,,,,,,,,,,,,,,
Grs,10SFPC-W,8,34.1,0.67,0.9,2.92,82.685192049,5.9,0.68,353.9,,,,,,4.3,,,,,,,,,75,,10,,,,,254,,,,,,,,,,,,,,,,,,,,,,,,,,,,,,,,,,,,,,,,,,,
Grs,10SW-4HE,4,25,0.5,,4,60.59805170688,3.8,3,346.4,110.7,,0.36,,10.8,11,,,,,,,,,,,,,,,,254,256.794,,,130.81,,233.172,,,8,,,,50.8,,,,,,,,,,,,,,,,,,,,,,,,,,,,,,
Grs,12PF-8,8,38,1.93,2.76,6.49,112.41788097,7.4,1.2,524.3,61.8,,0.29,,6.3,3.5,,,,,,,,,120,,12,,,,,304.8,,,,,,,,,,,,,,,,,,,,,,,,,,,,,,,,,,,,,,,,,,,
Grs,12PR-8,8,30,1.06,1.58,3.18,112.701049436,7.2,1.4,,100,,0.29,,9.2,3.5,,,,,,,,,100,,12,,,,,304.8,,,,,,,,,,,,,,,,,,,,,,,,,,,,,,,,,,,,,,,,,,,
Grs,12SFPC-B,8,36,0.83,1.04,4.11,166.219889495,5.9,0.4,500,40.9,,0.47,,7.3,4.3,,,,,,,,,80,,12,,,,,304.8,,,,,,,,,,,,,,,,,,,,,,,,,,,,,,,,,,,,,,,,,,,
Grs,12SFPC-W,8,31.2,0.7,0.89,3.41,154.326813926,5.8,0.71,487.9,57,,0.457,,8.6,4.3,,,,,,,,,80,,12,,,,,304.8,,,,,,,,,,,,,,,,,,,,,,,,,,,,,,,,,,,,,,,,,,,
Grs,12SW-4,4,32,0.98,1.27,4.51,69.2,3.7,1.1,,124.6,,,,,8.5,,426,,,,,,,,,,,,,,304.8,311,,,147,,289,294,6,8,,,,51,,,,,,,,,,,,,,,,,,,,,,,,,,,,,,
Grs,12SW-4HE,4,22,0.43,0.48,4.08,80.41984432128,3.9,3.5,507.3,237,,0.22,,16.2,12.5,,,,,,,,,,,,,,,,304.8,307.975,,,160.02,,279.4,,,8,,,,50.8,,,,,,,,,,,,,,,,,,,,,,,,,,,,,,
Grs,15PF-8,8,30,1.43,1.91,5.75,223.986256543,7.3,1.3,825.6,119.3,,0.23,,9.3,4,,,,,,,,,150,,15,,,,,381,,,,,,,,,,,,,,,,,,,,,,,,,,,,,,,,,,,,,,,,,,,
Grs,4PF-8,8,137,1.94,2.9,5.81,1.132673864,6.8,0.5,55.2,4.8,,0.28,,3.1,1.5,,,,,,,,,40,,4,,,,,101.6,,,,,,,,,,,,,,,,,,,,,,,,,,,,,,,,,,,,,,,,,,,
Grs,5PF-8,8,162,2.04,3.09,5.96,1.41584233,7.3,0.5,75.2,6.1,,0.16,,3.8,2.5,,,,,,,,,90,,,,,,,,,,,,,,,,,,,,,,,,,,,,,,,,,,,,,,,,,,,,,,,,,,
Grs,6LPSW-4,4,48,1.07,1.35,5.26,7.6,3.7,1,103.8,35.8,,0.31,,5.39,4,,415.2,,,,,,,,,,,,,,165.1,165.2,,,64,,144.5,,4.2,8,,,,38,,,,,,,,,,,,,,,,,,,,,,,,,,,,,,
Grs,6PF-8,8,73,0.79,0.95,4.77,10.760401705,7.1,1.1,140.3,12.3,,0.38,,6.5,3,,,,,,,,,90,,,,,,,,,,,,,,,,,,,,,,,,,,,,,,,,,,,,,,,,,,,,,,,,,,
Grs,6PR-8,8,69,0.87,1.16,3.51,10.477233239,7.1,1.1,140,14.2,,0.38,,6.1,3,,,,,,,,,60,,,,,,,,,,,,,,,,,,,,,,,,,,,,,,,,,,,,,,,,,,,,,,,,,,
Grs,8FR-8,8,45.1,0.56,0.63,4.83,36.99,7.3,1.19,215,22.16,,0.56,,8.52,3,,15,,,,,,,60,,8,,,,,203.2,203.2,,,,,,,,4,,,,38,,,,,,,,,,,,,,,,,,,,,,,,,,,,,,
Grs,8PF-8,8,51,0.93,1.17,4.58,26.901004262,7.59,1.11,215.4,,,0.44,,,3,,,,,,,,,100,,8,,,,,203.2,,,,,,,,,,,,,,,,,,,,,,,,,,,,,,,,,,,,,,,,,,,
Grs,8PR-8,8,52,0.97,1.28,4.08,22.370308808,7.4,1.1,209.8,23.42,,0.36,,6.9,3,,,,,,,,,65,,8,,,,,203.2,,,,,,,,,,,,,,,,,,,,,,,,,,,,,,,,,,,,,,,,,,,
Grs,8SW-4,4,49,0.88,1.19,4.22,26.33466733056,3.86,0.84,,,,,,,6,,,,,,,,,,,,,,,,203.2,209.55,,,100,,183,198,,8,,,,38.1,,,,,,,,,,,,,,,,,,,,,,,,,,,,,,
Grs,8SW-4HE-8,4,24.9,0.45,0.51,4.42,31.71486818304,3.8,2.7,227,93.7,,0.44,,10.5,10.8,,,,,,,,,,,,,,,,203.2,209,,,128,,181,198,5.2,8,,,,50.8,,,,,,,,,,,,,,,,,,,,,,,,,,,,,,
Grs,PRT-8,8,1005,,,,,6.8,0.1,,,,,,,,,,,,,,,,30,,,,,,,,100,,,,,74,,,,,,,,,,,45,,,,,,,,,,,,,,,,,,,,,,,,,,
Grs,PT2522-4,4,,4.46,,4.6,,3.4,0.01,,,,,,,,,,,,,,,,,,,,,,,,,,,9.4,,,,,,,,,,,,,,,,,88.9,67.564,,72.898,58.42,,,,,,,,,,,,,,,,,,
Grs,PT5010-8,8,,1.96,,2.14,,6.8,0.01,,,,,,,,,,,,,,,,,,,,,,,,,,,15.24,,,,,,,,,,,,,,,,,255.016,124.968,,229.87,106.68,,,,,,,,,,,,,,,,,,
Grs,PT6816-8,8,,4.57,,6.19,,6.4,0.02,,,,,,,,,,,,,,,,,,,,,,,,,,,11.938,,,,,,,,,,,,,,,,,200.025,65.024,,175.006,41.91,,,,,,,,,,,,,,,,,,
Grs,PT6825-8,8,,2.06,,,,6.4,0.02,,,,,,,,,,,,,,,,,,,,,,,,,,,9.398,,,,,,,,,,,,,,,,,199.898,88.9,,175.006,66.294,,,,,,,,,,,,,,,,,,
Grs,RSB901-1,1,84.1,0.37,0.43,2.41,6.796043182,0.76,0.08,75.6,4.27,,0.84,,1.91,2.5,,,,,,,,,30,,,,,,,,,,,,,,,,,,,,,,,,,,,,,,,,,,,,,,,,,,,,,,,,,,
Grs,RSRMO-8,8,27.6,0.72,0.83,5.34,266.178357965,7.2,2.6,778,106.7,,0.31,,12.65,2.25,,,,,,,,,125,,15,,,,,381,,,,,,,,,,,,,,,,,,,,,,,,,,,,,,,,,,,,,,,,,,,
Grs,RT1.R-8,8,,,,,,0.2,,,,,,,,,,,,,,,,,,,,,,,,,,,,,,,,,,,,,,,,,,,,,,,,,,,,,,,,,,,,,,,,,,,
Grs,RT2.0-8,8,,,,,,0.2,,,,,,,,,,,,,,,,,,,,,,,,,,,,,,,,,,,,,,,,,,,,,,,,,,,,,,,,,,,,,,,,,,,
Harwood Acoustics,25R,4,1010,3.18,59.6,3.36,,4.2,,,,,,,,,,,,,,,,95,,80,,,,,,,,,,,,,,,,,,,,,,,,,,,109,,,,,,,,,,,,,,,,,,,,,,
Harwood Acoustics,AM20,4,2000,,,,,3.9,,,,,,,,,,,,,,,,92,,60,,,,,,,,,,20,,,,,,,,,,,,,,,,,73,65,,53,55,,,,,,,,,,,,,,,,,,
Harwood Acoustics,AM22,4,1500,,,,,3.8,,,,,,,,,,,,,,,,94,,50,,,,,,,,,,23.5,,,,,,,,,,,,,,,,,85,110,,61,82,,,,,,,,,,,,,,,,,,
Harwood Acoustics,AM24,6,1300,,,,,5.8,,,,,,,,,,,,,,,,92,,60,,,,,,,,,,45,,,,,,,,,,,,,,,,,100,100,,89,75,,,,,,,,,,,,,,,,,,
Harwood Acoustics,AM25,4,1010,3.18,59.6,3.36,,4.2,,,,,,,,,,,,,,,,95,,80,,,,,,,,,,,,,,,,,,,,,,,,,,,74,106,,,,,,,,,,,,,,,,,,,,,
Harwood Acoustics,AM25.2,8,500,,,,,8.1,,30,,,,,,,,,,,,,,96,,100,,,,,,,,,,19,,,,,,,,,,,,,,,,,84,160,,58,142,,,,,,,,,,,,,,,,,,
Harwood Acoustics,AM35,6,900,,,,,5,,38,,,,,,,,,,,,,,100,,120,,,,,,,,,,21,,,,,,,,,,,,,,,,,180,110,,153,87,,,,,,,,,,,,,,,,,,
Harwood Acoustics,B110A,15,44,40,0.45,3.8,16.5,7.1,0.58,88,8.7,,1.5,,6.2,6,,,,,,,,86,,,,,,,,,,,,67,,110,,,,,,,25.4,12,,,,,,,131,131,,,,,,,,,,,,,,,,,,,,,
Harwood Acoustics,G1,6,205,,,,,4.7,,,,,,,,,,,,,,,,92,,30,,,,,,,,,,84,,,,,,,,,,,,,,,,,110,,,,,,,,,,,,,,,,,,,,,,
Harwood Acoustics,G2SE,6,205,,,,,4.7,,,,,,,,,,,,,,,,92,,30,,,,,,,,,,84,,,,,,,,,,,,,,,,,110,,,,,,,,,,,,,,,,,,,,,,
Harwood Acoustics,HF20,13,850,,,,,12,,,,,,,,,,,,,,,,90,,10,,,,,,,,,,35,,,,,,,,,,,,,,,,,80,,,,,,,,,,,,,,,,,,,,,,
Harwood Acoustics,T27,8,1250,0.96,1.4,3,,6,0.106,,,,,,,,,,,,,,,86,,,,,,,,,,,,18,,74,,,,,,15,19,3,,3.3,,,,,108,,,,,,,,,,,,,,,,,,,,,,
Harwood Acoustics,TM130/25F1,8,43,0.49,0.54,4.7,20,7.2,0.4,95,8.7,,1.6,,5.6,5,,,,,,,,87,,60,,,,,,,,,,73,,124,,,,,,20,25,13,,,,,,,140,140,,,,,,,,,,,,,,,,,,,,,
Harwood Acoustics,TM130/50,8,48,0.38,0.41,5.9,12,7.3,0.24,95,12,,0.94,,7.9,4.5,,,,,,,,88,,,,,,,,,,,,76,,124,,,,,,,50,15,,6,,,,,140,140,,,,,,,,,,,,,,,,,,,,,
Hiquphon,OW1-92,8,850,,,,,5.8,,,,,,,,,,,,,,,,87,100,,,,,87,,,92,,,,,70,,,,,,,,,,,20,,,,,,,,,,,,,,,,,,,,,,,,,,
Hiquphon,OW2-92,8,900,,,,,5.8,,,,,,,,,,,,,,,,90,100,,,,,90,,,92,,,,,70,,,,,,,,,,,20,,,,,,,,,,,,,,,,,,,,,,,,,,
HiVi,B2S,8,152,1.2,1.53,5.69,0.2,,,13,1.6,,,,,1.5,,,,,,,,78,10,,,,,78,,51,,,,,,,,,,,,,,,,,,,,,,,,,,,,,,,,,,,,,,,,,,,
HiVi,b3n,8,77,0.86,1.07,4.48,1.7,6.5,,30,3.2,,1.32,,3.1,3,,,,,,,,81,,,,,,81,,,,,,,,,,,,,,,,,,3,,,,,,,,,,,,,,,,,,,,,,,,,,,
HiVi,b3s,8,80,0.93,1.19,4.29,1.6,6.5,,30,3.1,,1.26,,2.9,3,,,,,,,,82,,,,,,82,,,,,,,,,,,,,,,,,,3,,,,,,,,,,,,,,,,,,,,,,,,,,,
HiVi,B4N,,,,,,,,,,,,,,,,,,,,,,,,,,,,,,,,,,,,,,,,,,,,,,,,,,,,,,,,,,,,,,,,,,,,,,,,,,
HiVi,D10.8,8,24,0.41,0.44,6.84,147.2476022784,6.5,,434,75.5,,0.56,,13.4,8,,,,,,,,,,,,,,,,254,,,,,,,,,,,,,101.6,,,,,,,,,,,,,,,,,,,,,,,,,,,,,,
HiVi,DMB-A,5,700,,,,,4.3,,,,,,,,,,,,,,,,92,,,,,,92,,,145.034,,,42.926,,102.108,,,,,,,50,,,,,51,,,,,,,,,,,,,,,,,,,,,,,,,
HiVi,DMN-A,,,,,,,,,,,,,,,,,,,,,,,93,,,,,,93,,,,,,,,,,,,,,,,,,,,,,,,,,,,,,,,,,,,,,,,,,,,,
HiVi,F-10,8,28,0.31,0.33,5.12,78.6,6.5,,363,72.6,,0.4202,,16.2,6,,,,,,,,89,100,100,10,,,,,254,,,,112,,236,,,,,,,50,22,,10,,,,,286,,,,,,,,,,,,,,,,,,,,,,
HiVi,F-6,8,45,0.35,0.38,3.91,16.4,6.5,1.6,139,18.3,,0.658,,9,4.3,,,,,,,,88,45,45,,,,,,,,,,95,,149,,,,,,,25,14.5,,6,,,,,174,,,,,,,,,,,,,,,,,,,,,,
HiVi,F5,8,52,0.33,0.36,4.31,9.061390909,6.5,0.49,79,11.5,,0.83,,,2.7,,,,,,,,86,35,35,5,,,,,127,,,,94,,136,,,,,,,25,10.4,,5,,,,,154,,,,,,,,,,,,,,,,,,,,,,
HiVi,F8,8,37,0.4,0.44,4.71,38.794079831,6.5,,214,30.5,,0.59,,,5,,,,,,,,,60,,8,,,,,203.2,,,,,,,,,,,,,,,,,,,,,,,,,,,,,,,,,,,,,,,,,,,
HiVi,L5-8R,,,,,,,,,,,,,,,,,,,,,,,,,,,,,,,,,,,,,,,,,,,,,,,,,,,,,,,,,,,,,,,,,,,,,,,,,,
HiVi,L6-4R,4,,0.4,443,3856,14.69,,,,,,,,,4.3,,,,,,,,88,30,,,,,88,,152,,,,,,,,,,,,,,,,,,,,,,,,,,,,,,,,,,,,,,,,,,,
HiVi,L6-6R,,,,,,,,,,,,,,,,,,,,,,,,,,,,,,,,,,,,,,,,,,,,,,,,,,,,,,,,,,,,,,,,,,,,,,,,,,
HiVi,L6-8R,,,,,,,,,,,,,,,,,,,,,,,,,,,,,,,,,,,,,,,,,,,,,,,,,,,,,,,,,,,,,,,,,,,,,,,,,,
HiVi,M-5N,8,50,0.35,0.37,6.51,11.3,6.5,0.56,87,10.7,,1.051,,7.5,2.7,,,,,,,,87,35,35,5,,,,,127,,,,91,,115,,,,,,,25,10.4,,5,,,,,144,,,,,,,,,,,,,,,,,,,,,,
HiVi,m4n,8,69,1.08,1.35,5.39,4.3,6.5,,53,4.8,,1.08,,3.1,3,,,,,,,,82,,,,,,82,,,,,,,,,,,,,,,20,,,3,,,,,,,,,,,,,,,,,,,,,,,,,,,
HiVi,M6N,8,46,0.39,0.42,4.69,21.803971876,6.5,,133,13.6,,0.871,,7.8,4.3,,,,,,,,,45,45,6,,,,,152.4,,,,95.5,,142,,,,,,,25,14.5,,6,,,,,179,,,,,,,,,,,,,,,,,,,,,,
HiVi,M8N-1,8,33,0.45,0.5,5.02,53.5,6.5,,214,36.5,,0.822,,9.6,5.8,,,,,,,,88,80,80,8,,,,,203.2,,,,92,,178,,,,,,,35.5,17.5,,6,,,,,222,,,,,,,,,,,,,,,,,,,,,,
HiVi,q1r,,,,,,,,,,,,,,,,,,,,,,,,,,,,,,,,,,,,,,,,,,,,,,,,,,,,,,,,,,,,,,,,,,,,,,,,,,
HiVi,RT-2C,8,,,,,,6.4,,,,,,,,,,,,,,,,93,,30,,,,,,,,,,19,,,,,,,,,,,,,,,,,176,,,66,158,,,,,,,,,,,,,,,,,,
HiVi,RT1.3WE,,,,,,,,,,,,,,,,,,,,,,,,,,,,,,,,,,,,,,,,,,,,,,,,,,,,,,,,,,,,,,,,,,,,,,,,,,
HiVi,rt1c-a,5,,,,,,5,,,,,,,,,,,,,,,,94,,15,,,,,,,,,,11,,,,,,,,,,,,,,,,,120,,,75,90,,,,,,,,,,,,,,,,,,
HiVi,RT2H-A,8,,,,,,7,,,,,,,,,,,,,,,,94,,30,,,,,,,181.102,,,,,155.702,,,,,,,,,,,,,,,182.5,168.5,,156,158,,,,,,,,,,,,,,,,,,
HiVi,Swans (HiVi-Research) TN 25 Fiber Dome Tweeter,5,1500,,,,,4.6,,,,,,,,,,,,,,,,90,,15,,,,,,,,,,56,,43,,,,,,,25,2,,,,,,,54.5,54.5,,,,,,,,,,,,,,,,,,,,,
HiVi,T20-8,8,2000,,,,,6.5,0.05,,,,,,,,,,,,,,,89,,,,,,89,,,50.8,,,12.7,,35.179,,,,,,,28,,,,,19,,,,,,,,,,,,,,,,,,,,,,,,,
HiVi,TN-28,6,1300,,,,,5.1,,,,,,,,,,,,,,,,90,,15,,,,,,,,,,,,,,,,,,,28,,,,,,,,,,,,,,,,,,,,,,,,,,,,,,
HiVi,TN28-B,6,1300,,,,,5.1,,,,,,,,,,,,,,,,,,,,,,,,,47.625,,,99.314,,,,,,,,,,,,,,25,,,,,,,,,,,,,,,,,,,,,,,,,
Hobby Hifi,Edition 100 Mid-bass driver 8 Ohm,8,33,0.36,0.39,6.7,32,9.2,0.39,125,16,,1.5,,9,6,,,,,,,,,,,,,,,,,,,,79,,145,,,,,,,39,18,,6,,,,,176,,,,,,,,,,,,,,,,,,,,,,
Jantzen Audio,060-0000,8,1030,0.62,0.8,402,,,,,,,,,,,,,,,,,,,,,,,,,,,,,,,,,,,,,,,,,,,,,,,,,,,,,,,,,,,,,,,,,,,,,
Jantzen Audio,060-0000,,,,,,,,,,,,,,,,,,,,,,,,,,,,,,,,,,,,,,,,,,,,,,,,,,,,,,,,,,,,,,,,,,,,,,,,,,
Jantzen Audio,060-0001,6,700,,,,,4.9,,,,,,,,,,,,,,,,,,,,,,,,,,,,,,,,,,,,,,,,,,,,,,,,,,,,,,,,,,,,,,,,,,,
Jantzen Audio,060-0001,,,,,,,,,,,,,,,,,,,,,,,,,,,,,,,,,,,,,,,,,,,,,,,,,,,,,,,,,,,,,,,,,,,,,,,,,,
Jantzen Audio,060-0002,6,62,0.53,,2.34,5.5,4.9,,85,12,,,,,,,,,,,,,,,,,,,,,,,,,,,,,,,,,,,,,,,,,,,,,,,,,,,,,,,,,,,,,,,,
Jantzen Audio,060-0002,,,,,,,,,,,,,,,,,,,,,,,,,,,,,,,,,,,,,,,,,,,,,,,,,,,,,,,,,,,,,,,,,,,,,,,,,,
Jantzen Audio,060-0003,6,50,0.53,,2.31,13.3,5.04,,119,15,,,,,,,,,,,,,,,,,,,,,,,,,,,,,,,,,,,,,,,,,,,,,,,,,,,,,,,,,,,,,,,,
Jantzen Audio,060-0003,,,,,,,,,,,,,,,,,,,,,,,,,,,,,,,,,,,,,,,,,,,,,,,,,,,,,,,,,,,,,,,,,,,,,,,,,,
Jantzen Audio,060-0004,12,54,0.59,,2.08,12.8,10.03,,119,13.4,,,,,,,,,,,,,,,,,,,,,,,,,,,,,,,,,,,,,,,,,,,,,,,,,,,,,,,,,,,,,,,,
Jantzen Audio,060-0004,,,,,,,,,,,,,,,,,,,,,,,,,,,,,,,,,,,,,,,,,,,,,,,,,,,,,,,,,,,,,,,,,,,,,,,,,,
Jantzen Audio,060-0005,,,,,,,,,,,,,,,,,,,,,,,,,,,,,,,,,,,,,,,,,,,,,,,,,,,,,,,,,,,,,,,,,,,,,,,,,,
Jantzen Audio,060-0008,,,0.25,0.26,10,,,,,,,,,,,,,,,,,,,,,,,,,,,,,,,,,,,,,,,,,,,,,,,,,,,,,,,,,,,,,,,,,,,,,
Jantzen Audio,060-0008,,,,,,,,,,,,,,,,,,,,,,,,,,,,,,,,,,,,,,,,,,,,,,,,,,,,,,,,,,,,,,,,,,,,,,,,,,
Jantzen Audio,JA-8008,8,46,,,,44.3,6.07,,219,18,,,,11.1,3.5,,,,,,,,95,,,,,,,,203,,,,,,,,,,,,,,,,,,,,,,,,,,,,,,,,,,,,,,,,,,,
Jantzen Audio,JA5004,6,62,0.53,,2.34,5.5,,,85,12,,,,,,,,,,,,,,,100,,,,,,,,,,,,,,,,,,,,,,,,,,,,,,,,,,,,,,,,,,,,,,,,,
Jbl Selenium,D220Ti-8,8,,,,,,,,,,,,,,,,,,,,,,,,,,,,,,,115.062,,,,,,,,,,,,,,,,,25,,,,,,,,,,,,,,,,,,,,,,,,,
Jupiter Speakers,10LA-P-4,,,,,,,,,,,,,,,,,,,,,,,,,,,,,,,,,,,,,,,,,,,,,,,,,,,,,,,,,,,,,,,,,,,,,,,,,,
Jupiter Speakers,10LC-4,,,,,,,,,,,,,,,,,,,,,,,,,,,,,,,,,,,,,,,,,,,,,,,,,,,,,,,,,,,,,,,,,,,,,,,,,,
Jupiter Speakers,10LC-8,,,,,,,,,,,,,,,,,,,,,,,,,,,,,,,,,,,,,,,,,,,,,,,,,,,,,,,,,,,,,,,,,,,,,,,,,,
Jupiter Speakers,10SA-4,,,,,,,,,,,,,,,,,,,,,,,,,,,,,,,,,,,,,,,,,,,,,,,,,,,,,,,,,,,,,,,,,,,,,,,,,,
Jupiter Speakers,10SA-8,,,,,,,,,,,,,,,,,,,,,,,,,,,,,,,,,,,,,,,,,,,,,,,,,,,,,,,,,,,,,,,,,,,,,,,,,,
Jupiter Speakers,10SA-P-4,,,,,,,,,,,,,,,,,,,,,,,,,,,,,,,,,,,,,,,,,,,,,,,,,,,,,,,,,,,,,,,,,,,,,,,,,,
Jupiter Speakers,10SA-P-8,,,,,,,,,,,,,,,,,,,,,,,,,,,,,,,,,,,,,,,,,,,,,,,,,,,,,,,,,,,,,,,,,,,,,,,,,,
Jupiter Speakers,10SC-4,,,,,,,,,,,,,,,,,,,,,,,,,,,,,,,,,,,,,,,,,,,,,,,,,,,,,,,,,,,,,,,,,,,,,,,,,,
Jupiter Speakers,10SC-8,,,,,,,,,,,,,,,,,,,,,,,,,,,,,,,,,,,,,,,,,,,,,,,,,,,,,,,,,,,,,,,,,,,,,,,,,,
Jupiter Speakers,12LA-8,,,,,,,,,,,,,,,,,,,,,,,,,,,,,,,,,,,,,,,,,,,,,,,,,,,,,,,,,,,,,,,,,,,,,,,,,,
Jupiter Speakers,12LC-16,,,,,,,,,,,,,,,,,,,,,,,,,,,,,,,,,,,,,,,,,,,,,,,,,,,,,,,,,,,,,,,,,,,,,,,,,,
Jupiter Speakers,12LC-8,,,,,,,,,,,,,,,,,,,,,,,,,,,,,,,,,,,,,,,,,,,,,,,,,,,,,,,,,,,,,,,,,,,,,,,,,,
Jupiter Speakers,12LC-P-8,,,,,,,,,,,,,,,,,,,,,,,,,,,,,,,,,,,,,,,,,,,,,,,,,,,,,,,,,,,,,,,,,,,,,,,,,,
Jupiter Speakers,8SA-4,,,,,,,,,,,,,,,,,,,,,,,,,,,,,,,,,,,,,,,,,,,,,,,,,,,,,,,,,,,,,,,,,,,,,,,,,,
Jupiter Speakers,8SA-8,,,,,,,,,,,,,,,,,,,,,,,,,,,,,,,,,,,,,,,,,,,,,,,,,,,,,,,,,,,,,,,,,,,,,,,,,,
Jupiter Speakers,8SA-P-4,,,,,,,,,,,,,,,,,,,,,,,,,,,,,,,,,,,,,,,,,,,,,,,,,,,,,,,,,,,,,,,,,,,,,,,,,,
Jupiter Speakers,8SA-P-8,,,,,,,,,,,,,,,,,,,,,,,,,,,,,,,,,,,,,,,,,,,,,,,,,,,,,,,,,,,,,,,,,,,,,,,,,,
Jupiter Speakers,8SC-4,,,,,,,,,,,,,,,,,,,,,,,,,,,,,,,,,,,,,,,,,,,,,,,,,,,,,,,,,,,,,,,,,,,,,,,,,,
Jupiter Speakers,8SC-8,,,,,,,,,,,,,,,,,,,,,,,,,,,,,,,,,,,,,,,,,,,,,,,,,,,,,,,,,,,,,,,,,,,,,,,,,,
Jupiter Speakers,M10C-16,,,,,,,,,,,,,,,,,,,,,,,,,,,,,,,,,,,,,,,,,,,,,,,,,,,,,,,,,,,,,,,,,,,,,,,,,,
Jupiter Speakers,M10C-8,,,,,,,,,,,,,,,,,,,,,,,,,,,,,,,,,,,,,,,,,,,,,,,,,,,,,,,,,,,,,,,,,,,,,,,,,,
Jupiter Speakers,M10C-P-8,,,,,,,,,,,,,,,,,,,,,,,,,,,,,,,,,,,,,,,,,,,,,,,,,,,,,,,,,,,,,,,,,,,,,,,,,,
Jupiter Speakers,M12A-8,,,,,,,,,,,,,,,,,,,,,,,,,,,,,,,,,,,,,,,,,,,,,,,,,,,,,,,,,,,,,,,,,,,,,,,,,,
Jupiter Speakers,M12C-8,,,,,,,,,,,,,,,,,,,,,,,,,,,,,,,,,,,,,,,,,,,,,,,,,,,,,,,,,,,,,,,,,,,,,,,,,,
Jupiter Speakers,M12C-P-8,,,,,,,,,,,,,,,,,,,,,,,,,,,,,,,,,,,,,,,,,,,,,,,,,,,,,,,,,,,,,,,,,,,,,,,,,,
Lcy,LCY-100K-MK2,8,,,,,,,,,,,,,,,,,,,,,,,,,,,,,,,,,,,,,,,,,,,,,,,,,,,,,,,,,,,,,,,,,,,,,,,,,
Lcy,LCY-K100,,,,,,,,,,,,,,,,,,,,,,,,,,,,,,,,,,,,,,,,,,,,,,,,,,,,,,,,,,,,,,,,,,,,,,,,,,
Lpg,26na,8,,,,,,,,6.8,0.22,,,,2.4,,,,,,,,,,,,,,,,,,,,,,,,,,,,,,,,,,,,,,,,,,,,,,,,,,,,,,,,,,,,
Markaudio,alpair-10-gold GEN 3,,,,,,,,,,,,,,,,,,,,,,,,,,,,,,,,,,,,,,,,,,,,,,,,,,,,,,,,,,,,,,,,,,,,,,,,,,
Markaudio,alpair-10-grey GEN 3,,,,,,,,,,,,,,,,,,,,,,,,,,,,,,,,,,,,,,,,,,,,,,,,,,,,,,,,,,,,,,,,,,,,,,,,,,
Markaudio,Alpair-10P-A,,,,,,,,,,,,,,,,,,,,,,,,,,,,,,,,,,,,,,,,,,,,,,,,,,,,,,,,,,,,,,,,,,,,,,,,,,
Markaudio,ALPAIR-11MS-GLD,,43.748,0.344,0.407,2.215,17.709,7.2,0.063087,111.22,12.005,11.331,1.008,,7.812,,,,,,,0.403,,,,,,,,,,,,,,,,,,,,,,,,,,,,,,,,,,,,,,,,,,,,,,,,,,,,,
Markaudio,ALPAIR-11MS-GREY,,43.748,0.344,0.407,2.215,17.709,7.2,0.063087,111.22,12.005,11.331,1.008,,7.812,,,,,,,0.403,,,,,,,,,,,,,,,,,,,,,,,,,,,,,,,,,,,,,,,,,,,,,,,,,,,,,
Markaudio,Alpair-5G,,104.5246,0.5473,0.6805,2.7967,1.168,3.4,,28,2.2159,2.1308,1.0463,,,3,,,,,,,,,,,,,,,,,,,,,,,,,,,,,,,,,,,,,,,,,,,,,,,,,,,,,,,,,,,
Markaudio,ALPAIR-5V3-GOLD GEN.3,,,,,,,,,,,,,,,,,,,,,,,,,,,,,,,,,,,,,,,,,,,,,,,,,,,,,,,,,,,,,,,,,,,,,,,,,,
Markaudio,ALPAIR-5V3-GREY GEN.3,,,,,,,,,,,,,,,,,,,,,,,,,,,,,,,,,,,,,,,,,,,,,,,,,,,,,,,,,,,,,,,,,,,,,,,,,,
Markaudio,ALPAIR-7MS-GOLD,,74.724,0.565,0.744,2.35,4.968,7.2,0.124716,50.27,3.277,3.072,1.384,,3.859,,,,,,,0.27,,,,,,,,,,,,,,,,,,,,,,,,,,,,,,,,,,,,,,,,,,,,,,,,,,,,,
Markaudio,ALPAIR-7MS-GREY,,74.724,0.565,0.744,2.35,4.968,7.2,0.124716,50.27,3.277,3.072,1.384,,3.859,,,,,,,0.27,,,,,,,,,,,,,,,,,,,,,,,,,,,,,,,,,,,,,,,,,,,,,,,,,,,,,
Markaudio,alpair12p,8,42.149,0.285,0.333,1.981,43.06,7,0.053952,147.41,10.217,9.188,1.396,,7.54,9,,,,,,0.936,,,,,,,,,,203.2,207.01,,,96.266,,185.928,,,6,,,,,,,,,,,,,,,,,,,,,,,,,,,,,,,,,,
Markaudio,CHN-110,8,44.2,0.4172,0.4884,2.86,24.7335,6.8,,109,8.77,8.1228,,,5.8206,8,,,,,,,,,,,,,,,,146.05,171.5,,,,,133,158.2,4,5,,,,,,,,,,,,,,,,,,,,,,,,,,,,,,,,,,
Markaudio,CHN-110-Silver,,44.1601,0.4172,0.4884,2.86,24.7335,6.8,,109,8.77,8.1228,,,,,,,,,,,,,,,,,,,,,,,,,,,,,,,,,,,,,,,,,,,,,,,,,,,,,,,,,,,,,,,
Markaudio,CHN-40,,97.4826,0.6429,0.7752,3.7689,1.1523,6.8,,23,1.6942,1.6322,1.5733,,,,,,,,,,,,,,,,,,,,,,,,,,,,,,,,,,,,,,,,,,,,,,,,,,,,,,,,,,,,,,
Markaudio,CHN-40P MICA,,106.691,0.548,0.6781,2.8554,1.1688,6.8,,23,1.3944,1.3324,1.5959,,,3.5,,,,,,,,,,,,,,,,,,,,,,,,,,,,,,,,,,,,,,,,,,,,,,,,,,,,,,,,,,,
Markaudio,CHN-50,,113.1594,0.5526,0.6865,2.8318,1.0965,3.4,,28,2.0871,2.002,0.9822,,,,,,,,,,,,,,,,,,,,,,,,,,,,,,,,,,,,,,,,,,,,,,,,,,,,,,,,,,,,,,
Markaudio,CHN-50P,,,,,,,,,,,,,,,,,,,,,,,,,,,,,,,,,,,,,,,,,,,,,,,,,,,,,,,,,,,,,,,,,,,,,,,,,,
Markaudio,CHN-70,,71.62,0.48,0.649,1.848,5.31,5,0.017917,50.27,3.339,3.134,1.479,,3.403,4,,,,,,0.291,,,,,,,,,,,,,,,,,,,,,,,,,,,,,,,,,,,,,,,,,,,,,,,,,,,,,
Markaudio,CHP-70-BP GEN2,,,,,,,,,,,,,,,,,,,,,,,,,,,,,,,,,,,,,,,,,,,,,,,,,,,,,,,,,,,,,,,,,,,,,,,,,,
Markaudio,chp-70-p GEN2,,,0.52,0.67,2.3,4.7,7.2,0.03061,,3.7,3.49,0.00131,,4.24,,,,,,,,,,,,,,,,,,,,,,,,,,,,,,,,,,,,,,,,,,,,,,,,,,,,,,,,,,,,
Markaudio,CHP-90,,48.53,0.3635,0.4354,2.2008,20.05,6.2,,85,5.5051,4.9619,1.9898,,,,,,,,,,,,,,,,,,,,,,,,,,,,,,,,,,,,,,,,,,,,,,,,,,,,,,,,,,,,,,
Markaudio,CHR-120-Champagne,,,,,,,,,,,,,,,,,,,,,,,,,,,,,,,,,,,,,,,,,,,,,,,,,,,,,,,,,,,,,,,,,,,,,,,,,,
Markaudio,CHR-120-Chrome,,,,,,,,,,,,,,,,,,,,,,,,,,,,,,,,,,,,,,,,,,,,,,,,,,,,,,,,,,,,,,,,,,,,,,,,,,
Markaudio,chr-70-black,,,,,,,,,,,,,,,,,,,,,,,,,,,,,,,,,,,,,,,,,,,,,,,,,,,,,,,,,,,,,,,,,,,,,,,,,,
Markaudio,chr-70-gold-r3,,,,,,,,,,,,,,,,,,,,,,,,,,,,,,,,,,,,,,,,,,,,,,,,,,,,,,,,,,,,,,,,,,,,,,,,,,
Markaudio,chr-70-grey-r3,,,,,,,,,,,,,,,,,,,,,,,,,,,,,,,,,,,,,,,,,,,,,,,,,,,,,,,,,,,,,,,,,,,,,,,,,,
Markaudio,CHR-90-CHROME,,44.3,0.3598,0.4212,2.4647,26.1403,6.8,,85,4.9661,4.523,2.5942,,,7,,,,,,,,,,,,,,,,,,,,,,,,,,,,,,,,,,,,,,,,,,,,,,,,,,,,,,,,,,,
Markaudio,CHR-90-GOLD,,44.3,0.3598,0.4212,2.4647,26.1403,6.8,,85,4.9661,4.523,2.5942,,,7,,,,,,,,,,,,,,,,,,,,,,,,,,,,,,,,,,,,,,,,,,,,,,,,,,,,,,,,,,,
Markaudio,MA200-M Copper,8,33,0.3455,0.4086,2.239,65.1957,6.8,0.2283,206,21.1652,19.4903,1.099,,,9,,,,,,,,,,,,,,,,203.2,223.5,,,97,,189,223.5,5.2,6,,,,,,,,,,,,,,,,,,,,,,,,,,,,,,,,,,
Markaudio,MA200-P MICA,8,39,0.37,0.44,2.29,66.5,6.2,0.16,206,14.11,,1.121,,7.02,7,,,,,,,,,,,,,,,,203.2,223.5,,,,,189,210,5.2,6,,,,,,,,,,,,,,,,,,,,,,,,,,,,,,,,,,
Markaudio,MA200M-Copper,,33.0003,0.3455,0.4086,2.239,65.1957,6.8,,206,21.1652,19.4093,1.099,,,9,,,,,,,,,,,,,,,,,,,,,,,,,,,,,,,,,,,,,,,,,,,,,,,,,,,,,,,,,,,
Markaudio,MA200M-Grey,,33.0003,0.3455,0.4086,2.239,65.1957,6.8,,206,21.1652,19.4093,1.099,,,9,,,,,,,,,,,,,,,,,,,,,,,,,,,,,,,,,,,,,,,,,,,,,,,,,,,,,,,,,,,
Markaudio,MAOP10,,,,,,,,,,,,,,,,,,,,,,,,,,,,,,,,,,,,,,,,,,,,,,,,,,,,,,,,,,,,,,,,,,,,,,,,,,
Markaudio,MAOP11,,39.6919,0.2942,0.3473,1.9226,24.4625,7.2,,111,11.3528,10.6889,1.4162,,,,,,,,,,,,,,,,,,,,,,,,,,,,,,,,,,,,,,,,,,,,,,,,,,,,,,,,,,,,,,
Markaudio,MAOP5 PAIR,4,110,0.4,0.6,1.6,1.6,,,,1.4,,,,,3,,,,,,,,,,,,,,,,,,,,,,,,,,,,,,,,,,,,,,,,,,,,,,,,,,,,,,,,,,,
Markaudio,MAOP7,,76.533,0.556,0.711,2.556,3.915,5.4,0.021551,50.265,3.963,3.758,1.091,,,4.5,,,,,,,,,,,,,,,,,,,,,,,,,,,,,,,,,,,,,,,,,,,,,,,,,,,,,,,,,,,
Markaudio,PLUVIA ELEVEN GOLD,,,,,,,,,,,,,,,,,,,,,,,,,,,,,,,,,,,,,,,,,,,,,,,,,,,,,,,,,,,,,,,,,,,,,,,,,,
Markaudio,PLUVIA ELEVEN GREY,,,,,,,,,,,,,,,,,,,,,,,,,,,,,,,,,,,,,,,,,,,,,,,,,,,,,,,,,,,,,,,,,,,,,,,,,,
Markaudio,Pluvia-7-HD-Chrome,,72.5494,0.584,0.7173,3.1446,4.4227,5.4,,50,3.839,3.6373,1.2536,,,,,,,,,,,,,,,,,,,,,,,,,,,,,,,,,,,,,,,,,,,,,,,,,,,,,,,,,,,,,,
Markaudio,Pluvia-7-HD-Gold,,,,,,,,,,,,,,,,,,,,,,,,,,,,,,,,,,,,,,,,,,,,,,,,,,,,,,,,,,,,,,,,,,,,,,,,,,
Markaudio,Pluvia-7-PHD,,,,,,,,,,,,,,,,,,,,,,,,,,,,,,,,,,,,,,,,,,,,,,,,,,,,,,,,,,,,,,,,,,,,,,,,,,
Markaudio,Pluvia-7P MICA,,72.2524,0.472,0.5483,3.3897,4.4592,3.3,,50,3.839,3.6373,1.2639,,,4,,,,,,,,,,,,,,,,,,,,,,,,,,,,,,,,,,,,,,,,,,,,,,,,,,,,,,,,,,,
Markaudio,TW 6,4,1.7,,,,,3.2,,,,,,,,,,,,,,,,,,,,,,,,,74,,,9.3,,,,,,,,,,,,,,25.4,,,,,,,,,,,,,,,,,,,,,,,,,
Monacor,21M,4,170,0.47,0.53,4.46,0.14,3.74,0.12,13,1.45,,0.6,,3.32,1.2,,,,,,,,84,,12,,,,,,,,,,34,,50.5,,,,,,,20,,,,,,,,55.5,,,,,,,,,,,,,,,,,,,,,,
Monacor,32M,8,110,0.56,0.6,7.66,1.6,6.6,0.18,32,1.7,,1.11,,3.69,1.1,,,,,,,,88,,20,,,,,,,,,,55,,71,,,,,,,20,,,,,,,,93,,,,,,,,,,,,,,,,,,,,,,
Monacor,AIRMT-130,8,3000,,,,,5.2,,,,,,,,,,,,,,,,98,60,60,,,,,,,,,,40,,,,,,,,,,,,,,,,,130,90,,71,111,,,,,,,,,,,,,,,,,,
Monacor,AIRMT-85,4,2500,,,,,3.8,,,,,,,,,,,,,,,,92,20,40,,,,,,,85,,,35,,66,,,,,,,,,,,,,,,85,36,,,,,,,,,,,,,,,,,,,,,
Monacor,AR-30,8,600,,,,,,,,,,,,,,,,,,,,,,30,,,,,,,80,80,,,,,,,,6,,,,,,,,,,,,,,,,,,,,,,,,,,,,,,,,,,
Monacor,AR-50,8,500,,,,,,,,,,,,,,,,,,,,,,50,,,,,,,90,90,,,,,,,,6,,,,,,,,,,,,,,,,,,,,,,,,,,,,,,,,,,
Monacor,BR-50,4,40,,,,,,,,,,,,,,,,,,,,,,,50,,,,,,,,,,,,,,,4,,,,,,,,,,,,131,131,,,,,,,,,,,,,,,,,,,,,
Monacor,DT-100,8,1500,,,,,5.7,,,,,,,,,,,,,,,,92,30,30,,,,92,,25,,,,26,26,72,,,,,70,,25,,,,25,,,,116,80,,,,,,,,,,,,,,,,,,,,,
Monacor,DT-105,8,1500,,,,,5.7,,,,,,,,,,,,,,,,90,30,,,,,90,,,100,,,,,85,,,,,,,,,,,25,,,,,,,,,,,,,,,,,,,,,,,,,,
Monacor,DT-107,8,1200,,,,,5.7,,,,,,,,,,,,,,,,89,80,,,,,89,,25,96,,,,23,72,,,,,60,,25,,,,25,,,,96.5,,,,,,,,,,,,,,,,,,,,,,
Monacor,DT-109,8,1200,,,,,5.7,,,,,,,,,,,,,,,,90,40,,,,,90,,,100,,,,,85,,,,,,,,,,,25,,,,,,,,,,,,,,,,,,,,,,,,,,
Monacor,DT-19SU,8,,,,,,,,,,,,,,,,,,,,,,91,50,,,,,,,19,,,,,,,,,,,,,,,,,,,,,,,,,,,,,,,,,,,,,,,,,,,
Monacor,DT-25N,8,1600,,,,,5.7,,,,,,,,,,,,,,,,95,40,40,,,95,,,25,66,,,21,,50,,,,,,,25,,,,20,25,,,66,21,,,,,,,,,,,,,,,,,,,,,
Monacor,DT-28N,8,1200,,,,,,,,,,,,,,,,,,,,,94,50,,,,,,,28,,,,,,,,,,,36,,28,,,,,,,,55,55,,,,,,,,,,,,,,,,,,,,,
Monacor,DT-300,8,750,,,,,5.7,,,,,,,,,,,,,,,,93,50,50,,,,93,,30,116,,,53,,,,,,,,,30,,,,30,,,,116,,,,,,,,,,,,,,,,,,,,,,
Monacor,DT-99,8,1500,,,,,5.7,,,,,,,,,,,,,,,,93,,40,,,,93,,25,100,,,35,,,,,,,70,,25,,,,25,,,,100,,,,,,,,,,,,,,,,,,,,,,
Monacor,DT140,4,1200,,,,,,,,,,,,,,,,,,,,,90,40,40,,,90,,,,,,,30,,80,,,,,,,25,,,,,,,,103,31,,,,,,,,,,,,,,,,,,,,,
Monacor,DT28,8,1200,,,,,,,,,,,,,,,,,,,,,94,,50,,,,,,,,,,20,,46,,,,,,,28,,,,,,,,55,55,,,,,,,,,,,,,,,,,,,,,
Monacor,DT284,4,1300,,,,,,,,,,,,,,,,,,,,,91,60,100,,,,,,28,,,,18,,50,,,,,,,28,,,,,,,,60,,,,,,,,,,,,,,,,,,,,,,
Monacor,DTM 104/4 - Hifi Dome Tweeter 4 OHM,4,1200,,,,,,,,,,,,,,,,,,,,,92,,45,,,,,,,,,,32,,80,,,,,,,25,,,,,,,,104,,,,,,,,,,,,,,,,,,,,,,
Monacor,DTM 104/8 - Textilkalotte 8 OHM,8,1200,,,,,,,,,,,,,,,,,,,,,92,,45,,,,,,,,,,32,,80,,,,,,,25,,,,,,,,104,,,,,,,,,,,,,,,,,,,,,,
Monacor,DTM-104/8,8,1200,,,,,,,,,,,,,,,,,,,,,92,45,,,,92,,,25,,,,,,80,,,,,,,25,,,,,,,,104,32,,,,,,,,,,,,,,,,,,,,,
Monacor,HT 88 PA Horn Tweeter,8,2500,,,,,,,,,,,,,,,,,,,,,99,,50,,,,,,,,,,75,,,,,,,,,25,,,,,,,,87,87,,67,67,,,,,,,,,,,,,,,,,,
Monacor,HT 958 PA/SW 8 OHM Ring-Radiator,8,2.2,,,,,,,,,,,,,,,,,,,,,101,,30,,,,,,,,,,45,,72,,,,,,,25.4,,,,,,,,97,,,,,,,,,,,,,,,,,,,,,,
Monacor,HT-22/8,8,,,,,,,,,,,,,,,,,,,,,,91,10,,,,,,,80,,,,,,,,,,,,,,,,,,,,,,,,,,,,,,,,,,,,,,,,,,,
Monacor,MHD-55,8,2000,,,,,,,,,,,,,,,,,,,,,103,30,,,,,,,80,,,,,187,,,,,,80,,25,,,,,,,,269,101,,,,,,,,,,,,,,,,,,,,,
Monacor,MRD-120,8,1300,,,,,,,,,,,,,,,,,,,,,100,50,,,,,,,25,120,,,85,,,,,,,120,,34.5,,,,,,,,,,,,,,,,,,,,,,,,,,,,,,
Monacor,MRD-160,8,750,,,,,,,,,,,,,,,,,,,,,100,60,,,,,,,25,115,,,53,,,,,,,110,,44.4,,,,,,,,,,,,,,,,,,,,,,,,,,,,,,
Monacor,MSH-115,8,85,0.43,0.55,1.98,4,6.3,0.3,55,4.5,,0.8,,4.8,1.5,,,,,,,,89,,50,,,,,,,,,,55,,101,,,,,,,25,7,,4,,,,,115,115,,,,,,,,,,,,,,,,,,,,,
Monacor,MSH-115HQ,8,89,0.55,0.66,3.26,2.2,5.8,0.53,55,5.8,,0.5,,5.35,3,,,,,,,,87,50,50,,,,,,110,,,,59,,97,,,,,,,25,,,,,,,,116,,,,,,,,,,,,,,,,,,,,,,
Monacor,MSH-116/4,4,95,,0.48,2.38,2.7,,,55,4.6,,0.62,,4.3,1,,,,,,,,91,40,,,,,,,110,,,,,,,,,,,,,25,,,,,,,,,,,,,,,,,,,,,,,,,,,,,,
Monacor,MSH116,4,95,0.4,0.48,2.38,2.7,3.2,0.18,55,4.6,,0.62,,4.3,1,,,,,,,,91,,40,,,,,,,,,,55,,101,,,,,,,25,6.1,,4,,,,,124,,,,,,,,,,,,,,,,,,,,,,
Monacor,RBT-10,5,,,,,,,,,,,,,,,,,,,,,,90,12,,,,,90,,,100,,,,,,,,,,,,,,,,,,38,8,,,,,,,,,,,,,,,,,,,,,,,
Monacor,RBT-1000,6,1600,,,,,,,,,,,,,,,,,,,,,96,40,40,,,,,,,,,,34,,,,,,,,,,,,,,,,,104,104,,94,94,,,,,,,,,,,,,,,,,,
Monacor,RBT-35SR,7,,,,,,,,,,,,,,,,,,,,,,96,12,96,,,,,,,,,,103,,,,,,,,,,,,,,,60,9,110,,,87,62,,,,,,,,,,,,,,,,,,
Monacor,RBT-56,4,,,,,,3.5,,,,,,,,,,,,,,,,90,10,10,,,,,,,56.5,,,10,,48,,,,,,,,,,,,,,,56.5,,,,,,,,,,,,,,,,,,,,,,
Monacor,RBT-95,8,4500,,,,,,,,,,,,,,,,,,,,,98,30,30,,,,,,95,95,,,17,,,,,,,,,,,,,,,,,95,,,80,45,,,,,,,,,,,,,,,,,,
Monacor,RBT-95SR,8,3500,,,,,,,,,,,,,,,,,,,,,98,40,40,,,,,,,,,,35,,,,,,,,,,,,,,,,,95,68,,82,47,,,,,,,,,,,,,,,,,,
Monacor,SP-10/4S,4,,,,,,,,,,,,,,,,,,,,,,,15,,,,,,,105,,,,,,,,,,,,,,,,,,,,,,,,,,,,,,,,,,,,,,,,,,,
Monacor,SP-100/8,8,61,0.37,0.44,2.28,4.7,6.5,0.4,52,5.5,,1.23,,5.55,2.5,,,,,,,,88,30,30,,,,,,100,,,,,,,,,,,,,25,,,,,,,,,,,,,,,,,,,,,,,,,,,,,,
Monacor,SP-13/4,4,,,,,,,,,,,,,,,,,,,,,,,20,,,,,,,125,,,,,,,,,,,,,,,,,,,,,,,,,,,,,,,,,,,,,,,,,,,
Monacor,SP-167E,4,62,,,,,,,,,,,,,2.5,,,,,,,,92,35,,,,,,,170,,,,,,,,,,,,,,,,,,,,,169,,,,,,,,,,,,,,,,,,,,,,
Monacor,SP-17/4,4,,,,,,,,,,,,,,,,,,,,,,,30,,,,,,,170,,,,,,,,,,,,,,,,,,,,,,,,,,,,,,,,,,,,,,,,,,,
Monacor,SP-202E,4,51,,,,,,,,,,,,,2.5,,,,,,,,93,50,,,,,,,210,,,,,,,,,,,,,,,,,,,,,202,,,,,,,,,,,,,,,,,,,,,,
Monacor,SP-252E,4,42,,,,,,,,,,,,,4,,,,,,,,94,75,,,,,,,250,,,,,,,,,,,,,,,,,,,,,255,,,,,,,,,,,,,,,,,,,,,,
Monacor,SP-59/4S,4,,,,,,,,,,,,,,,,,,,,,,,3,,,,,,,85,,,,,,,,,,,,,,,,,,,,,,,,,,,,,,,,,,,,,,,,,,,
Monacor,SP-6,8,,,,,,,,,,,,,,,,,,,,,,,10,,,,,,,55,,,,,,,,,,,,,,,,,,,,,,,,,,,,,,,,,,,,,,,,,,,
Monacor,SP-6/4SQ,4,,,,,,,,,,,,,,,,,,,,,,,3,,,,,,,59,,,,,,,,,,,,,,,,,,,,,,,,,,,,,,,,,,,,,,,,,,,
Monacor,SP-60/4,4,65,0.49,0.64,2.1,6,,0.2,55,4,,0.8,,2.9,2,,,,,,,,90,30,,,,,,,110,,,,,,,,,,,,,25.5,,,,,,,,,,,,,,,,,,,,,,,,,,,,,,
Monacor,SP-60/8,8,65,0.49,0.64,2.1,6,,0.2,55,4,,0.8,,2.9,2,,,,,,,,90,30,,,,,,,100,,,,,,,,,,,,,25.5,,,,,,,,,,,,,,,,,,,,,,,,,,,,,,
Monacor,SP-7/4SQ,4,,,,,,,,,,,,,,,,,,,,,,,4,,,,,,,66,,,,,,,,,,,,,,,,,,,,,,,,,,,,,,,,,,,,,,,,,,,
Monacor,SP-7/4SQS,4,,,,,,,,,,,,,,,,,,,,,,,4,,,,,,,66,,,,,,,,,,,,,,,,,,,,,,,,,,,,,,,,,,,,,,,,,,,
Monacor,SP-8/150PRO,8,56,0.32,0.41,1.52,22,7.2,2,213,22.8,,0.35,,11.96,6,,,,,,,,,,150,,,,,,,,,,90,,185,,,,,,,,,,,,,,,210,,,,,,,,,,,,,,,,,,,,,,
Monacor,SP-8/4SQ,4,,,,,,,,,,,,,,,,,,,,,,,10,,,,,,,88,,,,,,,,,,,,,,,,,,,,,,,,,,,,,,,,,,,,,,,,,,,
Monacor,SP-8/4SQS,4,,,,,,,,,,,,,,,,,,,,,,,10,,,,,,,88,,,,,,,,,,,,,,,,,,,,,,,,,,,,,,,,,,,,,,,,,,,
Monacor,SP-90,8,45,0.57,0.68,3.36,42,6.5,0.5,210,17,,0.8,,,2,,,,,,,,92,35,35,,,,92,,210,205,,,90,,185,,,,,,,,,,,,,,,205,,,,,,,,,,,,,,,,,,,,,,
Monacor,SP167,4,62,0.41,0.48,2.78,17.88,3.9,0.6,135,9.3,,0.7,,5.43,2.5,,,,,,,,92,,35,,,,,,,,,,70,,149,,,,,,,25.5,,,,,,,,169,,,,,,,,,,,,,,,,,,,,,,
Monacor,SP202,4,51,0.69,0.81,4.5,39,3.85,0.6,210,15,,0.62,,4.86,2.5,,,,,,,,93,,100,,,,,,,,,,82,,183,,,,,,,25.5,,,,,,,,202,,,,,,,,,,,,,,,,,,,,,,
Monacor,SP250P,8,33,0.33,0.38,2.33,115,6.5,1.2,346,33,,0.69,,10.8,3.5,,,,,,,,94,,100,,,,,,,,,,120,,233,,,,,,,,,,,,,,,265,,,,,,,,,,,,,,,,,,,,,,
Monacor,SP252,4,42,0.5,0.6,3.13,57,3.75,1.1,353,43,,0.33,,8.5,4,,,,,,,,94,,75,,,,,,,,,,110,,232,,,,,,,35.5,,,,,,,,255,,,,,,,,,,,,,,,,,,,,,,
Monacor,SP300P,8,30,0.31,0.37,1.74,266,6.5,0.8,495,42,,0.77,,11.7,2.5,,,,,,,,96,,100,,,,,,,,,,137,,275,,,,,,,50,,,,,,,,305,,,,,,,,,,,,,,,,,,,,,,
Monacor,SP302,4,39,0.72,0.87,4.24,141,3.6,1.1,518,40,,0.39,,6.63,4,,,,,,,,95,,100,,,,,,,,,,118,,281,,,,,,,50,,,,,,,,304,,,,,,,,,,,,,,,,,,,,,,
Monacor,SP4/60PRO,8,92,0.6,0.67,5.35,3.04,6.76,0.3,68,6.3,,0.47,,5.85,2.3,,,,,,,,90,,30,,,,,,,,,,60.5,,103,,,,,,,25,7,,,,,,,113,113,,,,,,,,,,,,,,,,,,,,,
Monacor,SP60,4,65,0.49,0.64,2.1,6,3.3,0.2,55,4,,0.8,,2.9,2,,,,,,,,90,,60,,,,,,,,,,60,,96,,,,,,,25.5,,,,,,,,105,,,,,,,,,,,,,,,,,,,,,,
Monacor,SP60,8,65,0.49,0.64,2.1,6,6.5,0.3,55,4,,0.8,,4.1,2,,,,,,,,90,,30,,,,,,,,,,60,,96,,,,,,,25.5,,,,,,,,105,,,,,,,,,,,,,,,,,,,,,,
Monacor,SP8-4S,,,,,,,,,,,,,,,,,,,,,,,,,,,,,,,,,,,,,,,,,,,,,,,,,,,,,,,,,,,,,,,,,,,,,,,,,,
Monacor,SPH-100AL,8,80,0.55,0.67,3.05,3.2,6.2,0.3,55,4.9,,0.79,,4.81,1.5,,,,,,,,87,40,,,,,,,120,,,,,,,,,,,,,25,,,,,,,,,,,,,,,,,,,,,,,,,,,,,,
Monacor,SPH-130,8,38,0.32,0.39,1.91,22,5.7,0.5,80,8.2,,2.14,1,5.4,2,,16,,,,,,89,80,80,,,,,,130,,,,65,65,129,,,,,72,,25,10,,6,,,,,145,145,,,,,,,,,,,,,,,,,,,,,
Monacor,SPH-130AL,8,48,,0.34,5.07,10.8,6.4,0.6,80,9,,1.2,,7.22,2.3,,,,,,,,88,50,,,,,,,,,,,,,,,,,,,,,,,,,,,,,,,,,,,,,,,,,,,,,,,,,,
Monacor,SPH-135/AD,8,39,0.37,0.42,3.4,26,6,0.47,95,7.8,,2.14,,5,,,,,,,,,89,,,,,,89,,,135,,,,,,,,,,,,,,,,,,,,,,,,,,,,,,,,,,,,,,,,,,
Monacor,SPH-135C,8,40,0.39,0.43,4.48,17,6,0.75,95,12,,1.35,,6.5,,,,,,,,,88,50,,,,,88,,,133,,,,,,,,,,,,,,,,,,,,,,,,,,,,,,,,,,,,,,,,,,
Monacor,SPH-135KEP,8,45,0.3,0.32,5.54,15.5,6,0.75,95,10,,1.23,,7.5,,,,,,,,,89,50,,,,,89,,,133,,,,,,,,,,,,,,,,,,,,,,,,,,,,,,,,,,,,,,,,,,
Monacor,SPH-135TC,,40,0.42,0.48,3.44,16,,,95,8.9,,1.69,,4.2,,,,,,,,,85,,,,,,85,,,135,,,,,,,,,,,,,,,,,,,,,,,,,,,,,,,,,,,,,,,,,,
Monacor,SPH-145HQ,8,52,0.44,0.51,3.07,9.4,5.8,0.53,80,7.6,,1.05,,5.33,3.5,,,,,,,,83,100,50,,,,,,130,,,,60,,119,,,,,,,25,,,,,,,,145,,,,,,,,,,,,,,,,,,,,,,
Monacor,SPH-165,8,33,0.21,0.23,2.02,36,6.3,1.1,137,16,,1.22,,9.7,,,,,,,,,89,,,,,,89,,,165,,,,,,,,,,,,,,,,,,,,,,,,,,,,,,,,,,,,,,,,,,
Monacor,SPH-165CP,8,30,0.31,0.33,4.85,38,6.3,0.7,127,17,,1.71,,7.6,,,,,,,,,89,80,,,,,89,,,165,,,,,,,,,,,,,,,,,,,,,,,,,,,,,,,,,,,,,,,,,,
Monacor,SPH-165KEP,8,30,0.31,0.33,4.85,38,6,0.7,127,17,,1.71,,7.6,4.7,,,,,,,,89,60,,,,,,,165,165,,,,,,,,,,,,35.5,,,,,,,,,,,,,,,,,,,,,,,,,,,,,,
Monacor,SPH-170,8,38,0.44,0.55,2.38,37,6.2,0.45,137,12.5,,1.43,,5.9,3,,,,,,,,90,50,50,,,,,,185,185,,,80,,150,,,,,,,25,,,,,,,,185,,,,,,,,,,,,,,,,,,,,,,
Monacor,SPH-175HQ,8,39,0.42,0.5,2.57,32.95,6.5,0.71,140,13.9,,1.2,,6.4,5.5,,,,,,,,89,70,70,,,,,,170,,,,73,,152,,,,,,,25,,,,,,,,175,,,,,,,,,,,,,,,,,,,,,,
Monacor,SPH-176,8,39,0.37,0.44,2.27,27,6.6,0.75,140,14,,1.01,,7.7,5.5,,,,,,,,90,70,,,,,,,,175,,,75,,144,144,,4,,90,,25,,,,,,,,,,,,,,,,,,,,,,,,,,,,,,
Monacor,SPH-200KE,8,28,0.38,0.41,4.65,54,6.2,0.75,207,37,,0.89,,9.9,4.75,,,,,,,,90,80,,,,,,,200,212,,,100,89,182,,,,,120,,50,,,,,,,,,,,,,,,,,,,,,,,,,,,,,,
Monacor,SPH-210,8,28,0.24,0.27,2.14,81,6.3,1,210,24.5,,1.32,,10.3,,,,,,,,,90,50,,,,,90,,,210,,,,,,,,,,,,,,,,,,,,,,,,,,,,,,,,,,,,,,,,,,
Monacor,SPH-220HQ,8,30,0.4,0.46,3.06,80,6.1,0.9,232,24.7,,1.06,,7.63,5.5,,,,,,,,90,100,100,,,,,,200,,,,88,,194,,,,,,,37,,,,,,,,222,,,,,,,,,,,,,,,,,,,,,,
Monacor,SPH-225C,8,39,0.3,0.31,4.94,24,5.9,0.8,201,36.6,,0.43,,13.17,6,,,,,,,,90,120,100,,,,,,222,,,,102,,181,,,,,,,50,20,,8,,,,,222,,,,,,,,,,,,,,,,,,,,,,
Monacor,SPH-250KE,8,23,0.41,0.45,5.25,204,6.1,0.7,346,45,,0.94,,9.4,,,,,,,,,90,100,,,,,90,,250,258,,,,,,,,,,,,50,,,,,,,,,,,,,,,,,,,,,,,,,,,,,,
Monacor,SPH-300KE,8,22,0.33,0.36,4.15,250,6.2,1.5,496,65,,0.81,,12.5,6.5,,,,,,,,90,120,,,,,,,300,309,,,,,,,,,,,,65.5,,,,,,,,,,,,,,,,,,,,,,,,,,,,,,
Monacor,SPH-300TC,8,23,0.24,0.26,3.03,290,,,495,68,,0.85,3.2,10.3,4,,198,,,,,,91,120,,,,,,,300,,,,,,,,,,,,,,,,,,,,,,,,,,,,,,,,,,,,,,,,,,,
Monacor,SPH-380TC,4,21.5,0.28,0.31,2.81,275,,,845,199.5,,0.28,9.6,25,11.1,,938,,,,,,89,250,,,,,,,380,,,,,,,,,,,,,,,,,,,,,,,,,,,,,,,,,,,,,,,,,,,
Monacor,SPH-5M,8,45,0.41,0.47,2.89,13.47,6.3,0.54,95,11.73,,1.06,,6.42,3.5,,,,,,,,88,40,88,,,,,,140,150,,,75,,121,,,,,,,25,,,,,,,,150,,,,,,,,,,,,,,,,,,,,,,
Monacor,SPH-6M,8,39,0.3,0.35,2.26,17.6,6.33,0.82,127,20,,0.78,,9.68,4,,,,,,,,88,60,60,,,,,,165,180,,,92,,144,,,,,,,37,,,,,,,,180,,,,,,,,,,,,,,,,,,,,,,
Monacor,SPH-8M,8,35,0.41,0.5,2.26,44,6.5,0.78,240,27,,0.71,,9.01,4.5,,,,,,,,89,100,100,,,,,,205,222,,,97,,180,,,,,,,38,,,,,,,,222,,,,,,,,,,,,,,,,,,,,,,
Monacor,SPH170C,8,38,0.26,0.27,7.22,24,6,0.8,127,16.43,,1.06,,9.44,4,,,,,,,,88,60,60,,,,,,180,,,,90,,145,,,,,,,37,16,,8,,,,,180,,,,,,,,,,,,,,,,,,,,,,
Monacor,SPH30X/8SW,8,105,0.42,0.49,8.35,1.3,5.7,0.5,30,2.63,,0.9,,4.48,2,,,,,,,,87,,20,,,,,,,,,,40.7,,73,,,,,,,21,,,,,,,,80.5,,,,,,,,,,,,,,,,,,,,,,
Monacor,SPM-100/8,8,75,0.61,,,5,,,,,,,,,,,,,,,,,86,40,,,,,,,102,,,,,,,,,,,,,,,,,,,,,,,,,,,,,,,,,,,,,,,,,,,
Monacor,SPM-116/8,8,75,0.52,,,5,,,,,,,,,,,,,,,,,87,40,,,,,,,115,,,,,,,,,,,,,,,,,,,,,,,,,,,,,,,,,,,,,,,,,,,
Monacor,SPM-165/8,8,49,0.55,0.67,2.7,33,6.5,0.6,140,10.3,,1,,5.8,,,,,,,,,88,60,,,,,88,,165,,,,,,,,,,,,,,,,,,,,,,,,,,,,,,,,,,,,,,,,,,,
Monacor,SPM-200X,4,,,,,,,,,,,,,,1,,,,,,,,84,30,,,,,,,205,,,,,,,,,,,,,,,,,,,,,,,,,,,,,,,,,,,,,,,,,,,
Monacor,SPM-205/4,,,,,,,,,,,,,,,,,,,,,,,,,,,,,,,,200,,,,,,,,,,,,,,,,,,,,,,,,,,,,,,,,,,,,,,,,,,
Monacor,SPM-205/8,8,37,0.7,0.92,2.95,54,7.2,0.7,210,22,,,,6.5,,,,,,,,,89,,,,,,89,,,200,,,,,,,,,,,,,,,,,,,,,,,,,,,,,,,,,,,,,,,,,,
Monacor,SPM205/4,4,37,0.55,0.68,2.71,72,3.6,0.65,210,18,,0.98,,4.75,3,,,,,,,,89,70,70,,,,,,200,,,,88,,183,,,,,,,25.5,,,,,,,,200,,,,,,,,,,,,,,,,,,,,,,
Monacor,SPM205/8,8,37,0.7,0.92,2.95,54,7.2,0.7,210,22,,0.75,,6.5,3,,,,,,,,89,70,70,,,,,,200,,,,88,,183,,,,,,,25.5,,,,,,,,200,,,,,,,,,,,,,,,,,,,,,,
Monacor,SPP-110/4,4,53,0.37,0.46,2.01,8,3.3,0.3,55,4.3,,1.95,,3.3,2,,,,,,,,90,30,,,,,,,110,,,,,,,,,,,,,25.5,,,,,,,,,,,,,,,,,,,,,,,,,,,,,,
Monacor,SPX 200 WP Fullrange,8,36,0.59,0.69,4.18,60.5,7.6,0.35,213,19.7,,0.95,,6.79,2,,,,,,,,89,,50,,,,,,,,,,89,,180,,,,,,,25,,,,,,,,203,,,,,,,,,,,,,,,,,,,,,,
Monacor,SPX-200WP,8,36,0.59,0.69,4.18,60.5,7.6,0.35,213,19.7,17.4,0.95,,6.79,2,,,,,,,,89,50,,,,,,,203,203,,,89,,180,,,4,,,,25,,,,,,,,,,,,,,,,,,,,,,,,,,,,,,
Monacor,SPX-21M,4,170,0.47,0.53,4.66,0.14,3.74,0.12,13,1.45,,0.6,,3.32,1.2,,,,,,,,84,12,,,,,,,51,,,,,,,,,,,,,,,,,,,,,,,,,,,,,,,,,,,,,,,,,,,
Monacor,SPX-30M,8,100,0.71,0.89,3.453,1.78,6.4,0.18,32,2.1,,1.23,,3.05,1.1,,,,,,,,86,20,,,,,,,77,,,,,,,,,,,,,,,,,,,,,,,,,,,,,,,,,,,,,,,,,,,
Monacor,SPX-31M,8,110,0.58,0.69,3.707,1.3,6.4,0.18,32,1.9,,0.92,,3.64,1.1,,,,,,,,86,20,20,,,,,,76,,,,55,,71,,,,,,,20,,,,,,,,93,,,,,,,,,,,,,,,,,,,,,,
Monacor,SPX-32M,8,110,0.56,0.6,7.66,1.6,6.6,0.18,32,1.7,,1.11,,3.69,1.1,,,,,,,,83,20,,,,,,,90,,,,,,,,,,,,,,,,,,,,,,,,,,,,,,,,,,,,,,,,,,,
Morel,424D,4,60,0.32,0.38,2.05,4.530695455,3.1,0.25,,6.5,,1.056,,,4,,,,,,,,,150,,4,,,,,101.6,,,,,,,,,,,,,,,,,,,,,,,,,,,,,,,,,,,,,,,,,,,
Morel,CAT-328-104,9,651,,,,,5.2,0.09,6,0.44,,,,3.5,,,,,,,,,91,,200,,,,,,,,,,46,,,,,,,,,29,2.7,,2.5,,,,,104,,,,,,,,,,,,,,,,,,,,,,
Morel,CAT-328-104,,650,,,,,5.2,0.09,6,0.44,,,,3.5,,,,,,,,,90,,,,,,90,,,,,,,,,,,,,,,,,,,,,,,,,,,,,,,,,,,,,,,,,,,,,
Morel,CAT298,8,900,,,,,5.2,0.05,6,0.5,,,,3.3,,,,,,,,,89,80,80,,,89,89,,,104,,,30,,,,,,,,,28,2.5,,2.5,28,,,,104,,,,,,,,,,,,,,,,,,,,,,
Morel,CAT298-110,8,900,,,,,5.2,0.05,6,0.5,,,,,,,,,,,,,89,80,,,,,89,,,110,,,,,72,,,,,,,,,,,28,,,,,,,,,,,,,,,,,,,,,,,,,,
Morel,CAT298-94,8,900,,,,,5.2,0.05,6,0.5,,,,,,,,,,,,,89,80,,,,,89,,,94,,,,,72,,,,,,,,,,,28,,,,,,,,,,,,,,,,,,,,,,,,,,
Morel,CAT308,8,650,,,,,5.2,0.09,6,0.44,,,,3.5,,,,,,,,,90,200,200,,,90,90,,,104,,,46,,,,,,,,,28,2.7,,2.5,28,,,,104,,,,,,,,,,,,,,,,,,,,,,
Morel,CAT328-104,8,650,,,,,5.2,0.09,6,0.44,,,,3.5,,,,,,,,,90,200,,,,,90,,,104,,,,,72,,,,,,,,,,,28,,,,,,,,,,,,,,,,,,,,,,,,,,
Morel,CAT328-110,8,652,,,,,5.2,0.09,6,0.44,,,,3.5,,,,,,,,,90,200,200,,,,90,,,110,,,46,,72,,,,,,,30,2.7,,2.5,28,,,,110,,,,,,,,,,,,,,,,,,,,,,
Morel,CAT378,8,700,,,,,5.2,0.09,6,0.44,,,,3.5,,,,,,,,,93,200,200,,,93,,,,94,,,,,,,,,,,,28,2.7,,2.5,28,25,,,94,,,,,,,,,,,,,,,,,,,,,,
Morel,CAT408,8,780,0.52,1.3,0.87,,5.2,0.09,6,0.46,,,,,,,,,,,,,89,120,120,,,89,,,,72,,,60,,44,,,,,,,28,2.7,,2.5,28,,,,72,,,,,,,,,,,,,,,,,,,,,,
Morel,CAW428,8,74,0.38,0.46,2.33,4.5,5.5,0.32,57,4.55,,1.007,0.91,5,,,,,,,,,88,150,,,,,88,,,118.5,,,,,,,,,,,,,,,,,,,,,,,,,,,,,,,,,,,,,,,,,,
Morel,CAW428D,8,65,0.33,0.427,1.5515,5.1,5.5,0.33,57,5.2,,0.9115,1.37,5.24,4,,,,,,,,88,,150,,,,,,,,,,45,,93,,,,,,,54,12,,,,,,,118.14,,,,,,,,,,,,,,,,,,,,,,
Morel,CAW538,8,49,0.38,0.48,1.83,8.2,5.2,0.47,90,14,,0.72,2.39,6.9,3,,,,,,,,86,150,150,5,,,,,127,,,,65,,121,,,,,,,75,12,,6,,,,,143,,,,,,,,,,,,,,,,,,,,,,
Morel,CAW634,4,43,0.42,0.53,2.1,13.7,3.6,0.46,119,17,,0.796,2.225,5.6,,,,,,,,,86,150,,,,,86,,,160,,,,,,,,,,,,,,,,,,,,,,,,,,,,,,,,,,,,,,,,,,
Morel,CAW638,8,43,0.46,0.58,2.2,15.7,6.4,0.63,119,16,,0.792,2.04,7.3,4.25,,,,,,,,86,150,150,6,,,,,152.4,160,,,69,,140,,,,,,,75,14.5,,6,,,,,160,,,,,,,,,,,,,,,,,,,,,,
Morel,CAW938,8,29,0.52,0.67,2.32,70,6.3,0.62,219,27.5,,1.073,2.17,6.88,4.75,,,,,,,,86,150,150,9,,,86,1000,228.6,222,,,76,,198,,,,,,,75,14.5,,5,,,,,222,,,,,,,,,,,,,,,,,,,,,,
Morel,ECW536,6,45,0.31,0.39,1.55,11,4.5,0.28,88,14.8,,0.861,2.66,6.83,5.5,,,,,,,,86,150,150,,,,,,127,143,,,65,,,,,,,,,75,16,,5,,,,,143,,,,,,,,,,,,,,,,,,,,,,
Morel,ECW638,8,39,0.29,0.36,1.42,19,5,0.26,119,16,,0.994,2.82,7.45,,,,,,,,,88,150,,,,,88,,152.4,160,,,,,140.0048,,,,,,,,,,,,,,,,,,,,,,,,,,,,,,,,,,,,,
Morel,EM-428D,8,69,0.33,0.395,1.8091,4.1,5.5,0.33,57,5.9,,0.9115,1.4,5.95,4,,,,,,,,87.5,,150,,,,,,,,,,53.2,,92.9,,,,,,,54,12,,,,,,,118.14,,,,,,,,,,,,,,,,,,,,,,
Morel,EM1308,8,320,0.47,1.01,0.9,,6.2,0.2,28,3,,,,5.2,1,,,,,,,,88,200,200,,,,88,,50.8,130,,,80,,,,,,,,,54,6,,4,54,,,,130,,,,,,,,,,,,,,,,,,,,,,
Morel,EM428,8,68,0.41,0.48,3.03,3.5,5.4,0.36,57,6.55,,0.88,0.86,5.4,,,,,,,,,87,150,,,,,87,,101.6,118.5,,,,,93.98,,,,,,,,,,,,,,,,,,,,,,,,,,,,,,,,,,,,,
Morel,ET338,8,700,,,,,5.2,0.09,6,0.44,,,,6.3,,,,,,,,,92.5,,200,,,92.5,,,,,,,66,,76,,,,,,,28,2.7,,2.5,,,,,110,,,,,,,,,,,,,,,,,,,,,,
Morel,ET338-104,8,700,,,,,5.2,0.09,6,0.44,,,,6.3,,,,,,,,,92.5,200,200,,,92.5,,,,104,,,66,,76,,,,,,,28,2.7,,2.5,28,,,,104,,,,,,,,,,,,,,,,,,,,,,
Morel,ET338-110,8,700,,,,,5.2,0.09,6,0.44,,,,,,,,,,,,,92.5,200,,,,,92.5,,,110,,,,,76,,,,,,,,,,,28,,,,,,,,,,,,,,,,,,,,,,,,,,
Morel,ET448,8,750,,,,,5.2,0.05,6,0.44,,,,2.3,,,,,,,,,92,120,120,,,92,,,,72,,,55,,44,,,,,,,28,2.7,,2.5,28,,,,72,,,,,,,,,,,,,,,,,,,,,,
Morel,EW428,8,62,0.35,0.41,2.36,4.7,6.3,0.44,57,6.16,,1.046,1.02,6.1,,,,,,,,,87,150,,,,,87,,101.6,118.5,,,,,93.98,,,,,,,,,,,,,,,,,,,,,,,,,,,,,,,,,,,,,
Morel,EW536,6,45,0.22,0.28,1.16,10.3,4.5,0.38,88,13,,0.952,3.18,1,,,,,,,,,88,150,,,,,88,,127,143,,,,,120.904,,,,,,,,,,,,,,,,,,,,,,,,,,,,,,,,,,,,,
Morel,EW638,8,39,0.32,0.39,1.71,20.28,5.1,0.27,119,16,,1.062,2.26,7.05,6,,,,,,,,87,150,150,,,,,,152.4,160,,,69,,140,,,,,,,75,18,,6,,,,,160,,,,,,,,,,,,,,,,,,,,,,
Morel,Integra 424,4,120,0.48,0.6,2.47,2,3,0.15,,5,,0.35,1.52,,,,,,,,,,88,,,,,,88,,,118.5,,,,,,,,,,,,,,,,,,,,,,,,,,,,,,,,,,,,,,,,,,
Morel,Integra 524,4,62,0.29,0.36,1.65,12.93,,,,6.59,,0.98,,,,,,,,,,,90.4,,,,,,90.4,,,143.2,,,,,,,,,,,,,,,,,,,,,,,,,,,,,,,,,,,,,,,,,,
Morel,Integra 624,4,58,0.35,0.43,1.84,15.35,,,,9.62,,0.77,,,,,,,,,,,90.3,,,,,,90.3,,,160.2,,,,,,,,,,,,,,,,,,,,,,,,,,,,,,,,,,,,,,,,,,
Morel,MDM 55 Midrange,8,380,0.68,1.75,1.13,,6.2,0.19,28,2.8,,,,,,,,,,,,,89.5,200,,,,,89.5,,,,,,,,76,,,,,,,,,,,54,,,,,,,,,,,,,,,,,,,,,,,,,,
Morel,MDM55,8,380,0.68,1.75,1.13,,6.3,0.19,28,2.8,,,,5.2,1,,,,,,,,89.5,,200,,,,89.5,,,87.122,,,86,,,,,,,,,54,6,,4,,,,,87,87,,,,,,,,,,,,,,,,,,,,,
Morel,MDT-22,,,,,,,,,,,,,,,,,,,,,,,,,,,,,,,,,,,,,,,,,,,,,,,,,,,,,,,,,,,,,,,,,,,,,,,,,,
Morel,MDT-29,,1000,,,,,3.6,,,0.45,,,,2.61,,,,,,,,,92,,,,,,92,,,,,,,,,,,,,,,,,,,,,,,,,,,,,,,,,,,,,,,,,,,,,
Morel,MDT-32-S,,650,,,,,5.2,0.09,6,0.44,,,,3.5,,,,,,,,,90,,,,,90,,,,,,,,,,,,,,,,,,,,,,,,,,,,,,,,,,,,,,,,,,,,,,
Morel,MDT-33,,700,,,,,5.2,,6,0.44,,,,6.3,,,,,,,,,,,,,,,,,,,,,,,,,,,,,,,,,,,,,,,,,,,,,,,,,,,,,,,,,,,,
Morel,MDT12,8,1000,,,,,5.2,,,,,,,,,,,,,,,,89,80,,,,,89,,,,,,,,44,,,,,,,,,,,28,,,,,,,,,,,,,,,,,,,,,,,,,,
Morel,MDT22T,8,650,,,,,5.2,,,,,,,,,,,,,,,,89,80,,,,,89,,,,,,,,44,,,,,,,,,,,28,,,,,,,,,,,,,,,,,,,,,,,,,,
Morel,MDT29-4,,1000,,,,,3.6,,6,0.45,,,,2.61,,,,,,,,,92,,,,,,92,,,,,,,,,,,,,,,,,,,,,,,,,,,,,,,,,,,,,,,,,,,,,
Morel,MDT30S,,,,,,,,,,,,,,,,,,,,,,,,,,,,,,,,,,,,,,,,,,,,,,,,,,,,,,,,,,,,,,,,,,,,,,,,,,
Morel,MSW 538,8,45,0.36,,,12.176244035,,,,13.68,,,,,3.5,,,,,,,,,150,,5,,,,,127,,,,,,,,,,,,,,,,,,,,,,,,,,,,,,,,,,,,,,,,,,,
Morel,MW-266,8,30,0.56,0.73,2.45,80.136675855,6.3,0.54,219,24.9,,1.19,,6.25,4.3,,,,,,,,,150,,8,,,,,203.2,,,,,,,,,,,,,,,,,,,,,,,,,,,,,,,,,,,,,,,,,,,
Morel,MW1054,,,,,,,,,,,,,,,,,,,,,,,,,,,,,,,,,,,,,,,,,,,,,,,,,,,,,,,,,,,,,,,,,,,,,,,,,,
Morel,MW1075,8,29,0.62,0.83,2.48,122.895114209,6.3,0.63,324,32.6,,0.84,,6.3,4.3,,,,,,,,,180,,10,,,,,254,,,,,,,,,,,,,,,,,,,,,,,,,,,,,,,,,,,,,,,,,,,
Morel,MW144,8,52,0.55,0.71,2.44,8,5.2,,,,,,,,,,,,,,,,88,,,,,,88,,,142,,,,,,,,,,,,,,,,,,,,,,,,,,,,,,,,,,,,,,,,,,
Morel,MW166,8,46,0.58,0.74,2.79,15.6,6.7,,,,,,,,,,,,,,,,86,,,,,,86,,,160,,,,,,,,,,,,,,,,,,,,,,,,,,,,,,,,,,,,,,,,,,
Morel,mw1668,,,,,,,,,,,,,,,,,,,,,,,,,,,,,,,,,,,,,,,,,,,,,,,,,,,,,,,,,,,,,,,,,,,,,,,,,,
Morel,MW265-4,4,30,0.61,0.79,2.79,61,3.5,,,,,,,,,,,,,,,,92,,,,,,92,,,222,,,,,,,,,,,,,,,,,,,,,,,,,,,,,,,,,,,,,,,,,,
Morel,MW265-8,8,30,0.61,0.79,2.79,61,5.2,,,,,,,,,,,,,,,,89,,,,,,89,,,222,,,,,,,,,,,,,,,,,,,,,,,,,,,,,,,,,,,,,,,,,,
Morel,Power Slim 6,4,66,0.95,1.55,2.47,7.7,4,0.17,141,20,,0.28,,,,,,,,,,,84,80,,,,,84,,,160,,,,,,,,,,,,,,,,,,,,,,,,,,,,,,,,,,,,,,,,,,
Morel,PowerSlim 6 Carbon,6,72,0.62,0.88,2.16,8.4,4,0.26,133,14.15,,0.34,,,,,,,,,,,89,70,,,,,89,,,160,,,,,,,,,,,,,,,,,,,,,,,,,,,,,,,,,,,,,,,,,,
Morel,RU-SOLUS,,,,,,,,,,,,,,,,,,,,,,,,,,,,,,,,,,,,,,,,,,,,,,,,,,,,,,,,,,,,,,,,,,,,,,,,,,
Morel,SCM634,4,49,0.4,0.59,1.32,14,3.3,0.12,119,14.5,,0.733,3.36,4.9,5.25,,,,,,,,89,150,150,,,,,,152.4,160,,,69,,140,,,,,,,75,5.5,,16,,,,,160,,,,,,,,,,,,,,,,,,,,,,
Morel,SCW636,6,40,0.29,0.35,1.76,18.5,4.5,0.26,119,16,,0.969,2.31,7.2,5,,,,,,,,87,150,150,6,,,,,152.4,160,,,69,,140,,,,,,,75,16,,6,,,,,160,,,,,,,,,,,,,,,,,,,,,,
Morel,ST1048,8,680,0.36,0.65,0.8,,5.2,0.09,6,0.44,,,,,,,,,,,,,91.5,220,,,,91.5,91.5,,,104,,,,,75,,,,,,,,,,,28,,,,,,,,,,,,,,,,,,,,,,,,,,
Morel,ST1048-BLK,,680,,,,,5.2,0.09,6,0.44,,,,,,,,,,,,,,,,,,,,,,,,,,,,,,,,,,,,,,,,,,,,,,,,,,,,,,,,,,,,,,,,
Morel,ST1108,8,680,,,,,5.2,0.09,6,0.44,,,,,,,,,,,,,91.5,220,220,,,91.5,,,,110,,,40,,75,,,,,,,28,2.7,,4.2,28,,,,110,,,,,,,,,,,,,,,,,,,,,,
Morel,ST1308,8,680,,,,,5.2,0.09,6,0.44,,,,,,,,,,,,,91.5,220,220,,,,,,,130,,,40,,104,,,,,,,28,2.7,,4.2,28,,,,130,,,,,,,,,,,,,,,,,,,,,,
Morel,ST728,8,800,0.36,0.65,0.8,,5.2,0.05,6,0.44,,,,,0.95,,,,,,,,91,120,120,,,,91,,,72,,,53,,,,,,,,,28,2.7,,4.6,28,,,,72,,,,,,,,,,,,,,,,,,,,,,
Morel,TICW-634-ND,4,40,0.35,0.37,4.98,17.3,3.7,0.29,119,17.7,,0.998,,6.6,5.5,,,,,,,,88,150,150,,,,88,,152.4,160,,,69,,140,,,,,,,75,16,,5,,,,,160,,,,,,,,,,,,,,,,,,,,,,
Morel,TICW-638-ND,4,,,,,14,5.4,0.32,,,,,,,,,,,,,,,,,,,,,,,,,,,,,,,,,,,,75,15.5,,5,,,,,,,,,,,,,,,,,,,,,,,,,,,
Morel,TICW-638-ND,8,45,0.42,0.47,4.68,14,5.4,0.32,119,16.8,,0.7,,7.5,5.25,,,,,,,,87,150,150,6,,,87,,152.4,160,,,69,,140,,,,,,,75,15.5,,5,,,,,160,,,,,,,,,,,,,,,,,,,,,,
Morel,TICW1058FT,8,24,0.37,0.4,4.95,106,6.3,0.52,346,106,,0.41,3.2,15.86,10.5,,,,,,,,86,600,600,,,,,,254,263,,,148,,241,,,,,,,130,33,,12,,,,,263,,,,,,,,,,,,,,,,,,,,,,
Morel,TICW1258FT,8,19,0.34,0.38,4.03,170,6.4,0.62,437,110,,0.6,3.25,15.25,10.5,,,,,,,,88,600,600,12,,,,,304.8,305,,,150,,,,,,,,,130,33,,12,,,,,305,,,,,,,,,,,,,,,,,,,,,,
Morel,TICW958FT,8,28,0.38,0.43,4.4,34,6.3,0.62,243,77,,0.39,3.07,15,10.5,,,,,,,,85,500,500,,,,,,,222,,,125,,,,,,,,,130,33,,12,,,,,222,,,,,,,,,,,,,,,,,,,,,,
Morel,TIW634FT,4,40,0.39,0.43,4.3,19.7,3.6,0.45,119,15.7,,0.998,,5.6,4.25,,,,,,,,88,150,150,6,,,88,,152.4,160,,,69,,140,,,,,,,75,14.5,,6,,,,,160,,,,,,,,,,,,,,,,,,,,,,
Morel,TIW634ND,4,40,0.35,0.37,4.98,17.7,3.7,0.29,119,17.8,,0.988,,6.6,5.5,,,,,,,,88,150,150,,,,,,152.4,160,,,69,,140,,,,,,,75,16,,5,,,,,160,,,,,,,,,,,,,,,,,,,,,,
Morel,TIW638FT,8,40,0.42,0.47,3.96,19.7,5.4,0.63,119,15.5,,0.998,,7.3,4.25,,,,,,,,86,150,150,6,,,86,,152.4,160,,,69,,140,,,,,,,75,14.5,,6,,,,,160,,,,,,,,,,,,,,,,,,,,,,
Morel,TIW638ND,8,43,0.4,0.44,4.7,15.5,5.4,0.53,119,17,,0.78,,7.7,5.25,,,,,,,,87,150,150,6,,,87,,152.4,160,,,69,,140,,,,,,,75,15.5,,5,,,,,160,,,,,,,,,,,,,,,,,,,,,,
Morel,TM4055-8,8,365,0.51,1.32,0.84,,6.5,0.17,,,,,,,1,,,,,,,,,,,,,,,,,143.2,,,80,,135,,,,,,,,,,,,,,,,,,,,,,,,,,,,,,,,,,,,,
Morel,TSCM634,4,49,0.53,0.56,4.25,13.3,3.3,0.11,119,15.3,,0.86,0.55,5.09,5.25,,,,,,,,89,150,150,,,,,,152.4,160,,,69,,140,,,,,,,75,5.5,,16,,,,,160,,,,,,,,,,,,,,,,,,,,,,
Morel,TSCT1044,4,591,,,,,4.19,0.047,6,,,,,,,,,,,,,,95,200,,,,,95,,,104,,,,,72.8,,,,,,,,,,,28,,,,,,,,,,,,,,,,,,,,,,,,,,
Morel,TSCT1104,4,573,0.41,0.53,2.41,,4.19,0.047,6,,,,,,,,,,,,,,95,200,,,,,95,,,110,,,,,72.8,,,,,,,,,,,28,,,,,,,,,,,,,,,,,,,,,,,,,,
Morel,TSCW636,6,43,0.36,0.39,3.8,13.3,4.5,0.26,119,19,,0.67,1.35,7.9,5,,,,,,,,88.5,150,150,,,,,,152.4,160,,,69,,140,,,,,,,75,16,,6,,,,,160,,,,,,,,,,,,,,,,,,,,,,
Morel,UW 1058 Woofer,8,26,0.43,0.58,1.72,40.8,6.8,1.33,346,99.3,,0.24,11.691,,,,,,,,,,85.8,500,,,,,85.8,,,263,,,,,,,,,,,,,,,,,,,,,,,,,,,,,,,,,,,,,,,,,,
Morel,UW 1258 Woofer,8,21,0.43,0.56,1.88,138.38,6.8,1.33,437,105.49,,0.44,8.15,,,,,,,,,,87,800,,,,,87,,,305,,,,,,,,,,,,,,,,,,,,,,,,,,,,,,,,,,,,,,,,,,
Morel,UW 958 Woofer,8,28,0.35,0.45,1.61,39.5,6.2,1.32,243,65.5,,0.47,7.374,,,,,,,,,,85.8,500,,,,,85.8,,,222,,,,,,,,,,,,,,,,,,,,,,,,,,,,,,,,,,,,,,,,,,
Morel,UW-1058,8,26,0.43,0.58,1.72,40.8,6.8,1.33,346,99.3,,0.24,11.691,15.3,12.5,,,,,,,,85.5,,500,,,,,,,,,,148.5,,241,,,,,,,130,37,,12,,,,,263,,,,,,,,,,,,,,,,,,,,,,
Morel,UW-1258,8,21,0.43,0.56,1.88,138.38,6.8,1.33,437,105.49,,0.44,8.15,13.67,12.5,,,,,,,,87,,800,,,,,,,,,,154.3,,270,,,,,,,130,37,,12,,,,,305,,,,,,,,,,,,,,,,,,,,,,
Mundorf,164UM1.1,,,,,,,,,,,,,,,,,,,,,,,,,,,,,,,,,,,,,,,,,,,,,,,,,,,,,,,,,,,,,,,,,,,,,,,,,,
Mundorf,168PP27-628-286,,,,,,,,,,,,,,,,,,,,,,,,,,,,,,,,,,,,,,,,,,,,,,,,,,,,,,,,,,,,,,,,,,,,,,,,,,
Mundorf,AMT164UM2.3-R,,,,,,,,,,,,,,,,,,,,,,,,,,,,,,,,,,,,,,,,,,,,,,,,,,,,,,,,,,,,,,,,,,,,,,,,,,
Mundorf,AMT17D1.1,,,,,,,8.6,,,,,,,,,,,,,,,,,,,,,,,,,,,,,,,,,,,,,,,,,,,,,,,,,,,,,,,,,,,,,,,,,,,
Mundorf,AMT17D2.1,,,,,,,,,,,,,,,,,,,,,,,,,,,,,,,,,,,,,,,,,,,,,,,,,,,,,,,,,,,,,,,,,,,,,,,,,,
Mundorf,AMT17D2.2,,1700,,,,,4.7,,,,,,,,,,,,,,,,,,,,,,,,,,,,,,,,,,,,,,,,,,,,,,,,,,,,,,,,,,,,,,,,,,,
Mundorf,AMT1908C,,,,,,,,,,,,,,,,,,,,,,,,,,,,,,,,,,,,,,,,,,,,,,,,,,,,,,,,,,,,,,,,,,,,,,,,,,
Mundorf,AMT19CM1.1-C,,,,,,,8.1,,,,,,,,,,,,,,,,,,,,,,,,,,,,,,,,,,,,,,,,,,,,,,,,,,,,,,,,,,,,,,,,,,,
Mundorf,AMT19CM2.1-C,,,,,,,,,,,,,,,,,,,,,,,,,,,,,,,,,,,,,,,,,,,,,,,,,,,,,,,,,,,,,,,,,,,,,,,,,,
Mundorf,AMT21CM2.1-C,,,,,,,4.4,,,,,,,,,,,,,,,,,,,,,,,,,,,,,,,,,,,,,,,,,,,,,,,,,,,,,,,,,,,,,,,,,,,
Mundorf,AMT21CM2.1-C,,,,,,,,,,,,,,,,,,,,,,,,,,,,,,,,,,,,,,,,,,,,,,,,,,,,,,,,,,,,,,,,,,,,,,,,,,
Mundorf,AMT23CM1.1-C,,,,,,,6.9,,,,,,,,,,,,,,,,,,,,,,,,,,,,,,,,,,,,,,,,,,,,,,,,,,,,,,,,,,,,,,,,,,,
Mundorf,AMT23CM1.1-C,,,,,,,,,,,,,,,,,,,,,,,,,,,,,,,,,,,,,,,,,,,,,,,,,,,,,,,,,,,,,,,,,,,,,,,,,,
Mundorf,AMT23CM1.1-R,,,,,,,6.9,,,,,,,,,,,,,,,,,,,,,,,,,,,,,,,,,,,,,,,,,,,,,,,,,,,,,,,,,,,,,,,,,,,
Mundorf,AMT23CM1.1-R,,,,,,,,,,,,,,,,,,,,,,,,,,,,,,,,,,,,,,,,,,,,,,,,,,,,,,,,,,,,,,,,,,,,,,,,,,
Mundorf,AMT23D1.1,,,,,,,6.9,,,,,,,,,,,,,,,,,,,,,,,,,,,,,,,,,,,,,,,,,,,,,,,,,,,,,,,,,,,,,,,,,,,
Mundorf,AMT23D1.1,,,,,,,,,,,,,,,,,,,,,,,,,,,,,,,,,,,,,,,,,,,,,,,,,,,,,,,,,,,,,,,,,,,,,,,,,,
Mundorf,AMT23D6.1-C,,,,,,,6.9,,,,,,,,,,,,,,,,,,,,,,,,,,,,,,,,,,,,,,,,,,,,,,,,,,,,,,,,,,,,,,,,,,,
Mundorf,AMT23D6.1-R,,1500,,,,,6.9,,,,,,,,,,,,,,,,,,,,,,,,,,,,,,,,,,,,,,,,,,,,,,,,,,,,,,,,,,,,,,,,,,,
Mundorf,AMT25CM1.1-R,6,1400,,,,,5.9,,64.64,,,,,,,,,,,,,,93,210,,,,,93,,,,,,,,,,,,,,,,,,,,,,,100,130,53,,,,,,,,,,,,,,,,,,,,
Mundorf,AMT25CS2.1-R,,,,,,,7.3,,,,,,,,,,,,,,,,,,,,,,,,,,,,,,,,,,,,,,,,,,,,,,,,,,,,,,,,,,,,,,,,,,,
Mundorf,AMT25CS2.1-R,,,,,,,,,,,,,,,,,,,,,,,,,,,,,,,,,,,,,,,,,,,,,,,,,,,,,,,,,,,,,,,,,,,,,,,,,,
Mundorf,AMT25D1.1,,,,,,,5.6,,,,,,,,,,,,,,,,,,,,,,,,,,,,,,,,,,,,,,,,,,,,,,,,,,,,,,,,,,,,,,,,,,,
Mundorf,AMT25D1.1,,,,,,,,,,,,,,,,,,,,,,,,,,,,,,,,,,,,,,,,,,,,,,,,,,,,,,,,,,,,,,,,,,,,,,,,,,
Mundorf,AMT25D6.1-R,,,,,,,5.6,,,,,,,,,,,,,,,,,,,,,,,,,,,,,,,,,,,,,,,,,,,,,,,,,,,,,,,,,,,,,,,,,,,
Mundorf,AMT27D1.1,,,,,,,13.5,,,,,,,,,,,,,,,,,,,,,,,,,,,,,,,,,,,,,,,,,,,,,,,,,,,,,,,,,,,,,,,,,,,
Mundorf,AMT27D1.1,,,,,,,,,,,,,,,,,,,,,,,,,,,,,,,,,,,,,,,,,,,,,,,,,,,,,,,,,,,,,,,,,,,,,,,,,,
Mundorf,AMT29CM1.1-R,8,1500,,,,,8.5,,,,,,,,,,,,,,,,,,,,,,,,,,,,,,,,,,,,,,,,,,,,,,,,,,,,,,,,,,,,,,,,,,,
Mundorf,AMT29CM1.1-R,,,,,,,,,,,,,,,,,,,,,,,,,,,,,,,,,,,,,,,,,,,,,,,,,,,,,,,,,,,,,,,,,,,,,,,,,,
Mundorf,AMTU110W1.1,6,1750,,,,,5.5,,43.6,,,,,,,,,,,,,,93,20,20,,,,93,,,,,,45,,,,,,,,,,,,,,,,,125,55,45,114,33,,,,,,,,,,,,,,,,,,
Mundorf,AMTU110W1.1-R,6,1750,,,,,,,43.6,,,,,,,,,,,,,,93,,,,,,93,,,,,,,,,,,,,,,,,,,,,,,,,,,,,,,,,,,,,,,,,,,,,
Mundorf,AMTU160W1.1,4,1750,,,,,4.6,,68.1,,,,,,,,,,,,,,93,,15,,,,,,,,,,45,,,,,,,,,,,,,,,,,175,55,,164,33,,,,,,,,,,,,,,,,,,
Mundorf,AMTU160W1.1-R,4,1750,,,,,,,68.1,,,,,,,,,,,,,,93,,,,,,93,,,,,,,,,,,,,,,,,,,,,,,,,,,,,,,,,,,,,,,,,,,,,
Mundorf,AMTU40W1.1,4,,,,,,,,,,,,,,,,,,,,,,92,,,,,,92,,,,,,,,,,,,,,,,,,,,,,,,,,,,,,,,,,,,,,,,,,,,,
Mundorf,AMTU40W1.1,,,,,,,,,,,,,,,,,,,,,,,,,,,,,,,,,,,,,,,,,,,,,,,,,,,,,,,,,,,,,,,,,,,,,,,,,,
Mundorf,AMTU40W1.2,4,3900,,,,,3.7,,13.5,,,,,,,,,,,,,,92,10,10,,,,92,,,,,,45.2,,,,,,,,,,,,,,,,,55.2,55.2,45.2,33.2,33.2,,,,,,,,,,,,,,,,,,
Mundorf,AMTU40W1.2-C,4,3900,,,,,3.7,,13.5,,,,,,,,,,,,,,92,10,80,,,,92,,,80,,,,,,,,,,,,,,,,,,,,80,,,32,44,,,,,,,,,,,,,,,,,,
Mundorf,AMTU60W1.1,4,2350,,,,,4,,20.1,,,,,,,,,,,,,,93,10,10,,,,93,,,,,,45,,,,,,,,,,,,,,,,,75,55,45,64,33,,,,,,,,,,,,,,,,,,
Mundorf,AMTU60W1.1-C,4,2350,,,,,,,20.1,,,,,,,,,,,,,,93,,,,,,93,,,,,,,,,,,,,,,,,,,,,,,,,,,,,,,,,,,,,,,,,,,,,
Mundorf,AMTU80W1.1,4,2150,,,,,4.4,,31.4,,,,,,,,,,,,,,94,,15,,,,,,,,,,45,,,,,,,,,,,,,,,,,,,,84,33,,,,,,,,,,,,,,,,,,
Mundorf,AMTU80W1.1-R,4,2150,,,,,,,31.4,,,,,,,,,,,,,,94,,,,,,94,,,,,,,,,,,,,,,,,,,,,,,,,,,,,,,,,,,,,,,,,,,,,
Mundorf,U40W1.1,4,3900,,,,,3.7,,13.5,,,,,,,,,,,,,,92,,10,,,,,,,,,,42,,,,,,,,,,,,,,,,,55,55,,42,42,,,,,,,,,,,,,,,,,,
Neotera Audio,UF_CBS_295,,20.9,1.45,2.13,4.52,25,3.8,2.93,394,470,,0.12,13,10.8,,,,,,,,,,,,,,,,,,,,,,,,,,,,,,,,,,,,,,,,,,,,,,,,,,,,,,,,,,,,
Peerless,830656,,57,0.59,0.7,3.6,8.774,6.1,0.37,86.6,9.3,,0.833,,,3.46,,,,,,,,,,,,,,,,,,,,,,,,,,,,,,,,,,,,,,,,,,,,,,,,,,,,,,,,,,,
Peerless,830657,,,0.46,0.55,2.74,30.765,,0.38,141,11.5,,1.101,,,3.46,,,,,,,,,,,,,,,,,,,,,,,,,,,,,,,,,,,,,,,,,,,,,,,,,,,,,,,,,,,
Peerless,830667,6,46,0.75,0.836,7.21,19,5.6,0.829,201,34.78,,0.33,,8.33,11.1,,,,,,,,,,,,,,,,,,,,,,,,,,,,,,,,,,,,,,,,,,,,,,,,,,,,,,,,,,,
Peerless,830668,,,,,,,,,,,,,,,,,,,,,,,,,,,,,,,,,,,,,,,,,,,,,,,,,,,,,,,,,,,,,,,,,,,,,,,,,,
Peerless,830669,,,0.54,0.58,7.1,132.42,,1.12,522.8,74.11,,0.345,,,8.3,,,,,,,,,,,,,,,,,,,,,,,,,,,,,,,,,,,,,,,,,,,,,,,,,,,,,,,,,,,
Peerless,830855,,,,,,,,,,,,,,,,,,,,,,,,,,,,,,,,,,,,,,,,,,,,,,,,,,,,,,,,,,,,,,,,,,,,,,,,,,
Peerless,830860,,56.1,0.41,0.5,2.41,10.6,5.7,0.6,88,8.1,,0.99,1.19,5.7,3.5,,,,,,,,88.3,,,,,,,,,,,,,,,,,,,,,,,,,,,,,,,,,,,,,,,,,,,,,,,,,,,
Peerless,830970,4,147,0.57,0.67,3.9,0.18,,0.03,13.9,1.39,,0.6611,,,1.65,,,,,,,,,,,,,,,,,,,,,,,,,,,,,,,,,,,,,,,,,,,,,,,,,,,,,,,,,,,
Peerless,830983,4,147,0.71,0.81,5.6,0.16,,0.03,15.2,1.64,,0.5023,,,1.65,,,,,,,,,,,,,,,,,,,,,,,,,,,,,,,,,,,,,,,,,,,,,,,,,,,,,,,,,,,
Peerless,830984,6.6,111,0.72,0.83,5.4,0.71,,0.05,22.2,2.03,,1.0152,,,2.05,,,,,,,,,,,,,,,,,,,,,,,,,,,,,,,,,,,,,,,,,,,,,,,,,,,,,,,,,,,
Peerless,830985,4,101,0.63,0.75,4.1,0.61,,0.03,21.2,1.92,,0.963,,,1.65,,,,,,,,,,,,,,,,,,,,,,,,,,,,,,,,,,,,,,,,,,,,,,,,,,,,,,,,,,,
Peerless,835017,,,,,,,,,,,,,,,,,,,,,,,,,,,,,,,,,,,,,,,,,,,,,,,,,,,,,,,,,,,,,,,,,,,,,,,,,,
Peerless,835026,,27,0.41,0.46,4.3,65.96,5.5,0.57,32.4,38.57,,0.8699,,,6.02,,,,,,,,,,,,,,,,,,,,,,,,,,,,,,,,,,,,,,,,,,,,,,,,,,,,,,,,,,,
Peerless,BC20SC15-04,4,1579,2.45,4.99,4.8,0,3.11,0.02,4.5,0.2,,0.0494,,1.13,0.2,,,,,,,,86.7,80,,,,1,86.7,,,66.3,,,,,38.8,,,,,,,,,,,19,,,,,,,,,,,,,,,,,,,,,,,,,,
Peerless,BC25SC06-04,4,1394.91,1.17,1.76,3.45,0.001,2.8,0.02,4.9,0.3,,0.043,,2.05,0.2,,,,,,,,92.4,25,25,,,1,1,,,,,,,,,,,,,,,25.4,,,2,25,25,,,70,,,,,,,,,,,,,,,,,,,,,,
Peerless,BC25SC08-04,4,1663,1.17,1.53,4.93,0,2.79,0.02,5.1,0.2,,0.0443,,1.98,0,,,,,,,,94.9,100,,,,1,94.9,,,70,,,,,44,,,,,,,,,,,25,,,,,,,,,,,,,,,,,,,,,,,,,,
Peerless,BC25SC55-04,4,1401,1.24,1.83,3.82,0,2.74,0.02,7.1,0.4,,0.0358,,2.18,0,,,,,,,,89.6,100,100,,,1,89.6,,,70,,,29.55,,,,,,,,,25.4,,,2,25,,,,25,,,70,54,,,,,,,,,,,,,,,,,,
Peerless,BC25TG15-04,4,1128.01,0.84,1.26,2.54,0.01,2.99,0.02,6.2,0.3,,0.0645,,2.28,0.6,,,,,,,,89.8,50,50,,,1,1,,,104,,,,,,,,,,,,25.4,,,4,25,25,,,104,,,,,,,,,,,,,,,,,,,,,,
Peerless,D19TD05-08,8,1687,0.69,1.94,1.08,0,6.33,0.02,4.2,0.2,,0.0434,,2.66,0.4,,,,,,,,87.5,100,,,,,87.5,,,94,,,,,70,,,,,,,,,,,19,,,,,,,,,,,,,,,,,,,,,,,,,,
Peerless,D26NC56-06,6,1625,0.97,3.59,1.33,0,4.68,0.02,7.1,0.4,,0.0266,,2.19,0.5,,,,,,,,89.3,100,,,,1,89.3,,,70,,,,,45,,,,,,,,,,,26,,,,,,,,,,,,,,,,,,,,,,,,,,
Peerless,d27tg35,,,,,,,,,,,,,,,,,,,,,,,,,,,,,,,,,,,,,,,,,,,,,,,,,,,,,,,,,,,,,,,,,,,,,,,,,,
Peerless,D27TG35-06,6,900,0.54,1.03,1.13,0.007,4.9,0.039,7.07,0.299,,0.1,,2.83,0.967,,,,,,,,91.1,100,100,,,,,,,104,,,,,,,,,,,,25.79,,,2.5,27,25.4,,,104.2,,,,,,,,,,,,,,,,,,,,,,
Peerless,DA25BG08-06,6,710,0.51,0.704,1.78,,5.2,0.024,,,,,,,,,,,,,,,,,,,,,,,,104,,,44,,88,,,,,,,,,,,,25,,,,,,,,,,,,,,,,,,,,,,,,,
Peerless,DA25TX00-08,8,640,0.58,0.829,1.87,,6.9,0.026,,,,,,,,,,,,,,,,,,,,,,,,123,,,75,,90,,,,,,,,,,,,25,,,,,,,,,,,,,,,,,,,,,,,,,
Peerless,DA32TX00-08,8,630,0.46,0.621,1.73,,6.8,0.02,,,,,,,,,,,,,,,,,,,,,,,,132,,,78.6,,,,,,,,,,,,,,32,,,,,,,,,,,,,,,,,,,,,,,,,
Peerless,dq25sc16-04,,,,,,,,,,,,,,,,,,,,,,,,,,,,,,,,,,,,,,,,,,,,,,,,,,,,,,,,,,,,,,,,,,,,,,,,,,
Peerless,DX20BF00,4,822.14,1.27,2.93,2.24,,2.83,0.01,4.9,0.2,,0.1845,,,0.2,,,,,,,,86.9,,60,,,86.9,1,,,,,,40,,49.5,,,,,,,19.3,,,2,,,,,19,,,,,,,,,,,,,,,,,,,,,,
Peerless,DX25TG59-04,4,640,0.57,0.74,2.46,0.02,2.93,0.02,8.2,0.4,,0.1702,,2.41,0.1,,,,,,,,1,100,100,,,1,1,,,104,,,,,,,,,,,,25.8,,,2.5,25,25,,,104.2,,,,,,,,,,,,,,,,,,,,,,
Peerless,GBS-115N25AL01-04,4,,,,,1.79,3.3,0.344,,8.45,,,,4.53,,,,,,,,,82.2,,,,,,,,,,,,,,,,,,,,,,,,,,,,,,,,,,,,,,,,,,,,,,,,,,,
Peerless,GBS-135F25AL02-04,4,63,0.57,0.66,4.12,5.351884005888,3.28,0.21,85.22,12.3,,,,4.92,,,,,,,,,,,,,,,,,127,152.4,,,,,118.872,,,,,,,,,,,,,,,,,,,,,,,,,,,,,,,,,,,,,
Peerless,GBS-200F35CP02-04,4,42,0.44,0.478,5.09,13.9,3.4,2.33,222,71.6,,,,12,6.7,,,,,,,,,,,,,,,,203.2,226,,,56,,186,211,6.4,8,,,,35.5,,,,,,,,,,,,,,,,,,,,,,,,,,,,,,
Peerless,H26TG45-06,6,1018,0.53,1.13,0.98,0.01,4.69,0.02,7.1,0.4,,0.0677,,3.1,0.5,,,,,,,,94.6,100,,,,1,94.6,,,104,,,,,82,,,,,,,,,,,25,,,,,,,,,,,,,,,,,,,,,,,,,,
Peerless,HDS-P830860,8,61.6,0.47,0.59,2.21,8.41,5.9,0.27,89.9,9,,0.7405,,5.9,3.5,,,,,,,,86.5,30,50,,,,,,,152.146,,,,,120,140,5.1,6,,,,25.73,,,6,,,,,,134,,,,,,,,,,,,,,,,,,,,,
Peerless,HDS-P830874,8,58,0.43,0.53,2.3,12.4594125,6.5,0.42,143,17.34,,0.43,,8.82,5.38,,,,,,,,,50,,,,,,,165.1,182.372,,,,,145.288,,,,,,,,,,,,,,,,,,,,,,,,,,,,,,,,,,,,,
Peerless,HDS-P830875,8,46,0.36,0.41,3.2,21.78,6.4,0.41,143.1,15.94,,0.7568,,8.47,5.34,,,,,,,,88.9,75,75,,,1,1,,165.1,182.118,,,78,,,,,,,,,33,17,,6,,,,,164,182,,,,,,,,,,,,,,,,,,,,,
Peerless,HDS-P830883,8,43,0.38,0.46,2.2,22.93664574,5.9,0.18,143.1,17.34,,0.8,,7.7,5.62,,,,,,,,,30,,,,,,,165.1,180,,,88,,148,167.3,5,6,,,,32.4,,,,,,,,,,,,,,,,,,,,,,,,,,,,,,
Peerless,HDS-P830990,8,46,0.39,0.44,3.1,20.10496108,6.2,0.42,143.1,16.97,,0.7,,8.32,5.34,,,,,,,,,50,,,,,,,165.1,169.926,,,,,146.05,,,,,,,,,,,,,,,,,,,,,,,,,,,,,,,,,,,,,
Peerless,HDS-P830991,8,66,0.49,0.58,2.96,6.796043182,6,0.33,89.9,9.7,,0.6,,6.42,4.55,,,,,,,,1,30,,,,1,1,,127,152.4,,,,,120.65,,,,,,,,,,,,,,,,,,,,,,,,,,,,,,,,,,,,,
Peerless,HDS-P830992,8,89,0.58,0.72,2.95,2.548516193,5.3,0.24,56.1,5.9,,0.55,,4.91,3,,,,,,,,,30,,4,,,,,101.6,,,,,,,,,,,,,,,,,,,,,,,,,,,,,,,,,,,,,,,,,,,
Peerless,HDS-P835024,,72,0.65,0.82,3.18,5.380200852480001,5.9,0.24,91.6,10.6,,,,5.88,,,,,,,,,,,,,,,,,127,152.4,,,,,120.65,,,,,,,,,,,,,,,,,,,,,,,,,,,,,,,,,,,,,
Peerless,HDS-P835025,8,43,0.42,0.47,3.72,18.972287217,6.2,0.519,143.1,20.7,,0.66,,8.58,10,,,,,,,,,50,,,,,,,,,,,,,,,,,,,,,,,,,,,,,,,,,,,,,,,,,,,,,,,,,,
Peerless,NE123W-08,8,61,0.35,0.37,4.98,5.946537784,6.3,0.06,54.1,4.7,,1.43,,5.53,3.1,,,,,,,,,45,,4,,,,,101.6,122.936,,,,,98.044,,,,,,,,,,,,,,,,,,,,,,,,,,,,,,,,,,,,,
Peerless,NE149W-08,8,54,0.38,0.4,8.19,8.495053978,6.3,0.08,85,10.3,,0.84,,7.42,5,,,,,,,,,60,,,,,,,,,,,,,,,,,,,,,,,,,,,,,,,,,,,,,,,,,,,,,,,,,,
Peerless,NE180W-08,8,42,0.39,0.41,7.4,22.653477274,6.2,0.12,136.9,16.39,,0.86,,8.17,5,,,,,,,,,80,,,,,,,165.1,180,,,93,,149,168,4.2,5,,,,38.4,,,,,,,,,,,,,,,,,,,,,,,,,,,,,,
Peerless,NE19VTS-04,4,742.5,1.36,2.27,3.36,0.01,2.71,0.01,4.9,0.2,,0.2229,,1.07,0.1,,,,,,,,85.1,100,,,,1,85.1,,,52,,,,,,,,,,,,,,,,19,,,,,,,,,,,,,,,,,,,,,,,,,,
Peerless,NE25VTS-04,4,732.8,0.89,1.12,4.41,0.01,3.15,0.01,8,0.4,,0.13,,2.17,0.1,,,,,,,,88.1,80,,,,1,88.1,,,66.3,,,,,48,,,,,,,,,,,25,,,,,,,,,,,,,,,,,,,,,,,,,,
Peerless,NE315W-04,4,33.15,0.31,0.32,15.6,44.74061761536,2.78,0.38,506.7,,,,,11.12,,,,,,,,,,,,,,,,,304.8,224.028,,,,,186.944,,,,,,,,,,,,,,,,,,,,,,,,,,,,,,,,,,,,,
Peerless,NE65W-04,4,166,0.65,0.74,5,0.16990108,3.7,0.04,14.7,1.58,,0.58,,2.85,1.65,,,,,,,,,20,,2,,,,,50.8,65.024,,,,,46.482,,,,,,,,,,,,,,,,,,,,,,,,,,,,,,,,,,,,,
Peerless,NE85W-04,4,104.94,0.64,0.69,8.45,0.73,3.7,0.04,22.3,2.2,,1.0662,,2.75,1.8,,,,,,,,81.9,20,25,,,1,1,,63.5,85.09,,,51.3,,57.2,,,,,,,25,5.5,,4,,,,,85,,,,,,,,,,,,,,,,,,,,,,
Peerless,NE95W-04,4,103,0.72,0.78,9.9,1.132673864,3.7,0.06,28.6,2.49,,0.96,,2.76,1.75,,,,,,,,1,20,,3,,1,1,,76.2,,,,,,,,,,,,,,,,,,,,,,,,,,,,,,,,,,,,,,,,,,,
Peerless,OC25C65-04,4,1400,1.2,1.83,3.58,0.003,3,0.026,6.93,0.289,,0.046,,2.02,0.667,,,,,,,,,,,,,,,,,,,,,,,,,,,,,,,,,,,,,,,,,,,,,,,,,,,,,,,,,,,
Peerless,OC25SC65-04,4,1400,1.26,1.83,4.07,0,3,0.02,6.9,0.3,,0.0427,,2.1,0,,,,,,,,93.1,25,25,,,1,93.1,,,41.3,,,,,32.5,,,,,,,25.4,,,2,25,25,,,41.26,,,41.26,38.15,,,,,,,,,,,,,,,,,,
Peerless,OX20SC00-04,4,1025,1.53,1.83,9.46,0,3.28,0.01,4.9,0.2,,0.117,,1.54,0.1,,,,,,,,87.1,80,80,,,1,87.1,,,,,,10.68,,30.2,,,,,,,19.3,,,2,19,,,,70.3,,,,,,,,,,,,,,,,,,,,,,
Peerless,P-830851,,62.6,0.53,0.65,2.95,3.8,6.1,1,,5.8,,1.11,0.78,4.6,3,,,,,,,,84.1,,,,,,84.1,,,,,,,,,,,,,,,,,,,,,,,,,,,,,,,,,,,,,,,,,,,,,
Peerless,P-830869,,,0.31,0.33,4.4,87.41,,0.63,227,24,,1.2079,,8.92,5.5,,,,,,,,1,,,,,1,1,,,,,,,,,,,,,,,,,,,,,,,,,,,,,,,,,,,,,,,,,,,,,
Peerless,P-S00108,,,,,,,,,,,,,,,,,,,,,,,,,,,,,,,,,,,,,,,,,,,,,,,,,,,,,,,,,,,,,,,,,,,,,,,,,,
Peerless,P830667 SLS-213,8,46,0.73,0.83,7.21,19,5.6,0.78,213.8,34.8,,0.4091,,8.26,8.4,,,,,,,,86.5,,,,,,86.5,,,213,,,,,,,,,,,,,,,,,,,,,,,,,,,,,,,,,,,,,,,,,,
Peerless,P830870 HDS-106,8,100,0.6,0.87,1.92,1.73,5.3,0.16,56.8,6.1,,0.5048,,4.94,3,,,,,,,,84.7,,,,,,84.7,,,120,,,,,,,,,,,,,,,,,,,,,,,,,,,,,,,,,,,,,,,,,,
Peerless,PLS-P830970,4,147.5,0.57,0.7,3.06,0.283168466,3.8,0.2,13,1.5,,0.76,,2.8,1.8,,,,,,,,,25,,2,,,,,50.8,,,,,,,,,,,,,,,,,,,,,,,,,,,,,,,,,,,,,,,,,,,
Peerless,PLS-P830983,4,176,0.71,0.81,5.6,0.283168466,3.6,0.03,15.2,1.64,,0.5,,2.83,1.65,,,,,,,,1,25,,2,,1,1,,50.8,,,,,,,,,,,,,,,,,,,,,,,,,,,,,,,,,,,,,,,,,,,
Peerless,PLS-P830984,8,110.79,0.72,0.83,5.4,0.849505398,6.25,0.05,22.2,2.03,,1.02,,3.27,2.05,,,,,,,,,7,,,,,,,,,,,,,,,,,,,,,,,,,,,,,,,,,,,,,,,,,,,,,,,,,,
Peerless,PLS-P830986,8,102,0.76,0.89,5.1,0.849505398,6.2,0.05,27.3,2.56,,0.9,,3.43,2.05,,,,,,,,,12,,3,,,,,76.2,,,,,,,,,,,,,,,,,,,,,,,,,,,,,,,,,,,,,,,,,,,
Peerless,PLS-P830987,8,103,0.94,1.11,6.1,1.132673864,6.2,0.05,27.3,2.52,,1,,2.98,2.05,,,,,,,,,20,,3,,,,,76.2,,,,,,,,,,,,,,,,,,,,,,,,,,,,,,,,,,,,,,,,,,,
Peerless,PMT30N18AL04-04,,,,,,,,,,,,,,,,,,,,,,,,,,,,,,,,,,,,,,,,,,,,,,,,,,,,,,,,,,,,,,,,,,,,,,,,,,
Peerless,S00106,,,,,,,,,,,,,,,,,,,,,,,,,,,,,,,,,,,,,,,,,,,,,,,,,,,,,,,,,,,,,,,,,,,,,,,,,,
Peerless,S03-193,,,,,,,,,,,,,,,,,,,,,,,,,,,,,,,,,,,,,,,,,,,,,,,,,,,,,,,,,,,,,,,,,,,,,,,,,,
Peerless,SDS-135F25CP02-04,4,58,0.4,0.447,3.68,3.94,3.1,1.06,86.35,20.4,,0.37,,7.2,12.5,,,,,,,,,,,,,,,,,152,,,73.4,,,141.6,4.5,6,,,,25.7,,,,,,,,,,,,,,,,,,,,,,,,,,,,,,
Peerless,SDS-164 P830657,8,44.7,0.46,0.55,2.74,30.77,6.05,0.38,141,11.5,,1.1014,,5.98,3.5,,,,,,,,89.4,,,,,,89.4,,,182,,,,,,,,,,,,,,,,,,,,,,,,,,,,,,,,,,,,,,,,,,
Peerless,SDS-P830656,8,57.23,0.59,0.7,3.6,8.77,6.06,0.37,86.6,9.3,,0.833,,5.36,3.46,,,,,,,,84.4,60,60,,,,,,,151.892,,,,,,141.8,4.4,6,,,15,,,,6,,,,,152,134,,,,,,,,,,,,,,,,,,,,,
Peerless,SDS-P830657,8,44.75,0.46,0.55,2.74,30.77,6.05,0.38,141,11.5,,1.1014,,5.98,3.5,,,,,,,,88.5,60,60,,,1,1,,,,,,,,,,,,,,15,25.73,,,6,,,,,,,,,,,,,,,,,,,,,,,,,,,
Peerless,SDS-P830855,8,63,0.44,0.49,4.66,3.114853125,5.6,0.24,50.3,6.9,,92.3,,5.58,3,,,,,,,,,30,,4,,,,,101.6,,,,,,,,,,,,,,,,,,,,,,,,,,,,,,,,,,,,,,,,,,,
Peerless,SLS-135F32CP01-04,4,55,0.5,0.601,5.47,5.65,2.8,0.353,89.9,16.9,,0.49,,5.18,13.8,,,,,,,,,,,,,,,,133.35,,,,77,,119,142,4.5,6,,,,32.4,,,,,,,,152,134,,,,,,,,,,,,,,,,,,,,,
Peerless,SLS-85S25CP04-04,4,73,0.36,0.386,5.41,1.43,3.2,0.169,32.2,4.86,,0.97,,4.3,10.2,,,,,,,,,,,,,,,,88.9,,,,76.1,,76,96.5,4.2,6,,,,25.7,,,,,,,,105,91,,,,,,,,,,,,,,,,,,,,,
Peerless,SLS-P830667,6,46,0.75,0.836,7.21,19,5.6,0.829,201,,,0.33,,8.33,11.1,,,,,,,,,,,,,,,,203.2,213,,,111.4,,178,5.2,,8,,,,38.4,,,,,,,,,,,,,,,,,,,,,,,,,,,,,,
Peerless,SLS-P830667,8,42.19,0.54,0.59,7.8,26.27,5.4,2.1,213.8,34.8,,0.4091,,8.26,8.4,,,,,,,,58.6,,90,,,,,,,,,,100,,178,,,,,,,38.43,,,8,,,,,213,,,,,,,,,,,,,,,,,,,,,,
Peerless,SLS-P830667,,42,0.66,0.75,5.7,26.334667330560002,5.5,0.78,213.8,34.8,,,,8.26,,,,,,,,,1,,,,,1,1,,203.2,214.376,,,,,172.466,,,,,,,,,,,,,,,,,,,,,,,,,,,,,,,,,,,,,
Peerless,SLS-P830668,8,35,0.59,0.646,7.28,62.9,5.6,1.46,346.4,57.3,52.7,0.37,,10.3,10.9,,377,,,,,,87.5,,70,,,,,,254,,,,,,,254,5.2,8,,,22,38.43,,,8,,,,,263,,,,,,,,,,,,,,,,,,,,,,
Peerless,SLS-P830669,8,31.48,0.54,0.58,7.07,132.42,5.6,1.12,522.8,74.1,,0.345,,11.88,8,,,,,,,,89.2,,100,,,,,,304.8,,,,,,,5,,8,,,22,38.44,24,,8,,,,,305,,,,,,,,,,,,,,,,,,,,,,
Peerless,SLS-P830945,4,56,0.4,0.441,4.36,4.68,2.8,0.306,83.3,17,,0.48,,6.19,7,,,,,,,,,,,,,,,,,,,,77,,120,4.5,,6,,,,32.4,,,,,,,,,,,,,,,,,,,,,,,,,,,,,,
Peerless,SLS-P830946,4,42.18,0.35,0.38,4.92,11.2,2.73,0.65,123.5,30.5,,0.4667,,7.6,8.2,,,,,,,,83.3,75,75,,,,,,165.1,,,,,,,171.1,4.5,6,,,22,38.44,,,8.2,,,,,182,164,,,,,,,,,,,,,,,,,,,,,
Peerless,STW-350F188PR01-04,,25.3,0.48,0.5,11.39,58.0495355136,3.2,3.31,774.4,576.8,,0.11,,24.18,10.4,,,,,,,,,,,,,,,,381,381,,,233,,,363,4.2,8,,,,188,,,36,,,,,,,,,,,,,,,,,,,,,,,,,,,
Peerless,TC5FC07-04,,145.74,0.46,0.51,4.41,0.15,3.52,0.08,7.8,0.7,,1.7563,,2.07,2,,,,,,,,1,,,,,1,1,,,,,,,,,,,,,,,,,,,,,,,,,,,,,,,,,,,,,,,,,,,,,
Peerless,TC6FD00-04,4,175,0.98,1.29,4.1,0.226534773,3.5,0.02,15.2,,,0.68,,1.92,1,,,,,,,,,15,,2,,,,,50.8,,,,,,,,,,,,,,,,,,,,,,,,,,,,,,,,,,,,,,,,,,,
Peerless,TC7FD00-04,4,143,0.92,1.22,3.7,0.566336932,3.2,0.02,22.1,1.64,,0.75,,1.97,1,,,,,,,,,20,20,,,,,,,,,,36.4,,65.8,,,,,,,19.3,,,3,,,,,75,,,,,,,,,,,,,,,,,,,,,,
Peerless,TC9FD18-08,8,124.86,0.89,1.33,2.73,1.24,6.32,0.05,36.3,2.4,,0.6696,,3.01,3,,,,,,,,84.4,30,30,,,,,,88.9,,,,,,,89.5,4.3,4,,,,19.43,,,4,,,,,,,,,,,,,,,,,,,,,,,,,,,
Peerless,XLS-P830452,4,25,0.29,0.313,4.14,60.3,4.2,1.7,350,120,,0.35,,15.7,21.9,,,,,,,,,,,,,,,,254,269.2,,,134.3,,256.7,,5,8,,,,51.3,,,,,,,,,,,,,,,,,,,,,,,,,,,,,,
Peerless,XT19TD00-04,4,762,0.65,0.83,3.05,0.01,2.86,0.01,4.9,0.2,,0.2112,,1.85,0.4,,,,,,,,85.2,120,,,,1,85.2,,,94,,,,,68,,,,,,,,,,,19,,,,,,,,,,,,,,,,,,,,,,,,,,
Peerless,XT25BG60-04,4,630,0.32,0.43,1.31,,,,,,,,,,,,,,,,,,,,,,,,,,,,,,,,,,,,,,,,,,,,,,,,,,,,,,,,,,,,,,,,,,,,,
Peerless,XT25SC90-04,4,825,0.93,1.07,7.17,0.01,3.13,0.01,8.6,0.3,,0.1185,,2.18,0.1,,,,,,,,86.8,100,100,,,1,86.8,,,65,,,33,,,,,,,,,25.76,,,6,25,25.4,,,65,,,,,,,,,,,,,,,,,,,,,,
Peerless,xt25tg30,,,0.44,0.54,2.5,,,,,,,,,,,,,,,,,,1,,,,,1,1,,,,,,,,,,,,,,,,,,,,,,,,,,,,,,,,,,,,,,,,,,,,,
Peerless,XT25TG30-04,4,436.13,0.44,0.54,2.5,0.04,3,0.01,8.2,0.4,,0.3665,,2.36,0.5,,,,,,,,87.2,,110,,,1,1,,,104,,,,,,,,,,,,25.76,,,3,,25,,,104.2,,,,,,,,,,,,,,,,,,,,,,
Peerless,XXLS-P830845,8,29,0.65,0.69,12.5,91.9,5.8,0.768,491,116,,0.27,,13.2,15.2,,,,,,,,,,,,,,,,304.8,308,,,154.25,,278,5,,8,,,,51.3,,,,,,,,,,,,,,,,,,,,,,,,,,,,,,
Peerless,XXLS-P835017,4,21.55,0.39,0.4,10.83,136.04,2.5,0.53,483.1,131.4,,0.4151,,10.58,12.3,,,,,,,,84.8,,120,,,,,,304.8,308,,,,,278,5,,8,,,35,51,33,,8,,,,,308.5,,,,,,,,,,,,,,,,,,,,,,
Peerless Vifa,TC7FD00-04,4,143,0.92,,3.7,,3.2,,,,,,,,,,,,,,,,82,20,,,,,,,60,,,,,,,,,,,,,,,,,,,,,,,,,,,,,,,,,,,,,,,,,,,
Prv Audio,4MR60-4,4,89.88,0.68,0.75,7.34,3.398021591,3.6,0.2,57,4.32,,0.725,,3.42,2.87,,,,,,,,,30,,4,,,,,101.6,,,,,,,,,,,,,,,,,,,,,,,,,,,,,,,,,,,,,,,,,,,
Purifi,PTT1.3T04-HAG-001,,,,,,,,,,,,,,,,,,,,,,,,,,,,,,,,,,,,,,,,,,,,,,,,,,,,,,,,,,,,,,,,,,,,,,,,,,
Purifi,PTT1.3T04-HAG-01,4,,,,,,3.5,0.013,,,,,,,,,,,,,,,,,,,,,,,,104,,,,,80,,,,,,,,,,,,33,,,,,,,,,,,,,,,,,,,,,,,,,
Purifi,PTT10X04-NAB-01,4,24,0.33,0.35,5.5,82,3.9,,360,98,,0.44,2.69,12.8,14.75,,,,,,,,,,,,,,,,,,,,,,,,,,,,,,,,,,,,,,,,,,,,,,,,,,,,,,,,,,,
Purifi,PTT4.0PR-NF2-01,,24,,,7,6.4,,,57,30,,1.41,,,14,,79.8,,,,,,,,,,,,,,102,125,,,39.5,,100,115,,6,,,,,,,,,,,,,,,,,,,,,,,,,,,,,,,,,,
Purifi,PTT4.0X04-NFC-01,4,38,0.3,0.32,4.5,6.4,3.8,0.38,57,12.8,,1.41,0.66,6,8.8,,,,,,,,,,,,,,,1000,101.6,125,,,,,100,,,,,,,,,,,,,,,,,,,,,,,,,,,,,,,,,,,,,
Purifi,PTT4.0X08-NFC-01,8,41,0.37,0.41,4.2,5.7,6.4,,56.7,11.7,,1.25,0.73,6.9,8.8,,,,,,,,,,,,,,,,,,,,,,,,,,,,,,,,,,,,,,,,,,,,,,,,,,,,,,,,,,,
Purifi,PTT5.25PR-NF2-01,,20,,,9.9,13,,,85,50,,1.28,,,14,,,,,,,,,,,,,,,,,,,,,,,,,,,,,,,,,,,,,,,,,,,,,,,,,,,,,,,,,,,
Purifi,PTT5.25X04-NFA-01,4,29,0.24,0.25,6.5,13,3.6,,85,23.3,,1.27,0.66,7.9,9.8,,,,,,,,,,,,,,,,,,,,,,,,,,,,,,,,,,,,,,,,,,,,,,,,,,,,,,,,,,,
Purifi,PTT5.25X08-NFA-01,,29,,,,13,,,85,,,,,,,,,,,,,,,,,,,,,,133.35,,,,,,,,,,,,,,,,,,,,,,,,,,,,,,,,,,,,,,,,,,,
Purifi,PTT6.5M04NFA01,,55,0.33,,,13,,,133,,,,,,3.9,,,,,,,,,,,,,,,,,,,,,,,,,,,,,,,,,,,,,,,,,,,,,,,,,,,,,,,,,,,
Purifi,PTT6.5M08NFA01,,57,0.38,,,12,,,133,,,,,,3.9,,,,,,,,,,,,,,,,,,,,,,,,,,,,,,,,,,,,,,,,,,,,,,,,,,,,,,,,,,,
Purifi,PTT6.5PR-NF1-01,,17,,,10.9,26.2,,,133,80,,1.05,,,15,,199.5,,,,,,,,,,,,,,165,176,,,48.7,,144,166,,6,,,,,,,,,,,,,,,,,,,,,,,,,,,,,,,,,,
Purifi,PTT6.5W04-NAA-08,4,33,0.3,0.31,6.2,23.3,3.6,,133,24.5,,0.93,0.83,7.7,5.9,,,,,,,,,,,,,,,,,,,,,,,,,,,,,,,,,,,,,,,,,,,,,,,,,,,,,,,,,,,
Purifi,PTT6.5W04-NFA-01,4,33,0.23,0.27,6.3,28.9,3.7,0.32,132.7,21.1,,,,,,,,,,,,,,,,,,,,1000,165.1,176,,,,,145,,,,,,,,,,,,,,,,,,,,,,,,,,,,,,,,,,,,,
Purifi,PTT6.5W08-NFA-01,8,38.5,0.33,0.35,6.7,22,6.9,0.48,132.7,19.4,,,,,,,,,,,,,,,,,,,,1000,165.1,176,,,,,145,,,,,,,,,,,,,,,,,,,,,,,,,,,,,,,,,,,,,
Purifi,PTT6.5X04-NAA-08,4,32,0.35,0.37,7.5,21,3.7,0.36,133,29.8,,0.82,0.81,7.8,9.8,,,,,,,,,,,,,,,,165.1,,,,,,,,,,,,,,,,,,,,,,,,,,,,,,,,,,,,,,,,,,,
Purifi,PTT6.5X04-NFA-06,4,30,0.29,0.3,7.3,,3.6,,133,27.4,,1.04,0.7,7.9,9.8,,,,,,,,,,,,,,,,,,,,,,,,,,,,,,,,,,,,,,,,,,,,,,,,,,,,,,,,,,,
Purifi,PTT6.5X08-NAA-08,4,34,0.4,0.42,7.7,20.4,5.9,0.5,132.7,27.2,,,,9,,,,,,,,,,,,,,,,,165.1,,,,,,,,,,,,,,,,,,,,,,,,,,,,,,,,,,,,,,,,,,,
Purifi,PTT6.5X08-NFA-06,8,31,0.34,0.36,5.6,26,5.9,,133,24.9,,1.04,0.88,8.9,9.8,,,,,,,,,,,,,,,,,,,,,,,,,,,,,,,,,,,,,,,,,,,,,,,,,,,,,,,,,,,
Purifi,PTT8.0X04-NAB-02,4,26,0.36,0.38,5.3,70,3.5,,235,43.2,,0.9,1.32,8,9.3,,,,,,,,,,,,,,,,,221,,,,102,193,210,5.2,,5,140,,52,23.6,,5,173,,,,,,,,,,,,,,,,,,,,,,,,,,
Purifi,PTT8.0X04-NAB-02,4,26,0.36,0.38,5.3,70.4,3.5,0.18,235.1,43.2,,0.9,1.32,,9.3,,,,,,,,89,350,,,,,,,203,221,,,,102,193,210,5.2,,5,140,,52,23.6,,5,173,,,,,,,,,,,,,,,,,,,,,,,,,,
Purifi,PTT8.0X08-NAB-02,8,24,0.35,0.37,5.8,74.5,6,0.33,235.1,47.6,,0.95,1.22,,9.3,,,,,,,,86.4,300,,,,,,,203,,,,,,,,,,,,,,,,,173,,,,,,,,,,,,,,,,,,,,,,,,,,
Pyramid,WX65X,4,69.5,0.58,0.82,2.03,8.495053978,3.3,,,,,,,,2,,,,,,,,,150,,,,,,,,,,,,,,,,,,,,,,,,,,,,,,,,,,,,,,,,,,,,,,,,,,
Raal,lazyribbon,,,,,,,,,,,,,,,,,,,,,,,,,,,,,,,,,,,,,,,,,,,,,,,,,,,,,,,,,,,,,,,,,,,,,,,,,,
Raal,RAAL_140-15D-AM,8,,,,,,,,,,,,,,,,,,,,,,,,,,,,,,,,,,,,,,,,,,,,,,,,,,,,,,,,,,,,,,,,,,,,,,,,,
Raal,raal-dipole,8,,,,,,,,,,,,,,,,,,,,,,,,,,,,,,,,,,,,,,,,,,,,,,,,,,,,,,,,,,,,,,,,,,,,,,,,,
Radian Audio,6CRN38LT6,12,82,0.35,0.36,11,9.3,8.3,0.6,138,11.5,,,,11.6,5,,,,,,,,,,,,,,,,165.1,187,,,124,,149,172,5.8,4,,,,38,,,,,,,,,,,,,,,,,,,,,,,,,,,,,,
SB Acoustics,AT60NC-4,4,2220,,,,,3.9,,12.6,,,,,,,,,,,,,,91,,,,,,91,,,,,,,,,,,,,,,,,,,,,,,,,,68,68,,,,,,,,,,,,,,,,,,
SB Acoustics,Bianco-75CD-T,8,,,,,,7,,,,,,,,,,,,,,,,109,,,,,109,,,,,,,,,,,,,,,,,,,,,,,,,,,,,,,,,,,,,,,,,,,,,,
SB Acoustics,DW-50,,,,,,,,,,,,,,,,,,,,,,,,,,,,,,,,,,,,,,,,,,,,,,,,,,,,,,,,,,,,,,,,,,,,,,,,,,
SB Acoustics,Grill-Satori-13,,,,,,,,,,,,,,,,,,,,,,,,,,,,,,,,,,,,,,,,,,,,,,,,,,,,,,,,,,,,,,,,,,,,,,,,,,
SB Acoustics,Grill-Satori-16,,,,,,,,,,,,,,,,,,,,,,,,,,,,,,,,,,,,,,,,,,,,,,,,,,,,,,,,,,,,,,,,,,,,,,,,,,
SB Acoustics,Grill-Satori-19,,,,,,,,,,,,,,,,,,,,,,,,,,,,,,,,,,,,,,,,,,,,,,,,,,,,,,,,,,,,,,,,,,,,,,,,,,
SB Acoustics,Grill-Satori-24,,,,,,,,,,,,,,,,,,,,,,,,,,,,,,,,,,,,,,,,,,,,,,,,,,,,,,,,,,,,,,,,,,,,,,,,,,
SB Acoustics,Grill-TW29,,,,,,,,,,,,,,,,,,,,,,,,,,,,,,,,,,,,,,,,,,,,,,,,,,,,,,,,,,,,,,,,,,,,,,,,,,
SB Acoustics,MD60N-6,6,450,,,,,5.3,0.14,32,2,,,,7.2,0.5,,,,,,,,94,,,,,,94,,,130,,,,,,,,,,,,,,,,,,,,,,,,,,,,,,,,,,,,,,,,,,
SB Acoustics,MR13P-4,4,41,0.23,0.25,2.8,19.4,3.3,0.11,70,5.4,,2.79,0.5,4.3,6,,,6,,,,,91,,,,,,91,,127,132,,,73.5,,110,,,,,,,30.5,11,,5,,,,,132,,,,,,,,,,,,,,,,,,,,,,
SB Acoustics,MR13P-8,8,45,0.31,0.33,4.25,12.5,6.8,0.11,70,6,,1.86,0.4,6.1,,,,6,,,,,88,,,,,,88,,,132,,,,,,,,,,,,30.5,11,,5,,,,,,,,,,,,,,,,,,,,,,,,,,,
SB Acoustics,MR13PNW-4,4,41,0.23,0.25,2.8,19.4,3.3,0.11,70,5.4,,2.79,0.5,4.3,,,,6,,,,,91,,,,,,91,,127,132,,,,,,,,,,,,30.5,11,,5,,,,,,,,,,,,,,,,,,,,,,,,,,,
SB Acoustics,MR13PNW-8,8,45,0.31,0.33,4.25,12.5,6.8,0.11,70,6,,1.86,0.4,6.1,,,,6,,,,,88,,,,,,88,,127,132,,,,,,,,,,,,30.5,11,,5,,,,,,,,,,,,,,,,,,,,,,,,,,,
SB Acoustics,MR13TX-4,4,44,0.27,0.28,4.98,12.2,3.4,0.11,69,7.2,,1.81,0.4,4.9,,,,6,,,,,90,,,,,,90,,,,,,,,,,,,,,,30.5,,,5,,,,,,,,,,,,,,,,,,,,,,,,,,,
SB Acoustics,MR16P-4,4,31,0.25,0.26,4.85,47.2,3.2,0.11,119,11.2,,2.35,0.45,5.2,6.2,,,6.2,,,,,92.5,,,,,,,,165.1,165,,,86.1,,140.3,,,,,,,35.5,11.2,,5,,,,,165,,,,,,,,,,,,,,,,,,,,,,
SB Acoustics,MR16P-8,8,32,0.3,0.32,5.11,44.3,6.2,0.11,119,10.6,,2.3,0.4,6.5,,,,6.2,,,,,88,,,,,,88,,,165,,,,,,,,,,,,35.5,,,5,,,,,,,,,,,,,,,,,,,,,,,,,,,
SB Acoustics,MR16PNW-4,4,31,0.25,0.26,4.85,47.2,3.2,0.11,119,11.2,,2.35,0.45,5.2,,,,6.2,,,,,91,,,,,,91,,165.1,165,,,,,,,,,,,,35.5,,,5,,,,,,,,,,,,,,,,,,,,,,,,,,,
SB Acoustics,MR16PNW-8,8,31,0.32,0.34,5.75,44.8,6.2,0.11,119,11.8,,2.23,0.4,6.5,,,,6.2,,,,,88.5,,,,,,88.5,,165.1,165,,,,,,,,,,,,35.5,,,5,,,,,,,,,,,,,,,,,,,,,,,,,,,
SB Acoustics,MR16TX-8,8,35,0.31,0.32,6.47,38.9,6.2,0.11,117,10.3,,2,0.35,6.6,,,,5.7,,,,,89,,,,,,89,,,,,,,,,,,,,,,35.5,,,5,,,,,,,,,,,,,,,,,,,,,,,,,,,
SB Acoustics,MT19CP-8,8,43,0.31,0.33,6.54,37.1,6.5,0.12,152,12.1,,1.13,0.5,8.05,,,,7.2,,,,,90,,,,,,90,,,187,,,,,,,,,,,,,,,,,,,,,,,,,,,,,,,,,,,,,,,,,,
SB Acoustics,MW13P,4,41,0.27,0.29,3.71,14.6,3.8,0.13,70,7.2,,2.09,0.5,4.9,10,,,,,,,,89,,40,,,,,,,,,,73.8,,110.6,,,,,,,30.5,15,,5,,,,,132,,,,,,,,,,,,,,,,,,,,,,
SB Acoustics,MW13P,8,41.5,0.3,0.33,3.55,15,6,0.15,70,6.8,,2.16,0.5,5.7,10,,,10,,,,,87,,40,,,,87,,,,,,73.8,,110.6,,,,,,,30.5,15,,5,,,,,132,,,,,,,,,,,,,,,,,,,,,,
SB Acoustics,MW13P-4,4,41,0.27,0.29,3.71,14.6,3.8,0.13,70,7.2,,2.09,0.5,4.9,,,,10,,,,,89,,,,,,89,,127,132,,,,,,,,,,,,30.5,15,,5,,,,,,,,,,,,,,,,,,,,,,,,,,,
SB Acoustics,MW13P-8,8,41.5,0.3,0.33,3.55,15,6,0.15,70,6.8,,2.16,0.5,5.7,,,,10,,,,,87,,,,,,87,,,132,,,,,,,,,,,,30.5,15,,5,,,,,,,,,,,,,,,,,,,,,,,,,,,
SB Acoustics,MW13PNW-4,4,41,0.27,0.29,3.71,14.6,3.8,0.13,70,7.2,,2.09,0.5,4.9,,,,10,,,,,89,,,,,,89,,127,132,,,,,,,,,,,,30.5,15,,5,,,,,,,,,,,,,,,,,,,,,,,,,,,
SB Acoustics,MW13PNW-8,8,41.5,0.3,0.33,3.55,15,6,0.15,70,6.8,,2.16,0.5,5.7,,,,10,,,,,87,,,,,,87,,127,132,,,,,,,,,,,,30.5,15,,5,,,,,,,,,,,,,,,,,,,,,,,,,,,
SB Acoustics,MW13TX-4,4,38,0.26,0.27,5.08,16,3.8,0.16,70,7.4,,2.38,0.3,5,,,,10,,,,,89,,,,,,89,,,132,,,,,,,,,,,,,,,,,,,,,,,,,,,,,,,,,,,,,,,,,,
SB Acoustics,MW13TX-8,8,40,0.32,0.34,4.99,14.8,6,0.18,70,7.3,,2.19,0.4,5.7,,,,10,,,,,87,,,,,,87,,127,132,,,,,,,,,,,,,,,,,,,,,,,,,,,,,,,,,,,,,,,,,,
SB Acoustics,MW16P-12,12,30.6,0.37,0.4,4.81,47.3,10,0.19,119,11.5,,2.35,0.46,7.4,,,,12.4,,,,,85,,,,,,85,,,,,,,,,,,,,,,35.5,17.35,,5,,,,,,,,,,,,,,,,,,,,,,,,,,,
SB Acoustics,MW16P-4,4,28,0.27,0.28,5,50.2,3.4,0.2,119,12.8,,2.5,0.45,5.2,,,,12,,,,,90.5,,,,,,90.5,,,165,,,,,,,,,,,,36,17,,5,,,,,,,,,,,,,,,,,,,,,,,,,,,
SB Acoustics,MW16P-8,8,29,0.33,0.35,4.5,48,6.2,0.2,119,12.4,,2.4,0.5,6.3,,,,12,,,,,87.5,,,,,,87.5,,,165,,,,,,,,,,,,36,17,,5,,,,,,,,,,,,,,,,,,,,,,,,,,,
SB Acoustics,MW16PNW-4,4,28,0.27,0.28,5,50.2,3.4,0.2,119,12.8,,2.5,0.45,5.2,,,,12,,,,,90.5,,,,,,90.5,,152.4,165,,,,,,,,,,,,36,17,,5,,,,,,,,,,,,,,,,,,,,,,,,,,,
SB Acoustics,MW16PNW-8,8,29,0.33,0.35,4.5,48,6.2,0.2,119,12.4,,2.4,0.5,6.3,,,,12,,,,,87.5,,,,,,87.5,,152.4,165,,,,,,,,,,,,36,17,,5,,,,,,,,,,,,,,,,,,,,,,,,,,,
SB Acoustics,MW16TX-4,4,29,0.27,0.29,5,48,3.4,0.15,119,12.6,,2.39,0.46,5.2,,,,12,,,,,90.5,,,,,,90.5,,165.1,165,,,,,,,,,,,,,,,,,,,,,,,,,,,,,,,,,,,,,,,,,,
SB Acoustics,MW16TX-8,8,29.3,0.33,0.35,4.7,48,6.2,0.2,119,12.3,,2.4,0.48,6.3,,,,12,,,,,87.5,,,,,,87.5,,165.1,165,,,,,,,,,,,,,,,,,,,,,,,,,,,,,,,,,,,,,,,,,,
SB Acoustics,MW19P-4,4,29,0.24,0.26,4.53,61,3.4,0.14,158,17.4,,1.73,0.7,6.5,,,,13.6,,,,,91.5,,70,,,,91.5,,190.5,187,,,101.4,,163,,,,,,,39,19.6,,6,,,,,187,,,,,,,,,,,,,,,,,,,,,,
SB Acoustics,MW19P-8,8,32.5,0.33,0.36,4.06,48,6,0.2,158,17.9,,1.35,0.9,7.8,,,,13.4,,,,,89,,,,,,89,,190.5,187,,,,,,,,,,,,39,19.4,,6,,,,,,,,,,,,,,,,,,,,,,,,,,,
SB Acoustics,MW19PNW-4,4,32,0.28,0.3,4.11,48,3.4,0.14,158,18.4,,1.35,0.9,6.5,,,,13.6,,,,,91.5,,,,,,91.5,,,187,,,,,,,,,,,,39,19.6,,6,,,,,,,,,,,,,,,,,,,,,,,,,,,
SB Acoustics,MW19PNW-8,8,32.5,0.33,0.36,4.06,48,6,0.2,158,17.9,,1.35,0.9,7.8,,,,13.4,,,,,89,,,,,,89,,,187,,,,,,,,,,,,39,19.4,,6,,,,,,,,,,,,,,,,,,,,,,,,,,,
SB Acoustics,MW19TX-4,4,32,0.27,0.28,5.43,53.2,3.4,0.14,158,16.2,,1.52,0.6,6.3,,,,13.6,,,,,93,,,,,,93,,190.5,187,,,,,,,,,,,,,,,,,,,,,,,,,,,,,,,,,,,,,,,,,,
SB Acoustics,MW19TX-8,8,33,0.33,0.35,6.47,53.4,6,0.2,158,15.6,,1.52,0.5,7.5,,,,13.4,,,,,90,,,,,,90,,,187,,,,,,,,,,,,,,,,,,,,,,,,,,,,,,,,,,,,,,,,,,
SB Acoustics,SB10PGC21-4,4,89,0.92,1.01,11.2,1.2,3.4,0.15,27,2.8,,1.14,0.14,2.3,,,,4.5,,,,,84,,,,,,84,20000,,,,,,,,,,,,,,20.4,7.5,,3,,,,,,,,,,,,,,,,,,,,,,,,,,,
SB Acoustics,SB12CACS25-04,4,51,0.31,0.33,4.89,5.7,3.1,0.26,50,6.1,,1.6,0.4,4.3,,,,10,,,,,88,,,,,,88,,,,,,,,,,,,,,,,,,,,,,,,,,,,,,,,,,,,,,,,,,,,,
SB Acoustics,SB12CACS25-08,8,51,0.37,0.4,4.85,6.5,6.4,0.34,50,5.3,,1.84,0.35,5.2,,,,10,,,,,85.5,,,,,,85.5,,,,,,,,,,,,,,,,,,,,,,,,,,,,,,,,,,,,,,,,,,,,,
SB Acoustics,SB12CACS25-4,4,51,0.31,0.33,4.89,5.7,3.1,0.26,50,6.1,,1.6,0.4,4.3,,,,10,,,,,88,,,,,,88,,,123,,,,,,,,,,,,25.4,15,,5,,,,,,,,,,,,,,,,,,,,,,,,,,,
SB Acoustics,SB12CACS25-8,8,51,0.37,0.4,4.85,6.5,6.4,0.34,50,5.3,,1.84,0.35,5.2,,,,10,,,,,85.5,,,,,,85.5,,,123,,,,,,,,,,,,25.4,15,,5,,,,,,,,,,,,,,,,,,,,,,,,,,,
SB Acoustics,SB12MNRX2-25-04,,63.5,0.32,0.35,4.19,5.3,,0.15,50,4.2,,1.5,0.4,3.9,,,,4.4,,,,,90.5,,,,,,90.5,,,,,,,,,,,,,,,,,,,,,,,,,,,,,,,,,,,,,,,,,,,,,
SB Acoustics,SB12MNRX2-25-4,4,58,0.27,0.29,3.6,6.3,3.2,0.15,50,4.1,,1.77,0.4,4.1,,,,4.4,,,,,91,,,,,,91,,,123,,,,,,,,,,,,25.4,9.5,,5,,,,,,,,,,,,,,,,,,,,,,,,,,,
SB Acoustics,SB12MNRX25-4,4,58,0.37,0.42,3.6,5.5,3.2,0.14,50,4.9,,1.55,0.5,3.7,4.5,,,4.5,,,,,88.5,,50,,,,88.5,,,,,,79.1,,98.2,,,,,,,25.4,9.5,,5,,,,,123,,,,,,,,,,,,,,,,,,,,,,
SB Acoustics,sb12nrx25-04,4,55,0.4,0.46,3.2,5.6,3.1,0.14,50.3,,,1.57,,3.6,,,,10,,,,,87.5,,,,,,87.5,,,,,,,,,,,,,,,,,,,,,,,,,,,,,,,,,,,,,,,,,,,,,
SB Acoustics,SB12NRX25-08,,57,0.37,0.41,4.1,5.3,,0.34,50,5.2,,1.49,0.45,5.4,,,,10,,,,,85.5,,,,,,85.5,,,,,,,,,,,,,,,,,,,,,,,,,,,,,,,,,,,,,,,,,,,,,
SB Acoustics,SB12NRX25-4,4,55,0.4,0.46,3.2,5.6,3.1,0.14,50,5.6,,1.57,0.6,3.6,,,,10,,,,,87.5,,,,,,87.5,,,123,,,,,,,,,,,,25.4,15,,5,,,,,,,,,,,,,,,,,,,,,,,,,,,
SB Acoustics,SB12NRX25-8,8,57,0.37,0.41,4.1,5.3,6.4,0.34,50,5.2,,1.49,0.45,5.4,,,,10,,,,,85.5,,,,,,85.5,,101.6,123,,,,,,,,,,,,25.4,15,,5,,,,,,,,,,,,,,,,,,,,,,,,,,,
SB Acoustics,SB12NRXF25-4,4,61,0.48,0.53,5.3,4.1,3.1,0.27,50,5.8,,1.17,0.42,3.6,,,,10,,,,,87,,,,,,87,,,123,,,,,,,,,,,,25.4,15,,5,,,,,,,,,,,,,,,,,,,,,,,,,,,
SB Acoustics,SB12NRXF25-8,8,63,0.42,0.46,5.4,4.2,6.4,0.34,50,5.5,,1.18,0.4,5.5,,,,10,,,,,85,,,,,,85,,,123,,,,,,,,,,,,25.4,15,,5,,,,,,,,,,,,,,,,,,,,,,,,,,,
SB Acoustics,SB12PAC-00,,33,,,12.4,4.3,,,50,19.2,,1.21,0.32,,,9,,,,,,,,,,,,,,,,,,,,,,,,,,,,,,,,,,,,,,,,,,,,,,,,,,,,,,,,,,
SB Acoustics,SB12PAC25-4,4,52.5,0.31,0.33,5,5.3,3.1,0.25,50,6.1,,1.5,0.4,4.35,,,,10,,,,,87,,,,,,87,,,112.5,,,,,,,,,,,,25.4,15,,5,,,,,,,,,,,,,,,,,,,,,,,,,,,
SB Acoustics,SB12PACR-00,,33,,,12.4,4.3,,,,19.2,,1.21,,,,9,,,,,,,,,,,,,,,,,,,,,,,,,,,,,,,,,,,,,,,,,,,,,,,,,,,,,,,,,,
SB Acoustics,SB12PACR25-00,,33,,,12.4,4.3,,,50,19.2,,1.21,0.32,,,9,,,,,,,,,,,,,,,,122,,,,,,,,,,,,,,,,,,,,,,,,,,,,,,,,,,,,,,,,,,
SB Acoustics,SB12PACR25-4,4,52.5,0.31,0.33,5,5.3,3.1,0.25,50,6.1,,1.5,0.4,4.35,,,,10,,,,,87,,,,,,87,,,,,,,,,,,,,,,25.4,15,,5,,,,,,,,,,,,,,,,,,,,,,,,,,,
SB Acoustics,SB12PACR25-4,4,52.5,0.31,0.33,5,5.3,3.1,0.25,50,6.1,,1.5,0.4,4.35,,,,10,,,,,87,,,,,,87,,,122,,,,,,,,,,,,,,,,,,,,,,,,,,,,,,,,,,,,,,,,,,
SB Acoustics,SB12PACR25-4-COAX,4,55,0.35,0.38,4.84,4.3,3.1,0.25,45,5.6,,1.49,0.4,4,,,,10,,,,,87.5,,,,,,87.5,,,122,,,,,,,,,,,,25.4,15,,5,,,,,,,,,,12.4,1.2,1.5,,,,,,,,,,,,,,,
SB Acoustics,SB12PFC-00,,34,,,12.5,4.2,,,50,18.8,,1.2,0.32,,,9,,,,,,,,,,,,,,,,,,,,,,,,,,,,,,,,,,,,,,,,,,,,,,,,,,,,,,,,,,
SB Acoustics,SB12PFC25-4,4,58,0.43,0.49,3.4,5.2,3.1,0.26,50,5.3,,1.47,0.6,3.5,,,,10,,,,,87.5,,,,,,87.5,,,,,,,,,,,,,,,25.4,15,,5,,,,,,,,,,,,,,,,,,,,,,,,,,,
SB Acoustics,SB12PFC25-4-Coax,4,58,0.33,0.36,4.07,4.8,3.1,0.26,45,4.5,,1.66,0.4,3.8,,,,10,,,,,87,,,,,,87,,101.6,,,,,,,,,,,,,25.4,15,,5,,,,,,,,,,12.4,1.2,1.5,,,,,,,,,,,,,,,
SB Acoustics,SB12PFC25R-08,,59,0.48,0.55,3.63,5.3,,0.36,50,4.9,,1.48,0.5,4.6,,,,10,,,,,84,,,,,,84,,,,,,,,,,,,,,,,,,,,,,,,,,,,,,,,,,,,,,,,,,,,,
SB Acoustics,SB12PFCR-00,,34,,,12.5,4.2,,,50,18.8,,1.2,0.32,,,9,,,,,,,,,,,,,,,,,,,,,,,,,,,,,,,,,,,,,,,,,,,,,,,,,,,,,,,,,,
SB Acoustics,SB12PFCR25-04,,58,0.43,0.49,3.4,5.2,,0.26,50,5.3,,1.42,0.6,3.5,,,,9.8,,,,,87.5,,,,,,87.5,,,,,,,,,,,,,,,,,,,,,,,,,,,,,,,,,,,,,,,,,,,,,
SB Acoustics,SB12PFCR25-4,4,58,0.43,0.49,3.4,5.2,3.1,0.26,50,5.3,,1.47,0.6,3.5,,,,10,,,,,87.5,,,,,,87.5,,,122,,,,,,,,,,,,25.4,15,,5,,,,,,,,,,,,,,,,,,,,,,,,,,,
SB Acoustics,SB12PFCR25-4-COAX,4,58,0.33,0.36,4.07,4.8,3.1,0.26,45,4.5,,1.66,0.4,3.8,,,,10,,,,,87,,,,,,87,,,122,,,,,,,,,,,,25.4,15,,5,,,,,,,,,,12.4,1.2,1.5,,,,,,,,,,,,,,,
SB Acoustics,SB12PFCR25-8,8,64,0.56,0.65,4.1,4.3,6.4,0.36,50,5.1,,1.21,0.5,4.5,,,,10,,,,,84.5,,,,,,84.5,,,122,,,,,,,,,,,,25.4,15,,5,,,,,,,,,,,,,,,,,,,,,,,,,,,
SB Acoustics,SB13PFC25-08,8,45,0.33,0.39,2.2,13.4,5.6,0.77,87,10,,1.25,1.4,6.2,,,,9,,,,,87,,,,,,87,,,,,,,,,,,,,,,,,,,,,,,,,,,,,,,,,,,,,,,,,,,,,
SB Acoustics,SB13PFC25-4,4,44,0.29,0.33,2.6,13.4,3.2,0.56,87,10.5,,1.25,1.1,5.3,,,,9,,,,,89,,,,,,89,,,,,,,,,,,,,,,25.4,14,,5,,,,,,,,,,,,,,,,,,,,,,,,,,,
SB Acoustics,SB13PFC25-4-Coax,4,43,0.27,0.3,2.26,14.4,3.2,0.3,82,9.1,,1.51,1.1,5.1,,,,9.3,,,,,90,,,,,,90,,127,,,,,,,,,,,,,25.4,14.3,,5,,,,,,,,,,12.4,1.2,1.5,,,,,,,,,,,,,,,
SB Acoustics,SB13PFC25-8,8,45,0.33,0.39,2.2,13.4,5.6,0.77,87,10,,1.25,1.4,6.2,,,,9,,,,,87,,,,,,87,,,,,,,,,,,,,,,25.4,14,,5,,,,,,,,,,,,,,,,,,,,,,,,,,,
SB Acoustics,SB13PFCR-00,,23,,,5.9,14.2,,,87,36,,1.33,0.88,,,10,,,,,,,,,,,,,,,,,,,,,,,,,,,,,,,,,,,,,,,,,,,,,,,,,,,,,,,,,,
SB Acoustics,SB13PFCR25-04,,,,,,,,,,,,,,,,,,,,,,,,,,,,,,,,,,,,,,,,,,,,,,,,,,,,,,,,,,,,,,,,,,,,,,,,,,
SB Acoustics,SB13PFCR25-08,,45,0.33,0.39,2.2,13.4,,0.77,87,10,,1.25,1.4,6.2,,,,9,,,,,87,,,,,,87,,,,,,,,,,,,,,,,,,,,,,,,,,,,,,,,,,,,,,,,,,,,,
SB Acoustics,SB13PFCR25-4,4,44,0.29,0.33,2.6,13.4,3.2,0.56,87,10.5,,1.25,1.1,5.3,4.5,,,9,,,,,89,,,,,,89,,127,150,,,,,,,,,,,,25.4,14,,5,,,,,,,,,,,,,,,,,,,,,,,,,,,
SB Acoustics,SB13PFCR25-4 COAX,4,43,0.27,0.3,2.26,14.4,3.2,0.3,82,9.1,,1.51,1.1,5.1,,,,9.3,,,,,90,,,,,,90,,,150.5,,,,,,,,,,,,25.4,14.3,,5,,,,,,,,,,12.4,1.2,1.5,,,,,,,,,,,,,,,
SB Acoustics,SB13PFCR25-8,8,45,0.33,0.39,2.2,13.4,5.6,0.77,87,10,,1.25,1.4,6.2,,,,9,,,,,87,,,,,,87,,,,,,,,,,,,,,,25.4,14,,5,,,,,,,,,,,,,,,,,,,,,,,,,,,
SB Acoustics,SB13PFCR25-8,8,45,0.33,0.39,2.2,13.4,5.6,0.77,87,10,,1.25,1.4,6.2,,,,9,,,,,87,,,,,,87,,,150,,,,,,,,,,,,,,,,,,,,,,,,,,,,,,,,,,,,,,,,,,
SB Acoustics,SB14ST-C000-4,4,1300,,,,,3,0.04,2.2,0.11,,,,0.92,,,,0.3,,,,,86,,,,,,86,,,24,,,,,,,,,,,,12.4,1.2,,1.5,19,,,,,,,,,,,,,,,,,,,,,,,,,,
SB Acoustics,SB15BAC30-8COAX,8,43,0.36,0.39,4.8,17.5,5.7,0.13,80,7.1,,1.93,0.4,5.3,,,,6,,,,,86,,,,,,86,,,,,,,,,,,,,,,30.5,11,,5,,,,,,,,,,19.1,1.8,2.5,,,,,,,,,,,,,,,
SB Acoustics,SB15CAC30-4,4,32.5,0.31,0.34,4.61,20.2,3.1,0.12,82,11.3,,2.12,0.5,4.6,,,,10,,,,,88,,,,,,88,,,150,,,,,,,,,,,,30.5,15,,5,,,,,,,,,,,,,,,,,,,,,,,,,,,
SB Acoustics,SB15CAC30-8,8,35.5,0.38,0.42,4.77,17.9,5.7,0.14,82,10.7,,1.88,0.5,5.7,,,,10,,,,,86,,,,,,86,,127,150,,,,,,,,,,,,30.5,15,,5,,,,,,,,,,,,,,,,,,,,,,,,,,,
SB Acoustics,SB15CRC30-4,4,37,0.32,0.36,3.39,17.3,3.1,0.12,82,10.2,,1.81,0.7,4.55,,,,11,,,,,88.5,,,,,,88.5,,,150,,,,,,,,,,,,,,,,,,,,,,,,,,,,,,,,,,,,,,,,,,
SB Acoustics,SB15CRC30-8,8,40,0.41,0.46,3.52,14.9,5.9,0.14,82,9.8,,1.62,0.7,5.6,,,,11,,,,,86,,,,,,86,,127,150,,,,,,,,,,,,,,,,,,,,,,,,,,,,,,,,,,,,,,,,,,
SB Acoustics,SB15MFC30-4,4,35.5,0.28,0.3,5.26,19.4,3.1,0.12,82,9.9,,2.03,0.42,4.8,,,,10,,,,,90,,,,,,90,,,150,,,,,,,,,,,,30.5,15,,5,,,,,,,,,,,,,,,,,,,,,,,,,,,
SB Acoustics,SB15MFC30-8,8,39,0.37,0.4,4.4,17.7,5.7,0.14,82,9,,1.85,0.5,5.6,,,,10,,,,,87,,,,,,87,,,150,,,,,,,,,,,,30.5,15,,5,,,,,,,,,,,,,,,,,,,,,,,,,,,
SB Acoustics,SB15NAC30-4,4,35,0.3,0.32,5.65,18.3,3.1,0.12,82,10.8,,1.91,0.42,4.8,,,,10,,,,,88.5,,,,,,88.5,,,,,,,,,,,,,,,30.5,15,,5,,,,,,,,,,,,,,,,,,,,,,,,,,,
SB Acoustics,SB15NAC30-8,8,35.5,0.37,0.39,6,17.7,5.7,0.14,82,10.8,,1.86,0.4,5.9,,,,10,,,,,85.5,,,,,,85.5,,127,,,,,,,,,,,,,30.5,14,,5,,,,,,,,,,,,,,,,,,,,,,,,,,,
SB Acoustics,SB15NBAC30-4,4,33,0.29,0.31,4.4,21,3.1,0.12,82,10.6,,2.2,0.5,4.7,,,,10,,,,,88,,,,,,88,,127,150,,,,,,,,,,,,30.5,15,,5,,,,,,,,,,,,,,,,,,,,,,,,,,,
SB Acoustics,SB15NBAC30-8,8,35.5,0.37,0.39,6,17.7,5.7,0.14,82,10.8,,1.86,0.4,5.9,,,,10,,,,,85.5,,,,,,85.5,,,150,,,,,,,,,,,,30.5,14,,5,,,,,,,,,,,,,,,,,,,,,,,,,,,
SB Acoustics,SB15NRX2C30-4,4,36,0.29,0.31,4.53,18.6,3.1,0.12,82,9.7,,1.99,0.5,4.7,,,,10,,,,,89,,,,,,89,,,150,,,,,,,,,,,,30.5,15,,5,,,,,,,,,,,,,,,,,,,,,,,,,,,
SB Acoustics,SB15NRX2C30-8,8,39,0.36,0.4,4.18,16.9,5.9,0.14,82,9.2,,1.8,0.5,5.8,,,,10,,,,,86,,,,,,86,,,150,,,,,,,,,,,,30.5,15,,5,,,,,,,,,,,,,,,,,,,,,,,,,,,
SB Acoustics,SB15NRXC30,4,41,0.29,0.31,5.3,16.7,3.1,0.12,82,8.6,,1.75,0.42,4.7,10,,,,,,,,91,,50,,,,,,,,,,78.9,,123.9,,,,,,,30.5,15,,5,,,,,150,,,,,,,,,,,,,,,,,,,,,,
SB Acoustics,SB15NRXC30,8,38,0.33,0.35,4.8,20.7,5.7,0.14,82,8.1,,2.17,,5.6,10,,,10,,,,,88,,50,,,,88,,,,,,78.9,,123.9,,,,,,,30.5,15,,5,,,,,150,,,,,,,,,,,,,,,,,,,,,,
SB Acoustics,SB15NRXC30-4,4,41,0.29,0.31,5.3,16.7,3.1,0.12,82,8.6,,1.75,0.42,4.7,,,,10,,,,,91,,,,,,91,,,,,,,,,,,,,,,30.5,15,,5,,,,,,,,,,,,,,,,,,,,,,,,,,,
SB Acoustics,SB15NRXC30-8,8,38,0.33,0.35,4.8,20.7,5.7,0.14,82,8.1,,2.17,0.4,5.6,,,,10,,,,,88,,,,,,88,,127,,,,,,,,,,,,,30.5,15,,5,,,,,,,,,,,,,,,,,,,,,,,,,,,
SB Acoustics,SB15NRXC30-8-131T,8,38,0.33,0.35,4.8,20.67129801216,5.7,0.14,82,8.1,,2.17,,5.6,5,,,,,,,,,,,,,,,,127,,,,,,,,,,,,,30.48,,,,,,,,,,,,,,,,,,,,,,,,,,,,,,
SB Acoustics,SB15SFCR-00,,21,,,2.7,41.8,,,178,62,,0.93,0.48,,11,11,,,,,,,,,,,,,,,,,,,,,,,,,,,,,,,,,,,,,,,,,,,,,,,,,,,,,,,,,,
SB Acoustics,SB15SFCR39-4,4,31.5,0.33,0.34,7.9,47.7,3.5,0.88,178,24,,1.06,0.6,7,,,,11,,,,,89.5,,,,,,89.5,,,,,,,,,,,,,,,38.5,17,,6,,,,,,,,,,,,,,,,,,,,,,,,,,,
SB Acoustics,SB15SFCR39-8,8,31,0.42,0.45,6.46,51,6.2,1.3,178,23.2,,1.13,0.7,7.9,,,,10,,,,,87,,,,,,87,,203.2,,,,,,,,,,,,,38.5,16,,6,,,,,,,,,,,,,,,,,,,,,,,,,,,
SB Acoustics,SB16FRPC25-7,,,,,,,,,,,,,,,,,,,,,,,,,,,,,,,,,,,,,,,,,,,,,,,,,,,,,,,,,,,,,,,,,,,,,,,,,,
SB Acoustics,SB16PFC25-4,4,35,0.34,0.39,2.76,32.7,3.2,0.56,124,13.8,,1.5,1.1,5,,,,9,,,,,89.5,,,,,,89.5,,,,,,,,,,,,,,,25.4,14,,5,,,,,,,,,,,,,,,,,,,,,,,,,,,
SB Acoustics,SB16PFC25-4-Coax,4,36,0.31,0.35,2.6,31.3,3.2,0.31,119,12.5,,1.56,1.1,5.1,,,,9.3,,,,,90,,,,,,90,,,,,,,,,,,,,,,25.4,14.3,,5,,,,,,,,,,12.4,1.2,1.5,,,,,,,,,,,,,,,
SB Acoustics,SB16PFC25-8,8,38,0.4,0.48,2.5,27,5.6,0.77,124,13.8,,1.25,1.4,6.2,,,,9,,,,,87,,,,,,87,,,,,,,,,,,,,,,25.4,14,,5,,,,,,,,,,,,,,,,,,,,,,,,,,,
SB Acoustics,SB16PFC25R-4,,35,0.34,0.39,2.76,32.7,,0.56,124,13.8,,1.5,1.1,5,,,,9,,,,,89.5,,,,,,89.5,,,,,,,,,,,,,,,,,,,,,,,,,,,,,,,,,,,,,,,,,,,,,
SB Acoustics,SB16PFC25R-4 COAX,4,36,0.31,0.35,2.6,31.3,3.2,0.31,119,12.5,,1.56,1.1,5.1,,,,9.3,,,,,90,,,,,,90,,,,,,,,,,,,,,,,,,,,,,,,,,,,,,,,,,,,,,,,,,,,,
SB Acoustics,SB16PFC25R-8,8,38,0.4,0.48,2.5,27,5.6,0.77,124,13.8,,1.25,1.4,6.2,,,,9,,,,,87,,,,,,87,,,,,,,,,,,,,,,,,,,,,,,,,,,,,,,,,,,,,,,,,,,,,
SB Acoustics,SB16PFCR-00,,22,,,4.4,30,,,124,38,,1.4,1.2,,,10,,,,,,,,,,,,,,,,,,,,,,,,,,,,,,,,,,,,,,,,,,,,,,,,,,,,,,,,,,
SB Acoustics,SB16PFCR25-4,4,35,0.34,0.39,2.76,32.7,3.2,0.56,124,13.8,,1.5,1.1,5,,,,9,,,,,89.5,,,,,,89.5,,,176,,,,,,,,,,,,25.4,14,,5,,,,,,,,,,,,,,,,,,,,,,,,,,,
SB Acoustics,SB16PFCR25-4-COAX,4,36,0.31,0.35,2.6,31.3,3.2,0.31,119,12.5,,1.56,1.1,5.1,9.3,,,9.3,,,,,90,,,,,,90,,176,176,,,88.3,,144.5,,,4,,,,25.4,14.3,,5,,,,,,,,,,12.4,1.2,1.5,,,,,,,,,,,,,,,
SB Acoustics,SB16PFCR25-8,8,38,0.4,0.48,2.5,27,5.6,0.77,124,13.8,,1.25,1.4,6.2,,,,9,,,,,87,,,,,,87,,,176,,,,,,,,,,,,25.4,14,,5,,,,,,,,,,,,,,,,,,,,,,,,,,,
SB Acoustics,SB17CAC35-4,4,29.5,0.29,0.31,4.7,37.8,3.1,0.13,118,15.2,,1.91,0.6,5.3,11,,,,,,,,90,,60,,,,,,,,,,86,,144.9,,,,,,,35.5,16,,5,,,,,171,,,,,,,,,,,,,,,,,,,,,,
SB Acoustics,SB17CAC35-4,4,29.5,0.29,0.31,4.7,37.8,3.1,0.13,118,15.2,,1.91,0.6,5.3,,,,11,,,,,90,,,,,,90,,152.4,171,,,,,,,,,,,,35.5,16,,5,,,,,,,,,,,,,,,,,,,,,,,,,,,
SB Acoustics,SB17CAC35-4,4,36,0.37,0.41,4.49,27.6,3.1,0.13,118,13.9,,1.4,0.7,4.9,11,,,,,,,,90,,60,,,,,,,,,,85.9,,114.9,,,,,,,35.5,16,,5,,,,,171,,,,,,,,,,,,,,,,,,,,,,
SB Acoustics,SB17CAC35-8,8,28,0.36,0.4,4.46,42,5.7,0.15,118,15.4,,2.13,0.6,6.2,11,,,11,,,,,86.5,,60,,,,86.5,,,171,,,,,114.9,,,,,,,35.5,16,,5,,,,,171,,,,,,,,,,,,,,,,,,,,,,
SB Acoustics,SB17CRC35-04,4,31.5,0.32,0.35,4.32,35.5,3.1,0.13,118,14.2,,,0.65,5,,,,11,,,,,90,,,,,,90,,,,,,,,,,,,,,,,,,,,,,,,,,,,,,,,,,,,,,,,,,,,,
SB Acoustics,SB17CRC35-08,8,28,0.34,0.37,3.9,48,5.7,0.15,118,13.3,,,0.6,6,,,,11,,,,,87,,,,,,87,,,,,,,,,,,,,,,,,,,,,,,,,,,,,,,,,,,,,,,,,,,,,
SB Acoustics,SB17CRC35-4,4,31.5,0.32,0.35,4.32,35.5,3.1,0.13,118,14.2,,1.8,0.65,5,,,,11,,,,,90,,,,,,90,,152.4,171,,,,,,,,,,,,35.5,16,,5,,,,,,,,,,,,,,,,,,,,,,,,,,,
SB Acoustics,SB17CRC35-8,8,28,0.34,0.37,3.9,48,5.7,0.15,118,13.3,,2.43,0.6,6,,,,11,,,,,87,,,,,,87,,152.4,171,,,,,,,,,,,,35.5,16,,5,,,,,,,,,,,,,,,,,,,,,,,,,,,
SB Acoustics,SB17MFC35-4,4,30,0.28,0.3,5.2,45,3.1,0.13,118,12.3,,2.29,0.45,4.9,,,,11,,,,,90,,,,,,90,,152.4,171,,,,,146,,,,,,,35.5,16,,5,,,,,,,,,,,,,,,,,,,,,,,,,,,
SB Acoustics,SB17MFC35-8,8,33,0.37,0.4,4.9,39,5.7,0.15,118,11.8,,1.97,0.5,5.9,,,,11,,,,,88,,,,,,88,,152.4,171,,,,,146,,,,,,,35.5,16,,5,,,,,,,,,,,,,,,,,,,,,,,,,,,
SB Acoustics,SB17NAC35-4,4,32,0.32,0.34,5.95,33,3.1,0.13,118,14.8,,1.67,0.5,5.2,,,,11,,,,,90,,,,,,90,,152.4,,,,,,,,,,,,,35.5,16,,5,,,,,,,,,,,,,,,,,,,,,,,,,,,
SB Acoustics,SB17NAC35-8,8,31.5,0.42,0.45,6,33,5.7,0.15,118,15.2,,1.68,0.5,6.2,,,,11,,,,,86.5,,,,,,86.5,,152.4,,,,,,,,,,,,,35.5,16,,5,,,,,,,,,,,,,,,,,,,,,,,,,,,
SB Acoustics,SB17NBAC35-4,4,32,0.32,0.34,5.95,33,3.1,0.13,118,14.8,,1.67,0.5,5.2,,,,11,,,,,90,,,,,,90,,,171,,,,,,,,,,,,35.5,16,,5,,,,,,,,,,,,,,,,,,,,,,,,,,,
SB Acoustics,SB17NBAC35-8,8,31.5,0.42,0.45,6,33,5.7,0.15,118,15.2,,1.68,0.5,6.2,,,,11,,,,,86.5,,,,,,86.5,,152.4,171,,,,,,,,,,,,35.5,16,,5,,,,,,,,,,,,,,,,,,,,,,,,,,,
SB Acoustics,SB17NRX2C35-4,4,34,0.32,0.34,4.74,31.8,3.1,0.13,118,13.8,,1.61,0.6,5.1,,,,11,,,,,90,,,,,,90,,,171,,,,,,,,,,,,35.5,16,,5,,,,,,,,,,,,,,,,,,,,,,,,,,,
SB Acoustics,SB17NRX2C35-8,8,36.5,0.42,0.47,4.55,27,5.7,0.15,118,13.9,,1.37,0.7,6.25,11,,,11,,,,,87,,50,,,,87,,,171,,,85.9,,114.9,,,,,,,35.5,16,,5,,,,,171,,,,,,,,,,,,,,,,,,,,,,
SB Acoustics,SB17NRX2L35-4,4,41,0.25,0.26,4.97,21.9,3.1,0.14,118,13.5,,1.1,0.7,6.45,,,,9.6,,,,,92,,,,,,92,,,,,,,,,,,,,,,35.5,15.6,,6,,,,,,,,,,,,,,,,,,,,,,,,,,,
SB Acoustics,SB17NRX2L35-4,,41,0.25,0.26,4.97,21.9,,0.14,118,13.5,,1.11,0.7,6.45,,,,9.6,,,,,92,,,,,,92,,,,,,,,,,,,,,,,,,,,,,,,,,,,,,,,,,,,,,,,,,,,,
SB Acoustics,SB17NRX2L35-8,8,37.8,0.28,0.3,4.55,26.1,5.7,0.16,118,13.4,,1.32,0.7,7.84,,,,9.6,,,,,89,,,,,,89,,,,,,,,,,,,,,,35.5,15.6,,6,,,,,,,,,,,,,,,,,,,,,,,,,,,
SB Acoustics,SB17NRX2L35-8,,37.8,0.28,0.3,4.55,26.1,,0.16,118,13.4,,1.32,0.7,7.84,,,,9.6,,,,,89,,,,,,89,,,,,,,,,,,,,,,,,,,,,,,,,,,,,,,,,,,,,,,,,,,,,
SB Acoustics,SB17NRXC35-4,4,35,0.32,0.34,5.5,35.2,3.1,0.13,118,11.6,,1.78,0.46,4.8,,,,11,,,,,92,,,,,,92,,,,,,,,,,,,,,,35.5,16,,5,,,,,,,,,,,,,,,,,,,,,,,,,,,
SB Acoustics,SB17NRXC35-8,8,32,0.34,0.36,5,44.5,5.7,0.15,118,11,,2.25,0.44,5.9,,,,11,,,,,89,,,,,,89,,,,,,,,,,,,,,,35.5,16,,5,,,,,,,,,,,,,,,,,,,,,,,,,,,
SB Acoustics,SB17NRXC35-8-UC,8,32,0.34,0.36,5,44.5,5.7,0.15,118,11,,2.25,0.44,5.9,,,,11,,,,,89,,,,,,89,,,,,,,,,,,,,,,35.5,16,,5,,,,,,,,,,,,,,,,,,,,,,,,,,,
SB Acoustics,SB19ST-C000-4,4,980,1.22,1.5,6.45,,3.4,0.07,3.8,0.22,,,,1.75,,,,1.2,,,,,88.5,,,,,,88.5,,,88,,,,,64,,,,,,,19.1,1.8,,3,19,,,,,,,,,,,,,,,,,,,,,,,,,,
SB Acoustics,SB20FRPC30-8,8,39.4,0.45,0.47,10.1,66.3,6,0.22,216,16.3,,1,0.4,7.15,5,,,8.2,,,,,92,,,,,,92,,203.2,218,,,,,,,,8,,,,30.5,,,,,,,,,,,,,,,,,,,,,,,,,,,,,,
SB Acoustics,SB20PFC30-4,4,33.7,0.33,0.37,2.78,66.2,3.4,0.71,216,22.4,,1,1.7,6.6,,,,11.5,,,,,92.5,,,,,,92.5,,,,,,,,,,,,,,,30.5,16.5,,5,,,,,,,,,,,,,,,,,,,,,,,,,,,
SB Acoustics,SB20PFC30-8,8,34,0.37,0.43,2.66,66.2,5.6,0.84,216,21.2,,1,1.7,7.7,,,,11.3,,,,,90.5,,,,,,90.5,,203.2,,,,,,,,,,,,,30.5,16.3,,5,,,,,,,,,,,,,,,,,,,,,,,,,,,
SB Acoustics,SB20PFCR-00,,20,,,6.8,55,,,216,76.7,,0.83,1.4,,,11,,,,,,,,,,,,,,,,,,,,,,,,,,,,,,,,,,,,,,,,,,,,,,,,,,,,,,,,,,
SB Acoustics,SB20PFCR30-4,4,33.7,0.33,0.37,2.78,66.2,3.4,0.71,216,22.4,,1,1.7,6.6,,,,11.5,,,,,92.5,,,,,,92.5,,203.2,218,,,,,,,,,,,,30.5,16.5,,5,,,,,,,,,,,,,,,,,,,,,,,,,,,
SB Acoustics,SB20PFCR30-8,8,34,0.37,0.43,2.66,66.2,5.6,0.84,216,21.2,,1,1.7,7.7,,,,11.3,,,,,90.5,,,,,,90.5,,,218,,,,,,,,,,,,30.5,16.3,,5,,,,,,,,,,,,,,,,,,,,,,,,,,,
SB Acoustics,SB20PFCS30-7,,39,0.66,0.77,4.5,59.5,,0.95,222,19.6,,0.85,1.07,5.6,,,,11,,,,,88,,,,,,88,,,,,,,,,,,,,,,,,,,,,,,,,,,,,,,,,,,,,,,,,,,,,
SB Acoustics,SB21RDC-C000-4,4,760,1,1.64,2.54,,3.1,0.04,4.6,0.25,,,,1.5,1,,,1,,,,,90,,80,,,,90,,,92,,,39.7,,,,,,,,,,1.5,,2.5,21,,,,100,,,,,,,,,,,,,,,,,,,,,,
SB Acoustics,SB21RDCN-C000-4,4,850,1.28,2.45,2.71,,3.1,0.04,4.6,0.25,,,,1.3,,,,0.5,,,,,89.5,,,,,,89.5,,,58,,,,,40,,,,,,,,,,,21,,,,,,,,,,,,,,,,,,,,,,,,,,
SB Acoustics,SB21SDC-C000-4,4,720,0.95,1.55,2.41,,3.1,0.04,4.9,0.25,,,,1.5,,,,1,,,,,91,,,,,,91,,,92,,,,,64,,,,,,,20.4,1.5,,2.5,21,,,,,,,,,,,,,,,,,,,,,,,,,,
SB Acoustics,SB21SDCN-C000-4,4,850,1.22,2.45,2.44,,3.1,0.04,4.9,0.25,,,,1.3,,,,0.5,,,,,90,,,,,,90,,,58,,,,,40,,,,,,,,,,,21,,,,,,,,,,,,,,,,,,,,,,,,,,
SB Acoustics,SB23CACS45-4,4,23,0.33,0.35,5,95,3.3,0.27,216,33,,1.43,0.8,6.7,,,,13,,,,,90,,,,,,90,,,234,,,,,,,,,,,,45.5,19,,6,,,,,,,,,,,,,,,,,,,,,,,,,,,
SB Acoustics,SB23CACS45-8,8,25,0.4,0.44,5.41,87,5.6,0.6,216,31,,1.31,0.9,7.9,,,,13,,,,,87.5,,,,,,87.5,,,234,,,,,,,,,,,,45.5,19,,6,,,,,,,,,,,,,,,,,,,,,,,,,,,
SB Acoustics,SB23MFCL-00,,19,,,15.3,31.2,,,210,141,,0.5,1.1,,,19,,,,,,,,,,,,,,,,,,,,,,,,,,,,,,,,,,,,,,,,,,,,,,,,,,,,,,,,,,
SB Acoustics,SB23MFCL45-4,4,27,0.34,0.36,7.7,37,3.3,0.73,210,59,,0.59,1.3,9.6,,,,24,,,,,87.5,,150,,,,87.5,,203.2,234,,,137.7,,203,,,8,,,,45.5,32,,8,,,,,234,,,,,,,,,,,,,,,,,,,,,,
SB Acoustics,SB23MFCL45-8,8,28.5,0.43,0.46,7.3,37,6.2,1.02,210,59,,0.59,1.3,11.3,,,,21,,,,,85,,,,,,85,,,234,,,,,,,,,,,,45.5,32,,8,,,,,,,,,,,,,,,,,,,,,,,,,,,
SB Acoustics,SB23NACS45-4,4,23,0.33,0.35,5.4,95,3.3,0.27,216,32,,1.45,0.9,6.7,,,,13,,,,,90,,,,,,90,,203.2,,,,,,,,,,,,,45.5,19,,6,,,,,,,,,,,,,,,,,,,,,,,,,,,
SB Acoustics,SB23NACS45-8,8,25,0.37,0.4,5.6,94,5.6,0.6,216,28.5,,1.42,0.8,7.9,,,,13,,,,,87.5,,,,,,87.5,,203.2,,,,,,,,,,,,,45.5,19,,6,,,,,,,,,,,,,,,,,,,,,,,,,,,
SB Acoustics,SB23NBACS45-4,4,23,0.33,0.35,5.4,95,3.3,0.27,216,32,,1.45,0.9,6.7,,,,13,,,,,90,,,,,,90,,,234,,,,,,,,,,,,45.5,19,,6,,,,,,,,,,,,,,,,,,,,,,,,,,,
SB Acoustics,SB23NBACS45-8,8,25,0.4,0.43,5.54,93.4,5.7,0.37,216,31.2,,1.43,0.8,7.9,,,,13,,,,,87.5,,,,,,87.5,,,234,,,,,,,,,,,,45.5,19,,6,,,,,,,,,,,,,,,,,,,,,,,,,,,
SB Acoustics,SB23NRXS45-4,4,27,0.3,0.32,5.55,87.5,3.3,0.29,216,27.2,,1.33,0.77,6.9,,,,13,,,,,92,,,,,,92,,203.2,234,,,,,,,,,,,,45.5,19,,6,,,,,,,,,,,,,,,,,,,,,,,,,,,
SB Acoustics,SB23NRXS45-8,8,27,0.38,0.41,5.4,94,5.6,0.6,216,24.5,,1.42,0.77,7.5,13,,,13,,,,,88.5,,60,,,,88.5,,203.2,234,,,89.17,,198,,,,,,,45.5,19,,6,,,,,234,,,,,,,,,,,,,,,,,,,,,,
SB Acoustics,SB26ADC-C000-4,4,680,1.11,1.88,2.7,,3.2,0.04,6.2,0.38,,,,1.6,0.6,,,1.2,,,,,90,,,,,,90,,,100,,,,,84,,,,,,,25.4,1.3,,2.5,26,25,,,,,,,,,,,,,,,,,,,,,,,,,
SB Acoustics,SB26CDC-C000-4,4,690,1.12,2,2.55,,3.2,0.04,6.2,0.38,,,,1.6,,,,1.2,,,,,89,,,,,,89,,,100,,,34.798,,,,,,,,,25.4,1.3,,2.5,26,25,,,,,,,,,,,,,,,,,,,,,,,,,
SB Acoustics,SB26SFCL38-4,4,27.4,0.43,0.47,5.59,104,3.3,1,346,55.2,,0.61,1.7,8.2,,,,15.8,,,,,91,,,,,,91,,,265,,,,,,,,,,,,,,,,,,,,,,,,,,,,,,,,,,,,,,,,,,
SB Acoustics,SB26SFCL38-8,8,27.5,0.53,0.6,5.09,107,6,1.6,346,53,,0.63,1.8,9.6,,,,16.4,,,,,88,,,,,,88,,,265,,,,,,,,,,,,,,,,,,,,,,,,,,,,,,,,,,,,,,,,,,
SB Acoustics,SB26ST-C000-5,5,870,1.24,1.64,5,,4.4,0.07,6.2,0.33,,,,2.2,1.2,,,1.2,,,,,91,,80,,,,91,,,100,,,33.2,,,,,,,,,25.4,1.8,,3,26,,,,100,,,,,,,,,,,,,,,,,,,,,,
SB Acoustics,SB26STAC-C000-4,4,750,1.12,1.78,3,,3.2,0.04,6.2,0.3,,,,1.6,,,,1.2,,,,,91.5,,120,,,,91.5,,,100,,,39.7,,,,,,,,,,,,2.5,26,25,,,100,,,,,,,,,,,,,,,,,,,,,,
SB Acoustics,SB26STC-C000-04,4,750,1.12,1.78,3,,3.2,0.04,,,,,,,,,,,,,,,,,,,,,,,,,,,,,,,,,,,,,,,,,25,,,,,,,,,,,,,,,,,,,,,,,,,
SB Acoustics,SB26STC-C000-4,4,750,1.12,1.78,3,,3.2,0.04,6.2,0.3,,,,1.6,0.6,,,1.2,,,,,91.5,,,,,,91.5,,,100,,,,,82,,,,,,,25.4,1.3,,2.5,26,,,,,,,,,,,,,,,,,,,,,,,,,,
SB Acoustics,SB26STCN-C000-4,4,960,0.84,1.77,1.6,,3.2,0.04,6.2,0.3,,,,1.8,0.6,,,1.2,,,,,92.5,,,,,,92.5,,,72,,,,,50,,,,,,,25.4,1.3,,2.5,26,25,,,,,,,,,,,,,,,,,,,,,,,,,
SB Acoustics,SB26STWGC-4,4,780,1.2,2.1,2.8,,3.2,0.04,6.2,0.3,,,,1.6,,,,1.2,,,,,93,,,,,,93,,,100,,,,,84,,,,,,,25.4,1.3,,2.5,26,25,,,,,,,,,,,,,,,,,,,,,,,,,
SB Acoustics,SB29BAC-C000-4,4,600,0.64,0.9,2.1,,3,0.05,9.6,0.46,,,,2.4,,,,0.5,,,,,92.5,,,,,,92.5,,,,,,,,,,,,,,,29,2,,2.5,,,,,,,,,,,,,,,,,,,,,,,,,,,
SB Acoustics,SB29BNC-C000-4,4,950,0.69,1.4,1.36,,3,0.05,9.6,0.46,,,,2.6,,,,0.5,,,,,95,,,,,,95,,,,,,,,,,,,,,,29,2,,2.5,,,,,,,,,,,,,,,,,,,,,,,,,,,
SB Acoustics,SB29NRX-00,,10.2,,,10.8,66,,,312,505,,0.48,3,,,17,,,,,,,,,,,,,,,254,,,,79.1,,219,,,,,,,,,,,,,,,290,,,,,,,,,,,,,,,,,,,,,,
SB Acoustics,SB29NRX2-00,,17,,,7.3,60,,,312,205,,0.43,3,,,17,,,,,,,,,,,,,,,,,,,,,,,,,,,,,,,,,,,,,,,,,,,,,,,,,,,,,,,,,,
SB Acoustics,SB29NRX2-00-205G,,17,,,7.3,60,,,312,205,,0.43,3,,,17,,,,,,,,,,,,,,,,,,,,,,,,,,,,,,,,,,,,,,,,,,,,,,,,,,,,,,,,,,
SB Acoustics,SB29NRX75-6,6,21,0.35,0.38,5.7,102,4.2,1.8,312,78,,0.74,1.8,10.7,22,,,22,,,,,88,,200,,,,88,,,290,,,133.1,,249,,,,,,,75.6,28,,6,,,,,290,,,,,,,,,,,,,,,,,,,,,,
SB Acoustics,SB29NRX75-8,8,26,0.37,0.39,7.06,85.6,6.2,1.34,311,58.9,,0.63,1.4,12.4,,,,22,,,,,88,,,,,,88,,,290,,,,,,,,,,,,75.6,28,,6,,,,,,,,,,,,,,,,,,,,,,,,,,,
SB Acoustics,SB29RDAC-C000-4,4,600,0.64,0.9,2.2,,3,0.05,9.6,0.45,,,,2.4,,,,0.5,,,,,93,,,,,,93,,,104,,,,,74,,,,,,,29,2,,2.5,29,,,,,,,,,,,,,,,,,,,,,,,,,,
SB Acoustics,SB29RDC-C000-4,4,600,0.64,0.9,2.2,,3,0.05,9.6,0.45,,,,2.4,0.25,,,0.5,,,,,93,,,,,,93,,,,,,,,,,,,,,,29,2,,2.5,,25,,,,,,,,,,,,,,,,,,,,,,,,,
SB Acoustics,sb29rdcn-c000-4,,,,,,,,,,,,,,,,,,,,,,,,,,,,,,,,,,,,,,,,,,,,,,,,,,,,,,,,,,,,,,,,,,,,,,,,,,
SB Acoustics,SB29RDNC-C000-4,4,680,0.45,0.72,1.2,,3,0.05,9.6,0.45,,,,2.6,0.5,,,0.5,,,,,94,,100,,,,94,,,72,,,37.8,,,,,,,,,29,2,,2.5,29,,,,104,,,,,,,,,,,,,,,,,,,,,,
SB Acoustics,SB29SDAC-C000-4,4,600,0.8,1.09,2.94,,3,0.05,9.6,0.45,,,,2.4,,,,0.5,,,,,93,,60,,,,93,,,104,,,40.8,,,,,,,,,29,2,,2.5,29,,,,104,,,,,,,,,,,,,,,,,,,,,,
SB Acoustics,SB29SDNC-C000-4,4,630,0.49,0.79,1.3,,3,0.05,9.6,0.45,,,,2.6,,,,0.5,,,,,95.5,,,,,,95.5,,,72,,,,,60,,,,,,,,,,,29,,,,,,,,,,,,,,,,,,,,,,,,,,
SB Acoustics,sb29swnrx-s75,6,20,0.31,0.33,6.7,66,4.5,3,312,,,0.48,,15.1,,,,22,,,,,86,,,,,,86,,,,,,,,,,,,,,,,,,,,,,,,,,,,,,,,,,,,,,,,,,,,,
SB Acoustics,SB29SWNRX-S75-6,6,20,0.29,0.31,4.5,66,4.5,3,312,132,,0.48,3.7,15.4,,,,22,,,,,86,,,,,,86,,,290,,,,,,,,,,,,75.6,28.5,,6,,,,,,,,,,,,,,,,,,,,,,,,,,,
SB Acoustics,SB34NRX-00,,8.7,,,12.1,183,,,508,665,,0.5,3,,,17,,,,,,,,,,,,,,,304.8,,,,,,,,,,,,,,,,,,,,,,,,,,,,,,,,,,,,,,,,,,,
SB Acoustics,SB34NRX2-00,,14,,,8.62,160,,,506,294,,0.44,3,,,17,,,,,,,,,,,,,,,,,,,,,,,,,,,,,,,,,,,,,,,,,,,,,,,,,,,,,,,,,,
SB Acoustics,SB34NRX2-00-294G,,14,,,8.62,160,,,506,294,,0.44,3,,,17,,,,,,,,,,,,,,,,,,,,,,,,,,,,,,,,,,,,,,,,,,,,,,,,,,,,,,,,,,
SB Acoustics,SB34NRX75-16,16,24.5,0.66,0.74,6.52,216,14,3.2,508,72,,0.59,1.7,14.5,,,,22,,,,,86,,,,,,86,,304.8,346,,,,,305,,,,,,,75.6,28,,6,,,,,,,,,,,,,,,,,,,,,,,,,,,
SB Acoustics,SB34NRX75-6,6,19,0.4,0.43,5.1,260,4.2,1.8,508,99,,0.71,2.3,10.7,,,,22,,,,,90,,,,,,90,,,346,,,,,,,,,,,,75.6,28,,6,,,,,,,,,,,,,,,,,,,,,,,,,,,
SB Acoustics,SB34NRXL75-8,8,22,0.28,0.29,5.5,205,6.2,1.2,508,93,,0.56,2.35,16.6,,,,20,,,,,91,,,,,,91,,304.8,346,,,,,,,,,,,,75.6,28,,8,,,,,,,,,,,,,,,,,,,,,,,,,,,
SB Acoustics,sb34swnrx-s75,6,19,0.32,0.34,5,164,4.5,3,508,154,,0.46,3.7,15.4,,,,22,,,,,88,,,,,,88,,,,,,,,,,,,,,,,,,,,,,,,,,,,,,,,,,,,,,,,,,,,,
SB Acoustics,SB34SWNRX-S75-6,6,19,0.32,0.34,5,164,4.5,3,508,154,,0.46,3.7,15.4,,,,22,,,,,88,,,,,,88,,,346,,,,,,,,,,,,75.6,28,,6,,,,,,,,,,,,,,,,,,,,,,,,,,,
SB Acoustics,SB34SWPL76-3-DV,,27.5,0.48,0.52,5.62,43,,,458,231,,0.14,7.1,,,,,30,,,,,,,,,,,,,,346,,,,,,,,,,,,75.5,38,,8,,,,,,,,,,,,,,,,,,,,,,,,,,,
SB Acoustics,SB34SWPL76-4,4,19,0.33,0.34,8.6,78.5,3.5,5.3,458,266,,0.26,3.7,18,,,,30,,,,,85,300,,,,,85,,,346,,,,,,,,,,,,76,38,,8,,,,,,,,,,,,,,,,,,,,,,,,,,,
SB Acoustics,SB36WBAC21-4,4,200,0.41,1.05,0.68,0.021,3.4,0.12,4.2,0.76,,0.83,1.4,1.76,,,,3.5,,,,,77,,,,,,77,,,36,,,,,,,,,,,,20.4,5.5,,2,,,,,,,,,,,,,,,,,,,,,,,,,,,
SB Acoustics,SB36WBAC21-8,8,160,0.61,0.92,1.75,0.035,5.8,0.13,4.2,0.7,,1.39,0.4,2.1,,,,3.5,,,,,75,,,,,,75,,,36,,,,,,,,,,,,,,,,,,,,,,,,,,,,,,,,,,,,,,,,,,
SB Acoustics,SB42FHCL75-6,6,18.4,0.31,0.32,7.4,462,4.6,2.1,850,166,,0.45,2.6,16.7,,,,23,,,,,93,,,,,,93,,381,417,,,,,377,,,,,,,75.6,31,,8,,,,,,,,,,,,,,,,,,,,,,,,,,,
SB Acoustics,SB65WBAC25-4,4,115,0.68,0.77,6,0.43,3.6,0.15,20,2.5,,0.77,0.3,2.9,,,,5.3,,,,,83.5,,,,,,83.5,,,,,,,,,,,,,,,25.4,8.3,,3,,,,,,,,,,,,,,,,,,,,,,,,,,,
SB Acoustics,SW26DAC-00,,13,,,8.8,54,,,312,400,,0.39,3.7,,,17,,,,,,,,,,,,,,,254,,,,84.6,,280,,,,,,,,,,,,,,,290,,,,,,,,,,,,,,,,,,,,,,
SB Acoustics,SW26DAC76,4,22,0.46,0.51,4.5,54,3.2,,312,134,,0.39,4.1,10.8,24,,,24,,,,,86,,,,,,86,,,,,,84.6,,249,,,,,,,75.5,30,,6,,,,,290,,,,,,,,,,,,,,,,,,,,,,
SB Acoustics,SW26DAC76,8,19.5,0.28,0.29,4.4,54,6.4,,312,172,,0.39,4.8,21.4,24,,,24,,,,,83,,250,,,,83,,,,,,137.7,,203,,,,,,,75.5,30,,6,,,,,219,,,,,,,,,,,,,,,,,,,,,,
SB Acoustics,SW26DAC76-3-DV,,19.5,0.28,0.29,5.96,49.7,,,312,185,,0.36,3.8,,,,,24,,,,,,,,,,,,,,,,,,,,,,,,,,75.5,30,,6,,,,,,,,,,,,,,,,,,,,,,,,,,,
SB Acoustics,SW26DAC76-4,4,22,0.46,0.51,4.5,54,3.2,,312,134,,0.39,4.1,10.8,,,,24,,,,,86,,,,,,86,,254,290,,,,,249,,,,,,,75.5,30,,6,,,,,,,,,,,,,,,,,,,,,,,,,,,
SB Acoustics,SW26DAC76-8,8,19.5,0.28,0.29,4.4,54,6.4,,312,172,,0.39,4.8,21.4,,,,24,,,,,83,,,,,,83,,254,290,,,,,,,,,,,,75.5,30,,6,,,,,,,,,,,,,,,,,,,,,,,,,,,
SB Acoustics,SW26DBAC-00,,13,,,8.8,54,,,312,400,,0.39,3.7,,,17,,,,,,,,,,,,,,,254,,,,,,,,,,,,,,,,,,,,,,,,,,,,,,,,,,,,,,,,,,,
SB Acoustics,SW26DBAC76-3-DV,,19.5,0.28,0.29,5.96,49.7,,,312,185,,0.36,3.8,,,,,24,,,,,,,,,,,,,,290,,,,,,,,,,,,75.5,30,,6,,,,,,,,,,,,,,,,,,,,,,,,,,,
SB Acoustics,SW26DBAC76-4,4,22,0.46,0.51,4.5,54,3.2,,312,134,,0.39,4.1,10.8,12,,,24,,,,,86,,200,,,,86,,254,290,,,84.6,,249,,,,,,,75.5,30,,6,,,,,290,,,,,,,,,,,,,,,,,,,,,,
SB Acoustics,SW26DBAC76-4BLK,,22,0.46,0.51,4.5,54,,,312,134,,0.39,4.1,10.8,,,,24,,,,,86,,,,,,86,,,,,,,,,,,,,,,,,,,,,,,,,,,,,,,,,,,,,,,,,,,,,
SB Acoustics,SW26DBAC76-8,8,19.5,0.28,0.29,4.4,54,6.4,,312,172,,0.39,4.8,21.4,,,,24,,,,,83,,,,,,83,,254,290,,,,,,,,,,,,75.5,30,,6,,,,,,,,,,,,,,,,,,,,,,,,,,,
SB Acoustics,SW26DBAC76-8BLK,,,0.28,0.29,,54,,,,172,,0.39,4.8,21.4,,,,24,,,,,83,,,,,,83,,,,,,,,,,,,,,,,,,,,,,,,,,,,,,,,,,,,,,,,,,,,,
SB Acoustics,SW26SFC38-4,4,28,0.31,0.33,5.04,84,3.5,1.27,340,63,,0.51,2.2,10.8,,,,7,,,,,92,,,,,,92,,,265,,,,,,,,,,,,,,,,,,,,,,,,,,,,,,,,,,,,,,,,,,
SB Acoustics,SW26SFC38-8,8,29,0.35,0.37,4.91,78,6,1.38,340,62,,0.48,2.3,13.5,,,,7,,,,,89,,,,,,89,,,265,,,,,,,,,,,,,,,,,,,,,,,,,,,,,,,,,,,,,,,,,,
SB Acoustics,TW29B,4,600,0.9,1.3,2.9,,3,0.02,9.6,0.46,,,,2,,,,0.5,,,,,92,,,,,,92,,,,,,,,,,,,,,,29,2,,2.5,,,,,,,,,,,,,,,,,,,,,,,,,,,
SB Acoustics,TW29B-B,4,600,0.9,1.3,2.9,,3,0.02,9.6,0.46,,,,2,,,,0.5,,,,,92,,,,,,92,,,,,,,,,,,,,,,29,2,,2.5,,,,,,,,,,,,,,,,,,,,,,,,,,,
SB Acoustics,TW29BN,4,725,0.46,0.6,2.1,,3,0.02,9.6,0.46,,,,3.1,0.25,,,0.5,,,,,95,,,,,,95,,,,,,,,,,,,,,,29,2,,2.5,,,,,,,,,,,,,,,,,,,,,,,,,,,
SB Acoustics,TW29BN-8,8,750,0.55,0.8,1.75,,6.2,0.04,9.6,0.44,,,,4.1,,,,0.4,,,,,93.5,,,,,,93.5,,,,,,,,,,,,,,,29,2.1,,2.5,,,,,,,,,,,,,,,,,,,,,,,,,,,
SB Acoustics,TW29BN-B,4,725,0.46,0.6,2.1,,3,0.02,9.6,0.46,,,,3.1,,,,0.5,,,,,95,,,,,,95,,,,,,,,,,,,,,,29,2,,2.5,,,,,,,,,,,,,,,,,,,,,,,,,,,
SB Acoustics,TW29BN-B-8,8,750,0.55,0.8,1.75,,6.2,0.04,9.6,0.44,,,,4.1,,,,0.4,,,,,93.5,,,,,,93.5,,,,,,,,,,,,,,,29,2.1,,2.5,,,,,,,,,,,,,,,,,,,,,,,,,,,
SB Acoustics,TW29BNWG-4,4,700,0.46,0.6,2.1,,3,0.02,9.6,0.46,,,,3.1,,,,0.5,,,,,97,,,,,,97,,,,,,,,,,,,,,,,,,,,,,,,,,,,,,,,,,,,,,,,,,,,,
SB Acoustics,TW29BNWG-8,8,750,0.55,0.8,1.75,,6.2,0.04,9.6,0.44,,,,4.1,,,,0.3,,,,,94,,,,,,94,,,,,,,,,,,,,,,,,,,,,,,,,,,,,,,,,,,,,,,,,,,,,
SB Acoustics,TW29D,4,600,0.81,1.27,2.2,,3,0.02,9.6,0.45,,,,2,,,,0.5,,,,,92.5,,,,,,92.5,,,104,,,,,74,,,,,,,29,2,,2.5,29,,,,,,,,,,,,,,,,,,,,,,,,,,
SB Acoustics,TW29D-B,4,600,0.81,1.27,2.2,,3,0.02,9.6,0.45,,,,2,,,,0.5,,,,,92.5,,,,,,92.5,,,104,,,,,74,,,,,,,29,2,,2.5,29,,,,,,,,,,,,,,,,,,,,,,,,,,
SB Acoustics,TW29DN,4,650,0.43,0.57,1.66,,3,0.02,9.6,0.45,,,,3.1,,,,0.5,,,,,96,,,,,,96,,,104,,,,,74,,,,,,,29,2,,2.5,29,,,,,,,,,,,,,,,,,,,,,,,,,,
SB Acoustics,TW29DN-8,8,650,0.46,0.65,1.61,,6.2,0.04,9.6,0.43,,,,4.1,,,,0.5,,,,,93,,,,,,93,,,104,,,,,74,,,,,,,29,2,,2.5,29,,,,,,,,,,,,,,,,,,,,,,,,,,
SB Acoustics,TW29DN-B,4,650,0.43,0.57,1.66,,3,0.02,9.6,0.45,,,,3.1,,,,0.5,,,,,96,,,,,,96,,,104,,,,,74,,,,,,,29,2,,2.5,29,,,,,,,,,,,,,,,,,,,,,,,,,,
SB Acoustics,TW29DN-B-8,8,650,0.46,0.65,1.61,,6.2,0.04,9.6,0.43,,,,4.1,,,,0.5,,,,,93,,,,,,93,,,104,,,,,74,,,,,,,29,2,,2.5,29,,,,,,,,,,,,,,,,,,,,,,,,,,
SB Acoustics,TW29R,4,600,0.77,1.24,2,,3,0.02,9.6,0.44,,,,2,0.25,,,0.5,,,,,92,,,,,,92,,,104,,,,,74,,,,,,,29,2,,2.5,29,,,,,,,,,,,,,,,,,,,,,,,,,,
SB Acoustics,TW29R-B,4,600,0.77,1.24,2,,3,0.02,9.6,0.44,,,,2,,,,0.5,,,,,92,,,,,,92,,,104,,,,,74,,,,,,,29,2,,2.5,29,,,,,,,,,,,,,,,,,,,,,,,,,,
SB Acoustics,TW29RN,4,700,0.49,0.65,2.1,,3,0.02,9.6,0.44,,,,3.1,,,,0.5,,,,,96,,,,,,96,,,104,,,,,74,,,,,,,29,2,,2.5,29,,,,,,,,,,,,,,,,,,,,,,,,,,
SB Acoustics,TW29RN-8,8,650,0.48,0.65,1.74,,6.2,0.04,9.6,0.42,,,,4.1,,,,0.4,,,,,93,,,,,,93,,,104,,,,,74,,,,,,,29,2.1,,2.5,29,,,,,,,,,,,,,,,,,,,,,,,,,,
SB Acoustics,TW29RN-B,4,700,0.49,0.65,2.1,,3,0.02,9.6,0.44,,,,3.1,,,,0.5,,,,,96,,,,,,96,,,104,,,,,74,,,,,,,29,2,,2.5,29,,,,,,,,,,,,,,,,,,,,,,,,,,
SB Acoustics,TW29RN-B-8,8,650,0.48,0.65,1.74,,6.2,0.04,9.6,0.42,,,,4.1,,,,0.4,,,,,93,,,,,,93,,,104,,,26.7,,,,,,,,,29,2.1,,2.5,29,25,,,,,,,,,,,,,,,,,,,,,,,,,
SB Acoustics,TW29TXN-B,4,650,0.46,0.65,1.62,,3,0.02,9.6,0.51,,,,3.1,,,,0.5,,,,,96,,,,,,96,,,104,,,,,74,,,,,,,29,2,,3,29,,,,,,,,,,,,,,,,,,,,,,,,,,
SB Acoustics,TW29TXN-B-4,,650,0.46,0.65,1.62,,,,9.6,0.51,,,,3.1,,,,0.5,,,,,96,,,,,,96,,,,,,,,,,,,,,,,,,,,,,,,,,,,,,,,,,,,,,,,,,,,,
SB Acoustics,TW29TXN-B-8,8,650,,,,,6.2,0.04,9.6,4.9,,,,4.1,,,,1.2,,,,,93,,,,,,93,,,104,,,,,74,,,,,,,29,2.2,,3,29,,,,,,,,,,,,,,,,,,,,,,,,,,
SB Acoustics,TW29TXNWG-4,4,635,0.47,0.64,1.73,,3,0.02,9.6,0.51,,,,3.1,,,,0.5,,,,,96,,,,,,96,,,170,,,52.7,,72.7,,,,,,,,,,,,29,,,,,,,,,,,,,,,,,,,,,,,,,
SB Acoustics,WG29-187,,,,,,,,,,,,,,,,,,,,,,,,,,,,,,,,,,,,,,,,,,,,,,,,,,,,,,,,,,,,,,,,,,,,,,,,,,
SB Acoustics,WO24P-4,4,28,0.4,0.42,6.7,71,3.3,0.29,255,42,,0.77,1.1,7.6,,,,17,,,,,91,,90,,,,91,,241.3,242,,,,,,,,,,,,49.5,23,,6,,,,,,,,,,,,,,,,,,,,,,,,,,,
SB Acoustics,WO24P-8,8,24.5,0.38,0.41,5.7,87.5,5.8,0.56,255,44.5,,0.95,1.2,9.9,,,,17,,,,,87,,90,,,,87,,,242,,,,,,,,,,,,49.5,23,,6,,,,,,,,,,,,,,,,,,,,,,,,,,,
SB Acoustics,WO24TX-4,4,26.3,0.35,0.37,5.66,79,3.3,0.29,255,42.8,,0.86,1.25,7.9,,,,17.5,,,,,91,,,,,,91,,,,,,,,,,,,,,,49.5,23.5,,6,,,,,,,,,,,,,,,,,,,,,,,,,,,
SB Acoustics,WO24TX-8,8,24.5,0.34,0.36,5.67,88,5.8,0.56,255,44.2,,0.95,1.2,10.45,,,,17.1,,,,,88,,,,,,88,,,,,,,,,,,,,,,49.5,23.1,,6,,,,,,,,,,,,,,,,,,,,,,,,,,,
SB Acoustics,WO34HC-4,4,20,0.23,0.25,5.53,233,3.5,0.7,585,132,,0.48,3,15.1,,,,16.6,,,,,92.5,,,,,,92.5,,,,,,,,,,,,,,,75.6,24.6,,8,,,,,,,,,,,,,,,,,,,,,,,,,,,
SB Acoustics,WO34HC-8,8,20.2,0.29,0.3,5.37,238,6.8,1,585,127,,0.49,3,19,,,,16.6,,,,,89.5,,,,,,89.5,,,,,,,,,,,,,,,75.6,24.6,,8,,,,,,,,,,,,,,,,,,,,,,,,,,,
SB Audience,15SW800,8,45,0.46,0.48,9.99,87.6,5.2,1.18,850.1,143.6,,0.09,4.1,,,,,,,,,,99,,,,,99,,,,,,,,,,,,,,,,,,,,,,,,,,,,,,,,,,,,,,,,,,,,,,
SB Audience,Bianco 8MW250,8,74,0.4,0.45,3.86,13.8,5.6,0.53,211.2,20.97,,0.22,2.53,,6.5,,,,,,,,94,,,,,94,,,,,,,,,,,,,,,,,,,,,,,,,,,,,,,,,,,,,,,,,,,,,,
SB Audience,Bianco-10MW150N,8,65,0.39,0.4,12.08,25.8,5.1,0.64,366.4,44.4,,0.14,1.5,,,,,,,,,,,,,,,,,,,,,,,,,,,,,,,,,,,,,,,,,,,,,,,,,,,,,,,,,,,,,
SB Audience,Bianco-12MW200,8,51,0.49,0.51,14.33,62.9,5.3,0.83,543.3,,,0.15,1.45,,,,,,,,,,99,,,,,99,,,,,,,,,,,,,,,,,,,,,,,,,,,,,,,,,,,,,,,,,,,,,,
SB Audience,Bianco-12OB150,8,44,0.63,0.69,6.39,103.8,7.2,1.18,539.1,52.4,,0.25,2.26,12.2,,,,,,,,,96,,,,,96,,,,,,,,,,,,,,,,,,,,,,,,,,,,,,,,,,,,,,,,,,,,,,
SB Audience,Bianco-15MW200,8,44,0.58,0.61,15.19,153.3,6.8,1.02,824.5,80.9,,0.16,1.48,,,,,,,,,,100,,,,,100,,,,,,,,,,,,,,,,,,,,,,,,,,,,,,,,,,,,,,,,,,,,,,
SB Audience,BIANCO-15OB350,8,34,0.57,0.6,12.17,212.73,7.2,1.72,855.3,106.48,,0.21,1.87,16.48,11.02,,,,,,,,,,,,,,,,381,391,,,,,363,376.7,,,,,,,,,,,,,,,,,,,,,,,,,,,,,,,,,,,,
SB Audience,Bianco-25CD-P,8,,,,,,,,,,,,,,,,,,,,,,,,,,,,,,,,,,,,,,,,,,,,,,,,,,,,,,,,,,,,,,,,,,,,,,,,,
SB Audience,Bianco-44CD-PK,8,,,,,,6.2,,,,,,,,,,,,,,,,107,,,,,107,,,,,,,,,,,,,,,,,,,,,,,,,,,,,,,,,,,,,,,,,,,,,,
SB Audience,Bianco-44CD-T,8,,,,,,6.2,,,,,,,,,,,,,,,,105,,,,,105,,,,,,,,,,,,,,,,,,,,,,,,,,,,,,,,,,,,,,,,,,,,,,
SB Audience,Bianco-8MW125,8,89,0.55,0.57,14.63,10.1,5.8,0.5,224.3,22.8,,0.14,0.87,,,,,,,,,,97,,,,,97,,,,,,,,,,,,,,,,,,,,,,,,,,,,,,,,,,,,,,,,,,,,,,
SB Audience,Bianco-8MW150N,8,74,0.38,0.4,8.97,9.9,6.8,1.07,227,34,,0.14,1.76,16.5,,,,,,,,,,,,,,,,,,,,,,,,,,,,,,,,,,,,,,,,,,,,,,,,,,,,,,,,,,,,
SB Audience,Nero 10MWN600D,8,68.1,0.34,0.36,5.88,18.8,5.4,0.27,356.3,52.2,,0.1,3.8,,,,,,,,,,96,,,,,96,,,,,,,,,,,,,,,,,,,,,,,,,,,,,,,,,,,,,,,,,,,,,,
SB Audience,Nero 150BN450D,8,25,0.8,0.91,6.37,319,5.3,0.8,865.7,130,,0.3,3.27,,,,,,,,,,,,,,,,,,,,,,,,,,,,,,,,,,,,,,,,,,,,,,,,,,,,,,,,,,,,,
SB Audience,Nero 18OBN500D,8,22,0.9,1.1,6.6,662,5.3,0.82,1244,177,,0.3,3.67,,,,,,,,,,,,,,,,,,,,,,,,,,,,,,,,,,,,,,,,,,,,,,,,,,,,,,,,,,,,,
SB Audience,Nero 5CCN125D,8,,,,,,,,,,,,,,,,,,,,,,,,,,,,,,,,,,,,,,,,,,,,,,,,,,,,,,,,,,,,,,,,,,,,,,,,,
SB Audience,Nero 8MWN400D,8,63,0.38,0.41,4.07,13.9,5.2,0.25,208.7,28.4,,0.23,2.75,,6.7,,,,,,,,93.5,,,,,93.5,,,,,,,,,,,,,,,,,,,,,,,,,,,,,,,,,,,,,,,,,,,,,,
SB Audience,Nero-12MWN400D,8,66,0.52,0.55,8.98,31.1,5.4,0.19,543.3,78.8,,0.07,3.63,,,,,,,,,,96,,,,,96,,,,,,,,,,,,,,,,,,,,,,,,,,,,,,,,,,,,,,,,,,,,,,
SB Audience,Nero-12MWN700D,8,52.7,0.38,0.4,8.9,52.5,5.3,0.32,543.3,72.5,,0.13,2.7,,,,,,,,,,97,,,,,97,,,,,,,,,,,,,,,,,,,,,,,,,,,,,,,,,,,,,,,,,,,,,,
SB Audience,Nero-15MWN700D,8,41.4,0.46,0.48,9.07,145.9,5.4,0.37,865.7,107.6,,0.14,3.1,,,,,,,,,,97,,,,,97,,,,,,,,,,,,,,,,,,,,,,,,,,,,,,,,,,,,,,,,,,,,,,
SB Audience,Nero-15SW800,8,31,0.34,0.36,7.59,137,5.3,2.08,860.5,207.2,,0.13,5.25,,,,,,,,,,96,,,,,96,,,,,,,,,,,,,,,,,,,,,,,,,,,,,,,,,,,,,,,,,,,,,,
SB Audience,Nero-18SW1100D,8,36,0.33,0.34,11.83,153.1,5,1.36,1256.6,294,,0.07,5.54,,,,,,,,,,99,,,,,99,,,,,,,,,,,,,,,,,,,,,,,,,,,,,,,,,,,,,,,,,,,,,,
SB Audience,Nero-18SW1900D,8,34,0.42,0.43,15.68,157.9,5.3,1.59,1256.6,307.6,,0.07,4.21,,17.5,,,,,,,,95,,,,,95,,,,,,,,,,,,,,,,,,,,,,,,,,,,,,,,,,,,,,,,,,,,,,
SB Audience,Nero-21SW1100D,8,32,0.34,0.35,10.92,312.6,5.1,1.29,1654.7,309.3,,0.08,5.67,,,,,,,,,,101,,,,,101,,,,,,,,,,,,,,,,,,,,,,,,,,,,,,,,,,,,,,,,,,,,,,
SB Audience,Nero-6MRN150D,8,200,0.48,0.58,2.96,1.1,5.6,0.28,136.8,13.8,,0.04,6,,,,,,,,,,98,,,,,98,,,,,,,,,,,,,,,,,,,,,,,,,,,,,,,,,,,,,,,,,,,,,,
SB Audience,Nero-6MRN151D,8,230,0.48,0.58,2.65,0.8,5.6,0.17,136.8,14.6,,0.03,8.21,,,,,,,,,,98,,,,,,98,,,,,,,,,,,,,,,,,,,,,,,,,,,,,,,,,,,,,,,,,,,,,
SB Audience,Rosso 10CX300,,58,0.45,0.48,5.52,40.5,5.2,0.63,366.4,34.9,,0.21,2.32,,,,,,,,,,,,,,,,,,,,,,,,,,,,,,,,,,,,,,,,,,,,,,,,,,,,,,,,,,,,,
SB Audience,Rosso 12CX350,,49,0.49,0.52,6.99,90.4,5.2,0.58,530.9,47.5,,0.23,2.07,,,,,,,,,,,,,,,,,,,,,,,,,,,,,,,,,,,,,,,,,,,,,,,,,,,,,,,,,,,,,
SB Audience,Rosso 6C200D,8,61,0.34,0.35,12,8.8,5.4,0.42,145.3,23,,0.3,0.74,,,,,,,,,,93,,,,,,93,,,,,,,,,,,,,,,,,,,,,,,,,,,,,,,,,,,,,,,,,,,,,
SB Audience,Rosso 75CDN-T,8,,,,,,6.2,,,,,,,,,,,,,,,,110,,,,,110,,,,,,,,,,,,,,,,,,,,,,,,,,,,,,,,,,,,,,,,,,,,,,
SB Audience,Rosso 8CX250,,70,0.32,0.37,2.19,15.8,5.3,0.72,211.2,20.8,,0.25,4.17,,,,,,,,,,,,,,,,,,,,,,,,,,,,,,,,,,,,,,,,,,,,,,,,,,,,,,,,,,,,,
SB Audience,Rosso-12MW300,8,48,0.27,0.28,12.1,85.9,5.2,0.73,543.3,54.3,,0.21,1.34,,,,,,,,,,100,,,,,100,,,,,,,,,,,,,,,,,,,,,,,,,,,,,,,,,,,,,,,,,,,,,,
SB Audience,Rosso-15MW500,8,42,0.33,0.35,9.39,121.3,5.6,1.37,865.7,127.1,,0.11,3.55,,,,,,,,,,100,,,,,100,,,,,,,,,,,,,,,,,,,,,,,,,,,,,,,,,,,,,,,,,,,,,,
SB Audience,Rosso-15W400,8,44,0.33,0.34,11.15,140.1,5.2,1,907.9,107.6,,0.12,2.68,,,,,,,,,,102,,,,,102,,,,,,,,,,,,,,,,,,,,,,,,,,,,,,,,,,,,,,,,,,,,,,
SB Audience,Rosso-18SW1000D,8,35,0.46,0.49,10.13,164.3,5.3,1.64,1256.6,276,,0.07,6.05,,,,,,,,,,,,,,,,,,,,,,,,,,,,,,,,,,,,,,,,,,,,,,,,,,,,,,,,,,,,,
SB Audience,Rosso-18SW650,8,31,0.41,0.44,8.32,304.3,5,1.4,1244.1,189.7,,0.14,4.44,,,,,,,,,,99,,,,,99,,,,,,,,,,,,,,,,,,,,,,,,,,,,,,,,,,,,,,,,,,,,,,
SB Audience,Rosso-21SW800,8,38,0.76,0.8,14.41,224.4,6.4,1.82,1661.9,301.4,,0.06,5.03,,,,,,,,,,98,,,,,98,,,,,,,,,,,,,,,,,,,,,,,,,,,,,,,,,,,,,,,,,,,,,,
SB Audience,Rosso-25CDN-P,8,,,,,,5.5,,,,,,,,,,,,,,,,107,,,,,107,,,,,,,,,,,,,,,,,,,,,,,,,,,,,,,,,,,,,,,,,,,,,,
SB Audience,Rosso-44CD-PK,8,,,,,,6.2,,,,,,,,,,,,,,,,107,,,,,107,,,,,,,,,,,,,,,,,,,,,,,,,,,,,,,,,,,,,,,,,,,,,,
SB Audience,Rosso-44CDN-PK,8,,,,,,6.2,,,,,,,,,,,,,,,,109,,,,,109,,,,,,,,,,,,,,,,,,,,,,,,,,,,,,,,,,,,,,,,,,,,,,
SB Audience,Rosso-65CD-T,8,,,,,,6.2,,,,,,,,,,,,,,,,108,,,,,108,,,,,,,,,,,,,,,,,,,,,,,,,,,,,,,,,,,,,,,,,,,,,,
SB Audience,Rosso-65CDN-T,8,,,,,,,,,,,,,,,,,,,,,,,,,,,,,,,,,,,,,,,,,,,,,,,,,,,,,,,,,,,,,,,,,,,,,,,,,
SB Audience,ROSSO-6MW150D,8,66,0.32,0.33,9.24,8.8,5.4,0.39,145.3,19.4,,0.3,0.88,,,,,,,,,,94,,,,,94,,,,,,,,,,,,,,,,,,,,,,,,,,,,,,,,,,,,,,,,,,,,,,
Scan-Speak,107001,,,,,,,,,,,,,,,,,,,,,,,,,,,,,,,,,,,,,,,,,,,,,,,,,,,,,,,,,,,,,,,,,,,,,,,,,,
Scan-Speak,107002,,,,,,,,,,,,,,,,,,,,,,,,,,,,,,,,,,,,,,,,,,,,,,,,,,,,,,,,,,,,,,,,,,,,,,,,,,
Scan-Speak,107003,,,,,,,,,,,,,,,,,,,,,,,,,,,,,,,,,,,,,,,,,,,,,,,,,,,,,,,,,,,,,,,,,,,,,,,,,,
Scan-Speak,107004,,,,,,,,,,,,,,,,,,,,,,,,,,,,,,,,,,,,,,,,,,,,,,,,,,,,,,,,,,,,,,,,,,,,,,,,,,
Scan-Speak,107005,,,,,,,,,,,,,,,,,,,,,,,,,,,,,,,,,,,,,,,,,,,,,,,,,,,,,,,,,,,,,,,,,,,,,,,,,,
Scan-Speak,107006,,,,,,,,,,,,,,,,,,,,,,,,,,,,,,,,,,,,,,,,,,,,,,,,,,,,,,,,,,,,,,,,,,,,,,,,,,
Scan-Speak,107008,,,,,,,,,,,,,,,,,,,,,,,,,,,,,,,,,,,,,,,,,,,,,,,,,,,,,,,,,,,,,,,,,,,,,,,,,,
Scan-Speak,107009,,,,,,,,,,,,,,,,,,,,,,,,,,,,,,,,,,,,,,,,,,,,,,,,,,,,,,,,,,,,,,,,,,,,,,,,,,
Scan-Speak,107010,,,,,,,,,,,,,,,,,,,,,,,,,,,,,,,,,,,,,,,,,,,,,,,,,,,,,,,,,,,,,,,,,,,,,,,,,,
Scan-Speak,10f_4424g,4,,,,,,,,,,,,,,,,,,,,,,,,,,,,,,,,,,,,,,,,,,,,,,,,,,,,,,,,,,,,,,,,,,,,,,,,,
Scan-Speak,10f_8424g,8,,,,,,5.8,,,,,,,,,,,,,,,,,,,,,,,,,,,,,,,,,,,,,,,,,,,,,,,,,,,,,,,,,,,,,,,,,,,
Scan-Speak,10F/4424G00,4,90,0.29,0.32,3.2,2,3.2,0.1,36,2.8,,1.1,0.49,3.9,2.6,7,,,,,,,90,15,15,,,,90,,100,97.5,,,44.65,,78,,,,,,,20,9.2,,4,68,,,,97.5,,,,,,,,,,,,,,,,,,,,,,
Scan-Speak,10F/8424G00,8,90,0.37,0.41,3.49,2.1,5.8,0.13,36,2.77,,1.13,0.45,4.8,2.6,7,,,,,,,86.5,15,15,,,,86.5,,100,97.5,,,44.65,,78,,,,,,6,20,9.2,,4,68,,,,97.5,,,,,,,,,,,,,,,,,,,,,,
Scan-Speak,10F8414G10,8,100,0.51,0.65,2.44,1.57,6.3,0.11,36,2.93,,0.86,0.76,4.27,2.3,7.5,,,,,,,86,10,20,,,,86,,,97.5,,,39.9,,78,,,,,,,20,8.7,,4,68,,,,97.5,,,,,,,,,,,,,,,,,,,,,,
Scan-Speak,10M/4614G06,4,110,0.53,0.63,3.26,1.3,3.2,0.1,36,3,,0.698,0.64,3.2,2.6,7,,,,,,,88,60,,,,,88,,100,97.5,,,,,,,,,,,,20,9.2,,4,68,,,,,,,,,,,,,,,,,,,,,,,,,,
Scan-Speak,114012,,,,,,,,,,,,,,,,,,,,,,,,,,,,,,,,,,,,,,,,,,,,,,,,,,,,,,,,,,,,,,,,,,,,,,,,,,
Scan-Speak,114013,,,,,,,,,,,,,,,,,,,,,,,,,,,,,,,,,,,,,,,,,,,,,,,,,,,,,,,,,,,,,,,,,,,,,,,,,,
Scan-Speak,114014,,,,,,,,,,,,,,,,,,,,,,,,,,,,,,,,,,,,,,,,,,,,,,,,,,,,,,,,,,,,,,,,,,,,,,,,,,
Scan-Speak,114015,,,,,,,,,,,,,,,,,,,,,,,,,,,,,,,,,,,,,,,,,,,,,,,,,,,,,,,,,,,,,,,,,,,,,,,,,,
Scan-Speak,114016,,,,,,,,,,,,,,,,,,,,,,,,,,,,,,,,,,,,,,,,,,,,,,,,,,,,,,,,,,,,,,,,,,,,,,,,,,
Scan-Speak,114017,,,,,,,,,,,,,,,,,,,,,,,,,,,,,,,,,,,,,,,,,,,,,,,,,,,,,,,,,,,,,,,,,,,,,,,,,,
Scan-Speak,11M/4631G05,4,68,0.31,0.33,4.54,2.7,3.6,0.06,50,7.1,,0.77,0.67,5.5,3,7,,,,,,,90,,,,,,90,,110,115,,,,,,,,,,,,,,,,,,,,,,,,,,,,,,,,,,,,,,,,,,
Scan-Speak,12m_4631g,4,75,0.33,0.35,5.57,2.3,3.2,0.22,49,6.5,,0.69,0.55,5.3,3,7,,,,,,,89,,,,,,89,,,,,,,,,,,,,,,,,,,,,,,,,,,,,,,,,,,,,,,,,,,,,
Scan-Speak,12M/4631G00,4,75,0.33,0.35,5.57,2.3,3.2,0.22,49,6.5,,0.69,0.55,5.3,3,7,,,,,,,89,40,,,,,89,,,115.5,,,,,,,,,,,,38,10,,4,79,,,,,,,,,,,,,,,,,,,,,,,,,,
Scan-Speak,12mu_4731t,4,64,0.24,0.26,3.64,5.4,3.1,0.11,58,5.4,,1.15,0.6,5.1,3.5,10,,,,,,,90,,,,,,90,,,,,,,,,,,,,,,,,,,,,,,,,,,,,,,,,,,,,,,,,,,,,
Scan-Speak,12mu_8731t,8,66,0.29,0.31,3.63,5.8,5.9,0.13,58,4.7,,1.24,0.54,6.1,3.4,11,,,,,,,87,,,,,,87,,,,,,,,,,,,,,,,,,,,,,,,,,,,,,,,,,,,,,,,,,,,,
Scan-Speak,12MU/4731T00,4,64,0.24,0.26,3.64,5.4,3.1,0.11,58,5.4,,1.15,0.6,5.1,3.5,10,,,,,,,90,80,150,,,,90,,,120,,,70,,101,,,,,,5,32,6,,13,86,,,,120,,,,,,,,,,,,,,,,,,,,,,
Scan-Speak,12MU/8731T00,8,66,0.29,0.31,3.63,5.8,5.9,0.13,58,4.7,,1.24,0.54,6.1,3.4,11,,,,,,,87,80,80,,,,87,,120,120,,,70,,101,,,,,,5,32,6.2,,13,86,,,,120,,,,,,,,,,,,,,,,,,,,,,
Scan-Speak,12w_4524g,,,0.27,0.3,,,3.1,,,,,,,,,,,,,,,,,,,,,,,,,,,,,,,,,,,,,,,,,,,,,,,,,,,,,,,,,,,,,,,,,,,
Scan-Speak,12w_8524g,,,0.32,0.35,,,5.7,,,,,,,,,,,,,,,,,,,,,,,,,,,,,,,,,,,,,,,,,,,,,,,,,,,,,,,,,,,,,,,,,,,
Scan-Speak,12W/4524G00,4,50,0.27,0.3,3.35,8.2,3.1,0.4,59,6.1,,1.67,0.57,4.4,3,9,,,,,,,89,40,40,,,,89,,,125,,,53.4,,100,,,,,,,25,10,,4,86,,,,124.7,,,,,,,,,,,,,,,,,,,,,,
Scan-Speak,12W/8524G00,8,52,0.32,0.35,3.42,8.2,5.7,0.6,59,5.6,,1.67,0.54,5.4,3,9,,,,,,,86,40,40,,,,86,,,125,,,53.4,,100,,,,,,,25,10,,4,86,,,,124.7,,,,,,,,,,,,,,,,,,,,,,
Scan-Speak,13M-REPLACEMENT,,,,,,,,,,,,,,,,,,,,,,,,,,,,,,,,,,,,,,,,,,,,,,,,,,,,,,,,,,,,,,,,,,,,,,,,,,
Scan-Speak,13M8640-00,,64,0.24,0.27,2.7,5,5.8,0.1,48,4.1,,,0.6,6,1.5,5,,,,,,,87.5,,,,,,87.5,,,,,,,,,,,,,,,,,,,,,,,,,,,,,,,,,,,,,,,,,,,,,
Scan-Speak,15m_4531k,4,,,,4.8,16,,0.16,,11,,1.3,0.6,6,3,8,,,,,,,,,,,,,,,,,,,,,,,,,,,,,,,,,,,,,,,,,,,,,,,,,,,,,,,,,,
Scan-Speak,15m_4624g,,,,,,,,,,,,,,,,,,,,,,,,,,,,,,,,,,,,,,,,,,,,,,,,,,,,,,,,,,,,,,,,,,,,,,,,,,
Scan-Speak,15M/4624G00,4,100,0.43,0.47,5.62,3.7,3.2,0.23,80,6.2,,0.41,0.69,5.3,1.5,8,,,,,,,92.4,75,,,,,92.4,,,149,,,,,,,,,,,,,,,,,,,,,,,,,,,,,,,,,,,,,,,,,,
Scan-Speak,15M/8631G00,8,42,0.35,0.37,,16.2,5.9,,95,10.9,,,,6.8,3,8,,,,,,,87,,,,,,,,150,,,,,,,,,,,,,,,,,,,,,,,,,,,,,,,,,,,,,,,,,,,
Scan-Speak,15M4531K00,4,42,0.27,0.28,4.8,16,3.5,0.16,95,11,,1.3,0.6,6,3,8,,,,,,,89.5,50,150,,,,89.5,,150,148,,,71,,125,,,,,,,38,11,,5,110,,,,148,,,,,,,,,,,,,,,,,,,,,,
Scan-Speak,15W / 4531G00,4,40,0.32,0.34,4.6,15.8,3.4,0.25,95,13,,1.25,0.7,5.7,6.5,9,,,,,,,87,60,60,,,,87,,150,148,,,76.5,,126,,,,,,,38,17.5,,5,110,,,,148,,,,,,,,,,,,,,,,,,,,,,
Scan-Speak,15w_4531g,,,,0.34,4.6,,3.4,,,,,,,,,,,,,,,,,,,,,,,,,,,,,,,,,,,,,,,,,,,,,,,,,,,,,,,,,,,,,,,,,,,
Scan-Speak,15W/4424G00,4,46,0.24,0.26,3.26,13.8,3.1,0.37,80,7.9,,1.51,0.7,5.2,2.8,8,,,,,,,90.5,60,,,,,90.5,,,149,,,,,,,,,,,,25,10.5,,5,101,,,,,,,,,,,,,,,,,,,,,,,,,,
Scan-Speak,15W/4434G00,4,43,0.21,0.22,3.69,12.8,3,0.5,80,9.6,,1.43,0.7,5.9,4.3,8,,,,,,,89.5,60,,,,,89.5,,150,149,,,,,,,,,,,,32,13.6,,5,101,,,,,,,,,,,,,,,,,,,,,,,,,,
Scan-Speak,15W/8424G00,8,46,0.25,0.27,3.6,14.5,5.5,0.5,80,7.54,,1.62,0.6,6.6,2.6,8,,,,,,,87.5,60,60,,,,87.5,,,149,,,60.9,,114,,,,,,,25,10.2,,5,101,,,,149,,,,,,,,,,,,,,,,,,,,,,
Scan-Speak,15W/8434G00,8,45,0.25,0.27,3.74,12.8,5.7,0.8,80,8.61,,1.43,0.66,7.3,4.2,8,,,,,,,87,60,60,,,,87,,150,149,,,61.9,,114,,,,,,,32,13.4,,5,101,,,,149,,,,,,,,,,,,,,,,,,,,,,
Scan-Speak,15w/8534T,,,0.39,0.43,,,,,,,,,,,,,,,,,,,,,,,,,,,,,,,,,,,,,,,,,,,,,,,,,,,,,,,,,,,,,,,,,,,,,,
Scan-Speak,15W/8534T00,8,32,0.39,0.43,3.6,30,6.6,0.26,98,11,,2.2,0.6,5.5,5,9,,,,,,,85.5,60,,,,,85.5,,150,150,,,,,,,,,,,,,,,,,,,,,,,,,,,,,,,,,,,,,,,,,,
Scan-Speak,15W8530K00,8,39,0.39,0.43,5,16,5.85,0.3,95,13,,1.27,0.64,6.6,6.5,9,,,,,,,86,60,,,,,86,,,148,,,,,,,,,,,,38,18,,5,110,,,,,,,,,,,,,,,,,,,,,,,,,,
Scan-Speak,15W8530K01,8,38,0.5,0.55,5.8,17,5.9,0.3,95,13,,1.33,0.54,5.8,6.5,9,,,,,,,84.5,60,,,,,84.5,,150,148,,,,,,,,,,,,38,18,,5,110,,,,,,,,,,,,,,,,,,,,,,,,,,
Scan-Speak,15W8531K00,8,39,0.38,0.42,4.9,16.7,5.8,0.29,95,12.8,,1.3,0.64,6.6,6.5,9,,,,,,,86,60,60,,,,86,,,148,,,71,,125,,,,,,,38,18,,5,110,,,,148,,,,,,,,,,,,,,,,,,,,,,
Scan-Speak,15WU/4741T00,4,34,0.23,0.25,3.47,20,3.2,0.5,92,13,,1.69,0.8,6,9,13,,,,,,,86,80,80,,,,86,,,150,,,90,,123,,,,,,4,42,8,,20,108,,,,149,,,,,,,,,,,,,,,,,,,,,,
Scan-Speak,15WU/8741T00,8,35,0.26,0.28,3.37,19.9,5.9,0.41,92,12.3,,1.68,0.8,7.5,9,13,,,,,,,83.5,80,80,,,,83.5,,150,150,,,90,,123,,,,,,4,42,8,,20,108,,,,149,,,,,,,,,,,,,,,,,,,,,,
Scan-Speak,16W/4434G-00,,,0.48,,,,3,,,,,,,,,,,,,,,,,,,,,,,,,,,,,,,,,,,,,,,,,,,,,,,,,,,,,,,,,,,,,,,,,,,
Scan-Speak,16W/4434G00,4,55,0.48,0.56,3.06,17.9,3,0.35,138,12.5,,0.67,1.41,4.8,4,8,,,,,,,90.5,40,,,,,90.5,,160,165.5,,,,,,,,,,,,32,12,,4,131,,,,,,,,,,,,,,,,,,,,,,,,,,
Scan-Speak,16W/4531G06,4,51,0.59,0.66,5.08,12.6,3.46,0.28,123,16.3,,0.59,1.02,5.18,6.5,6.5,,,,,,,86,,,,,,86,,160,165.5,,,,,,,,,,,,,,,,,,,,,,,,,,,,,,,,,,,,,,,,,,
Scan-Speak,16W/4538G05,4,36,0.35,0.39,3.82,24,3.1,0.18,123,16.9,,1.12,1,5.5,6.6,13.5,,,,,,,90,,,,,,90,,160,165.5,,,,,,,,,,,,,,,,,,,,,,,,,,,,,,,,,,,,,,,,,,
Scan-Speak,18M/4631T00,4,65,0.6,0.67,5.65,14,3.5,0.16,154,14.3,,0.42,1.03,5.6,3,14.5,,,,,,,92,50,70,,,,92,,180,182,,,84.9,,156,,,,,,,38,11,,5,,,,,182,,,,,,,,,,,,,,,,,,,,,,
Scan-Speak,18M/4631T00,4,65,0.6,0.67,5.65,14,3.5,0.16,154,14.3,,0.42,1.03,5.6,3,14.5,,,,,,,92,,,,,,92,,,,,,,,,,,,,,,,,,,,,,,,,,,,,,,,,,,,,,,,,,,,,
Scan-Speak,18M/8631T00,8,65,0.71,0.82,5.24,14,6,0.22,154,14.2,,0.42,1.11,6.5,3,14.5,,,,,,,91.6,120,,,,,91.6,,180,182,,,,,,,,,,,,,,,,,,,,,,,,,,,,,,,,,,,,,,,,,,
Scan-Speak,18M/8631T00,,65,0.71,,,14,6,,154,14.2,,,1.11,6.5,3,14.5,,,,,,,89,,,,,,,,,,,,,,,,,,,,,,,,,,,,,,,,,,,,,,,,,,,,,,,,,,,
Scan-Speak,18W / 4531G00,4,33,0.35,0.38,5.2,41.9,3.4,0.3,157,17.5,,1.33,0.7,5.7,6.5,11,,,,,,,90,70,70,,,,90,,180,182.2,,,82.5,,156,,,,,,,38,17.5,,5,138,,,,182,,,,,,,,,,,,,,,,,,,,,,
Scan-Speak,18W / 4531G01,4,34,0.35,0.38,4.9,45.6,3.5,0.27,157,16.9,,1.3,0.74,5.7,6.5,11,,,,,,,89,70,110,,,,89,,180,182.2,,,77.6,,156,167.8,5.3,5,,110,,38,18,,5,142,,,,182.2,,,,,,,,,,,,,,,,,,,,,,
Scan-Speak,18w_4531g,,,0.35,,,,3.4,0.3,157,,,1.33,,5.7,,,,,,,,,,,,,,,,,,,,,,,,,,,,,,,,,,,,,,,,,,,,,,,,,,,,,,,,,,,,
Scan-Speak,18w_8531g,,,0.36,0.39,5.1,,,0.35,157,,,,,,,,,,,,,,,,,,,,,,,,,,,,,,,,,,,,,,,,,,,,,,,,,,,,,,,,,,,,,,,,,
Scan-Speak,18w_8535,,,,0.46,,,,,,,,,,,,,,,,,,,,,,,,,,,,,,,,,,,,,,,,,,,,,,,,,,,,,,,,,,,,,,,,,,,,,,
Scan-Speak,18w_8545k,,,,0.3,,,5.5,,,,,,,,,,,,,,,,,,,,,,,,,,,,,,,,,,,,,,,,,,,,,,,,,,,,,,,,,,,,,,,,,,,
Scan-Speak,18W/4424G00,4,49,0.38,0.42,4.57,24.1,3.2,0.47,137,11.4,,0.92,0.77,5.2,2.8,8,,,,,,,91,50,,,,,91,,,180,,,,,,,,,,,,25,10.5,,5,132,,,,,,,,,,,,,,,,,,,,,,,,,,
Scan-Speak,18W/4434G00,4,47,0.35,0.37,7.81,20.7,3,0.39,137,14.41,,0.79,0.55,6,4.3,8,,,,,,,91.5,55,,,,,91.5,,180,180,,,,,,,,,,,,32,13.6,,5,132,,,,,,,,,,,,,,,,,,,,,,,,,,
Scan-Speak,18W/4545-00,,,,,,,,,,,,,,,,,,,,,,,,,,,,,,,,,,,,,,,,,,,,,,,,,,,,,,,,,,,,,,,,,,,,,,,,,,
Scan-Speak,18W/4545-03,,30.5,0.27,0.32,1.8,35.4,,0.27,150,,,1.12,2.6,7.2,7,,,,,,,,90.2,,,,,,,,,,,,,,,,,,,,,,,,,,,,,,,,,,,,,,,,,,,,,,,,,,,
Scan-Speak,18W/8424G00,8,54,0.45,0.51,4.04,20.3,5.7,0.69,137,11.3,,0.77,0.95,6.6,2.6,8,,,,,,,89.5,50,,,,,89.5,,,180,,,,,,,,,,,,25,10.2,,5,132,,,,,,,,,,,,,,,,,,,,,,,,,,
Scan-Speak,18W/8535-01,8,25,0.38,0.46,2.1,68.9,5.85,0.33,145,17.2,,2.3,1.33,5.9,5,10,,,,,,,87,70,190,,,,87,,,177,,,74.5,,158,,,,,,90,38,15,,5,136,,,,177,,,,,,,,,,,,,,,,,,,,,,
Scan-Speak,18W/8545-00,,,,,,,,,,,,,,,,,,,,,,,,,,,,,,,,,,,,,,,,,,,,,,,,,,,,,,,,,,,,,,,,,,,,,,,,,,
Scan-Speak,18W8434G00,8,50,0.43,0.46,7.58,19.5,5.6,0.55,137,13.7,,0.74,0.57,7.2,4.2,8,,,,,,,88.5,55,55,,,,88.5,,180,180,,,73.2,,144.3,,,,,,,32,13.4,,5,132,,,,179.6,,,,,,,,,,,,,,,,,,,,,,
Scan-Speak,18W8531G00,8,28,0.36,0.39,5.1,58.2,5.8,0.35,150,17.5,,1.85,0.6,6.8,6.5,11,,,,,,,87,60,60,,,,87,,,182.2,,,82.5,,156,,,,,,,38,18,,5,138,,,,182,,,,,,,,,,,,,,,,,,,,,,
Scan-Speak,18W8535-00,8,26,0.38,0.45,2.5,71.2,5.8,0.3,145,15.5,,2.42,1.01,5.7,5,10,,,,,,,86.5,70,,,,,86.5,,,,,,,,,,,,,,,38,15,,5,136,,,,,,,,,,,,,,,,,,,,,,,,,,
Scan-Speak,18W8542-00,8,30,0.23,0.26,1.7,47.9,5.5,0.2,135,15,,1.88,1.66,7.8,6.5,10,,,,,,,89,70,70,,,,89,,,177,,,74.5,,158,,,,,,,42,19,,6,131,,,,177,,,,,,,,,,,,,,,,,,,,,,
Scan-Speak,18W8542-10,8,43,0.35,0.44,1.7,26,5.7,0.2,135,13.6,,1,2.1,6.9,6.5,10,,,,,,,88,,130,,,,88,,,177,,,74.5,,158,,,,,,,42,19,,,,,,,177,,,,,,,,,,,,,,,,,,,,,,
Scan-Speak,18W8545-01,8,25,0.2,0.22,1.55,68.6,5.7,0.39,145,18,,2.3,1.8,8.4,6.5,10,,,,,,,88,100,100,,,,88,,180,177,,,74.5,,158,,,,,,,42,19,,6,136,,,,177,,,,,,,,,,,,,,,,,,,,,,
Scan-Speak,18W8545K00,8,28,0.28,0.3,5.2,46.4,5.5,0.4,145,20.5,,1.58,0.69,8.2,6.5,10,,,,,,,87.5,100,,,,,87.5,,180,177,,,,,,,,,,,,42,19,,6,136,,,,,,,,,,,,,,,,,,,,,,,,,,
Scan-Speak,18W8546-00,,22,0.19,0.22,1.7,84,5.5,0.4,145,18.5,,,1.5,8,6.5,10,,,,,,,88,,,,,,88,,,,,,,,,,,,,,,,,,,,,,,,,,,,,,,,,,,,,,,,,,,,,
Scan-Speak,18W8546-01,,22,0.19,0.22,1.7,84,5.5,0.4,145,18.5,,,1.5,8,6.5,10,,,,,,,88,,,,,,88,,,,,,,,,,,,,,,,,,,,,,,,,,,,,,,,,,,,,,,,,,,,,
Scan-Speak,18WE/4542T00,4,46,0.25,0.26,5.62,17.2,3.4,0.1,133,17.5,,0.68,0.9,8.1,7.2,12,,,,,,,92.5,70,100,,,,92.5,,180,180,,,97.7,,158,,,,,,40,,,,,,,,,180,,,,,,,,,,,,,,,,,,,,,,
Scan-Speak,18WE/8542T-00,8,50,0.32,0.34,5.01,16,6.3,0.14,133,16,,0.64,1,9.7,7.7,12,,,,,,,89,50,100,,,,,,180,180,,,97.7,,158,,,,,,40,,20.4,,,,,,,180,,,,,,,,,,,,,,,,,,,,,,
Scan-Speak,18wu_4741t,,,0.36,0.39,3.76,,3.3,0.4,154,,,,,5.9,,,,,,,,,,,,,,,,,,,,,,,,,,,,,,,,,,,,,,,,,,,,,,,,,,,,,,,,,,,,
Scan-Speak,18wu_4747t,,,0.35,0.39,,,3.3,0.4,,,,1.1,,5.9,,,,,,,,,,,,,,,,,,,,,,,,,,,,,,,,,,,,,,,,,,,,,,,,,,,,,,,,,,,,
Scan-Speak,18wu_8741t,,,0.39,0.44,,,,0.6,154,,,1.1,,7.3,,,,,,,,,,,,,,,,,,,,,,,,,,,,,,,,,,,,,,,,,,,,,,,,,,,,,,,,,,,,
Scan-Speak,18WU/4741T00,4,34,0.36,0.39,3.76,38.4,3.3,0.4,154,19.1,,1.2,1.1,5.9,9,16,,,,,,,87.5,70,70,,,,87.5,,177.8,184,,,104.8,,157,,,,,,,42,8,,20,140,,,,184,,,,,,,,,,,,,,,,,,,,,,
Scan-Speak,18WU/4741T00,8,35,0.39,0.44,3.78,37.1,5.8,0.6,154,18.5,,1.1,,7.3,16,,,,,,,,85.5,,70,,,,,,,,,,104.8,,157,,,,,,,42,8,,20,140,,,,184,,,,,,,,,,,,,,,,,,,,,,
Scan-Speak,18WU/4741T00,,34,0.36,,,38.4,3.3,,154,,,,,5.9,,,,,,,,,87.5,,,,,,,,180,,,,,,,,,,,,,42,8,,20,140,,,,,,,,,,,,,,,,,,,,,,,,,,
Scan-Speak,18WU/4747T00,4,36,0.35,0.39,3.72,36,3.3,0.4,154,18.1,,1.1,1.1,5.9,9,16,,,,,,,87.5,70,,,,,87.5,,180,184,,,,,,,,,,,,42,8,,20,140,,,,,,,,,,,,,,,,,,,,,,,,,,
Scan-Speak,18WU/8741T00,8,35,0.39,0.44,3.78,37.1,5.8,0.6,154,18.5,,1.1,1.1,7.3,9,16,,,,,,,85.5,70,,,,,85.5,,,184,,,,,,,,,,,,42,8,,20,140,,,,,,,,,,,,,,,,,,,,,,,,,,
Scan-Speak,18WU/8747T00,8,36,0.38,0.43,3.72,36.2,5.8,0.6,154,18,,1.1,1.1,7.4,9,16,,,,,,,85.5,70,80,,,,85.5,,180,184,,,97.3,,158,,,,,,4,42,8,,20,140,,,,184,,,,,,,,,,,,,,,,,,,,,,
Scan-Speak,21W/8555-00,8,20,0.31,0.33,4.5,134,5.5,0.4,220,32,,,0.89,8.2,6.5,12,,,,,,,87,,,,,,87,,,,,,,,,,,,,,,,,,,,,,,,,,,,,,,,,,,,,,,,,,,,,
Scan-Speak,21W/8555-10,8,20,0.31,0.33,4.5,134,5.5,0.4,220,32,,1.98,0.89,8.2,6.5,12,,,,,,,87,100,100,,,,87,,,222,,,87,,194,,,,,,,42,19,,6,167,,,,222,,,,,,,,,,,,,,,,,,,,,,
Scan-Speak,21W14555-01,,,,,,,,,,,,,,,,,,,,,,,,,,,,,,,,,,,,,,,,,,,,,,,,,,,,,,,,,,,,,,,,,,,,,,,,,,
Scan-Speak,21WE/4542T00,4,38,0.28,0.3,5.43,54,3.4,0.1,233,25,,0.7,1.1,8.2,7.2,12,,,,,,,93.5,50,100,,,,93.5,,210,222,,,107.7,,201,,,,,,40,,19.5,,,,,,,222,,,,,,,,,,,,,,,,,,,,,,
Scan-Speak,21WE/8542T00,8,36,0.38,0.4,6.33,54,6.3,0.2,233,28,,0.7,1,10,7.7,12,,,,,,,91,50,100,,,,91,,210,222,,,107.7,,201,,,,,,40,,19.5,,,,,,,222,,,,,,,,,,,,,,,,,,,,,,
Scan-Speak,22w_4534g,,,0.34,0.37,,,3,,,,,,,,,,,,,,,,,,,,,,,,,,,,,,,,,,,,,,,,,,,,,,,,,,,,,,,,,,,,,,,,,,,
Scan-Speak,22w_4851t,,,0.22,0.23,5.2,,3.7,0.3,,,,1.85,,8.2,,,,,,,,,,,,,,,,,,,,,,,,,,,,,,,,,,,,,,,,,,,,,,,,,,,,,,,,,,,,
Scan-Speak,22w_8534g,,,0.39,0.43,,,5.9,,,,,,,,,,,,,,,,,,,,,,,,,,,,,,,,,,,,,,,,,,,,,,,,,,,,,,,,,,,,,,,,,,,
Scan-Speak,22w_8851t,,,0.25,0.26,5.1,,6.2,0.35,,,,1.85,,9.9,,,,,,,,,,,,,,,,,,,,,,,,,,,,,,,,,,,,,,,,,,,,,,,,,,,,,,,,,,,,
Scan-Speak,22w_8857t,,,0.3,0.32,4.9,,6.2,0.35,,,,1.29,,10.1,,,,,,,,,,,,,,,,,,,,,,,,,,,,,,,,,,,,,,,,,,,,,,,,,,,,,,,,,,,,
Scan-Speak,22W/4534G00,4,30,0.34,0.37,3.7,95,3,0.33,235,23.7,,1.23,1.19,6,5.7,12,,,,,,,92.5,70,120,,,,92.5,,220,225,,,84.5,,185,,,,,,,38,17.3,,6,173,,,,225,,,,,,,,,,,,,,,,,,,,,,
Scan-Speak,22W/4851T00,4,21,0.22,0.23,5.2,126,3.7,0.3,220,32.5,,1.85,0.81,8.2,9,14,,,,,,,89,80,170,,,,89,,220,222,,,111,,194.1,,,,,,,50,24,,6,167,,,,222,,,,,,,,,,,,,,,,,,,,,,
Scan-Speak,22W/8851T00,8,21,0.25,0.26,5.1,126,6.2,0.35,220,31,,1.85,0.8,9.9,9,14,,,,,,,88,170,170,,,,88,,220,222,,,111,,194.1,,,,,,54.5,50,24,,6,,,,,222,,,,,,,,,,,,,,,,,,,,,,
Scan-Speak,22W/8857T00,8,23,0.3,0.32,4.9,87.7,6.2,0.35,220,37,,1.29,1.09,10.1,9,14,,,,,,,86,80,90,,,,86,,220,222,,,111,,194.1,,,,,,54.5,50,24,,6,167,,,,222,,,,,,,,,,,,,,,,,,,,,,
Scan-Speak,22W8534G00,8,30,0.39,0.43,4.14,94.2,5.9,0.56,235,23.1,,1.22,1.05,7.8,5.8,12,,,,,,,88.8,70,120,,,,88.8,,220,225,,,84.5,,185,,,,,,,38,17.5,,6,,,,,225,,,,,,,,,,,,,,,,,,,,,,
Scan-Speak,23W/0-00-00,,,,,,,,,,,,,,,,,,,,,,,,,,,,,,,,,,,,,,,,,,,,,,,,,,,,,,,,,,,,,,,,,,,,,,,,,,
Scan-Speak,23W/0-00-02,,,,,,,,,,,,,,,,,,,,,,,,,,,,,,,,,,,,,,,,,,,,,,,,,,,,,,,,,,,,,,,,,,,,,,,,,,
Scan-Speak,23W/4557T00,4,21,0.47,0.52,4.8,45,3.45,0.45,232,101,,0.6,2.71,9.3,13,20,,,,,,,82,225,225,,,,82,,228.6,255,,,141.1,,,,,,,,,50,34,,8,172,,,,240,,,,,,,,,,,,,,,,,,,,,,
Scan-Speak,23W/4557T02,4,21,0.47,0.52,4.8,45,3.45,0.45,232,101,,0.6,2.71,9.3,13,20,,,,,,,82,225,,,,,82,,,255,,,,,,,,,,,,50,34,,8,172,,,,,,,,,,,,,,,,,,,,,,,,,,
Scan-Speak,25W/8565-00,8,20,0.41,0.44,5.4,225,5.5,0.4,330,43,,1.47,1,8.2,6.5,12,,,,,,,88,100,,,,,88,,,255,,,,,,,,,,,,42,19,,6,205,,,,,,,,,,,,,,,,,,,,,,,,,,
Scan-Speak,25W/8567-SE,,,,,,,,,,,,,,,,,,,,,,,,,,,,,,,,,,,,,,,,,,,,,,,,,,,,,,,,,,,,,,,,,,,,,,,,,,
Scan-Speak,26w_0-00,,11,,,,95,,,352,400,,0.55,,,,,,,,,,,,,,,,,,,,,,,,,,,,,,,,,,,,,,,,,,,,,,,,,,,,,,,,,,,,,,
Scan-Speak,26w_4534g,,,,,,,,,,,,,,,,,,,,,,,,,,,,,,,,,,,,,,,,,,,,,,,,,,,,,,,,,,,,,,,,,,,,,,,,,,
Scan-Speak,26w_4558t,,,,,,,,,,,,,,,,,,,,,,,,,,,,,,,,,,,,,,,,,,,,,,,,,,,,,,,,,,,,,,,,,,,,,,,,,,
Scan-Speak,26W_4867T,,,0.29,0.31,5.8,,3.7,0.25,,,,1.53,,8.3,,,,,,,,,,,,,,,,,,,,,,,,,,,,,,,,,,,,,,,,,,,,,,,,,,,,,,,,,,,,
Scan-Speak,26w_8534g,,,,,,,,,,,,,,,,,,,,,,,,,,,,,,,,,,,,,,,,,,,,,,,,,,,,,,,,,,,,,,,,,,,,,,,,,,
Scan-Speak,26w_8861t,,,0.31,0.33,5.2,,,0.35,,,,,,9.9,,,,,,,,,,,,,,,,,,,,,,,,,,,,,,,,,,,,,,,,,,,,,,,,,,,,,,,,,,,,
Scan-Speak,26w_8867t,,,0.29,0.31,4.5,,5.8,0.4,,,,1.23,,11.2,,,,,,,,,,,,,,,,,,,,,,,,,,,,,,,,,,,,,,,,,,,,,,,,,,,,,,,,,,,,
Scan-Speak,26W/0-00-00,,11,,,13.7,95,,,352,400,,0.55,1.97,,,28,,,,,,,,,,,,,,,,270,,,,,,,,,,,,,,,,212,,,,,,,,,,,,,,,,,,,,,,,,,,
Scan-Speak,26W/4534G00,4,23,0.36,0.37,9.57,156,3.8,0.7,350,52,,0.92,0.8,8.8,6,12,,,,,,,90.5,90,175,,,,90.5,,260,272,,,106,,231,,,,,,41.3,38,18,,6,211,,,,272,,,,,,,,,,,,,,,,,,,,,,
Scan-Speak,26W/4558T00,4,21,0.31,0.33,5.56,94.9,2.6,0.83,352,105,,0.55,2.49,10.5,12.5,28,,,,,,,88,150,350,,,,88,,260,270,,,135.15,,240,,,,,,,51,33,,8,212,,,,270,,,,,,,,,,,,,,,,,,,,,,
Scan-Speak,26W/4558T06,4,21,0.31,0.33,5.56,94.9,2.6,0.83,352,105,,0.55,2.49,10.5,12.5,28,,,,,,,88,150,,,,,88,,260,270,,,,,,,,,,,,51,33,,8,212,,,,,,,,,,,,,,,,,,,,,,,,,,
Scan-Speak,26W/8534G00,8,23,0.4,0.42,9.12,150,5.7,0.96,350,50.5,,0.95,0.8,10.1,6,12,,,,,,,89,80,150,,,,89,,,272,,,100.4,,,,,,,,,38,18,,6,211,,,,272,,,,,,,,,,,,,,,,,,,,,,
Scan-Speak,26W/8861T00,8,19,0.31,0.33,5.2,231,6.2,0.35,320,43.5,,1.61,1,9.9,9,14,,,,,,,88.5,80,170,,,,88.5,,260,260,,,124.7,,228.1,,,,,,,50,24,,6,202,,,,260,,,,,,,,,,,,,,,,,,,,,,
Scan-Speak,26W/8867T00,8,19,0.29,0.31,4.5,176,5.8,0.4,320,57,,1.23,1.51,11.2,9,14,,,,,,,87,80,170,,,,87,,260,260,,,124.7,,228.1,,,,,,,50,24,,6,202,,,,260,,,,,,,,,,,,,,,,,,,,,,
Scan-Speak,26W4867T00,4,18,0.29,0.31,5.8,220,3.7,0.25,320,51,,1.53,0.99,8.3,9,14,,,,,,,89,80,,,,,89,,260,260,,,,,,,,,,,,50,24,,6,202,,,,,,,,,,,,,,,,,,,,,,,,,,
Scan-Speak,28W/4878T-01,4,23,0.26,0.27,6.21,104,3.1,0.5,363,86,,0.56,,12,28,,,,,,,,91,,500,,,,,,280,,,,139.6,,255.5,,,,,,62.2,75,22,,,,,,,280,,,,,,,,,,,,,,,,,,,,,,
Scan-Speak,28W/4878T00,4,18,0.3,0.32,5.6,127,3.1,0.5,363,114.5,,0.68,2.3,11.2,14,26,,,,14,,,88.2,200,,,,,88.2,,280,280,,,,,,,,,,,,,,,,,,,,,,,,,,,,,,,,,,,,,,,,,,
Scan-Speak,28W/4878T00,4,18,0.3,0.32,5.6,127,3.1,0.5,363,114.5,,0.68,2.3,11.2,14,26,,,,,,,88.2,,,,,,88.2,,,,,,,,,,,,,,,,,,,,,,,,,,,,,,,,,,,,,,,,,,,,,
Scan-Speak,28W/8878T01,,22,0.31,0.33,,116,6.3,0.55,363,,,0.62,,14.9,,,,,,,,,88.5,,,,,,,,280,,,,,,,,,,,,,,,,,,,,,,,,,,,,,,,,,,,,,,,,,,,
Scan-Speak,290033,,,,,,,,,,,,,,,,,,,,,,,,,,,,,,,,,,,,,,,,,,,,,,,,,,,,,,,,,,,,,,,,,,,,,,,,,,
Scan-Speak,30w_0-00,,9.5,,,,200,,,466,435,,0.65,,,,,,,,,,,,,,,,,,,,,,,,,,,,,,,,,,,,,,,,,,,,,,,,,,,,,,,,,,,,,,
Scan-Speak,30w_4558t,,,,,,,,,,,,,,,,,,,,,,,,,,,,,,,,,,,,,,,,,,,,,,,,,,,,,,,,,,,,,,,,,,,,,,,,,,
Scan-Speak,30W/0-00-00,,9.5,,,14,200,,,466,435,,0.65,1.84,,,28,,,,,,,,,,,,,,,300,308,,,,,,,,,,,,,,,,244,,,,,,,,,,,,,,,,,,,,,,,,,,
Scan-Speak,30W/4558T00,4,17,0.32,0.34,5.01,197,2.6,0.83,466,135,,0.65,2.88,10.5,12.5,28,,,,,,,89,150,350,,,,89,,,308,,,144.3,,280,,,8,,,,51,33,,8,244,,,,308,,,,,,,,,,,,,,,,,,,,,,
Scan-Speak,30W/4558T06,4,17,0.32,0.34,5.01,197,2.6,0.83,466,135,,0.65,2.88,10.5,12.5,28,,,,,,,89,150,,,,,89,,300,308,,,,,,,,,,,,51,33,,8,244,,,,,,,,,,,,,,,,,,,,,,,,,,
Scan-Speak,32W/4878T-00,,,,,,,,,,,,,,,14,,,,,,,,,,,,,,,,,,,,,,,,,,,,,,,,,,,,,,,,,,,,,,,,,,,,,,,,,,,
Scan-Speak,32W/4878T00,4,18,0.32,0.33,7,203.9,3.1,0.5,526,150,,0.52,2.42,12.5,14,28,,,,14,,,90,200,,,,,90,,,320,,,,,290.068,,,,,,,75,36,,8,260,,,,,,,,,,,,,,,,,,,,,,,,,,
Scan-Speak,32W/4878T01,4,23,0.28,0.3,6,170,3.1,0.3,531,112,,0.43,2.7,13,7,28,,,,,,,92,,800,,,,,,320,,,,151.6,,290.5,,,,,,62.2,75,22,,8,,,,,320,,,,,,,,,,,,,,,,,,,,,,
Scan-Speak,32W/4878T05,4,17,0.32,0.33,7,180,3.1,0.5,526,165,,0.52,2.42,12.5,14,28,,,,,,,89,,,,,,89,,320,320,,,,,,,,,,,,,,,,,,,,,,,,,,,,,,,,,,,,,,,,,,
Scan-Speak,32W/4878T11,,24,0.21,,,185,3.1,,526,,,,,14,,,,,,,,,95,,,,,,,,320,,,,,,,,,,,,,,,,,,,,,,,,,,,,,,,,,,,,,,,,,,,
Scan-Speak,32W/8878T01,8,19.1,0.33,0.35,5.69,234,6.1,0.68,526,114.8,,0.6,2.4,15.6,7.5,28,,,,,,,89,350,350,,,,89,,320,320,,,160.7,,290.5,,,,,,62.2,75,23,,8,,,,,320,,,,,,,,,,,,,,,,,,,,,,
Scan-Speak,32W/8878T11,,21,0.26,,,235,6.1,,526,,,,,16.5,,,,,,,,,91.5,,,,,,,,320,,,,,,,,,,,,,,,,,,,,,,,,,,,,,,,,,,,,,,,,,,,
Scan-Speak,38WE/8582T00,8,26,0.24,0.26,3.78,423,6.4,0.8,825,85.5,,0.44,3.7,18.7,10.2,,,,,,,,95,350,,,,,95,,380,380,,,169,,354,,5.5,10,,,,,,,,,,,,,,,,,,,,,,,,,,,,,,,,,,
Scan-Speak,5F/8422T-01,8,93,0.61,0.69,5.17,0.5,6,0.07,15.2,1.86,,1.58,0.21,3.07,2,5,,,,,,,80,10,20,,,,,,,67,,,32.8,,53.594,,,,,,12,26,6,,2,,,,,67,,,,,,,,,,,,,,,,,,,,,,
Scan-Speak,820013,4,55,0.48,0.56,3.06,17.9,3,,80,,,,,4.8,,,,,,,,,90,,,,,,90,,150,165.5,,,,,,,,,,,,,,,,,,,,,,,,,,,,,,,,,,,,,,,,,,
Scan-Speak,D2004/602000,4,600,1.07,1.42,4.42,0.01,2.8,0.02,4.5,0.22,,0.32,0.2,1.3,0.4,1.6,,,,,,,88.4,50,120,,,,88.4,,,56,,,29.3,,,,,,,,4,19,1.8,,2.5,20,,,,55.5,,,,,,,,,,,,,,,,,,,,,,
Scan-Speak,D2004/602200,,550,0.95,,,0.01,2.8,,4.5,,,,,1.3,,,,,,,,,89,,,,,,,,19,,,,,,,,,,,,,,,,,,,,,,,,,,,,,,,,,,,,,,,,,,,
Scan-Speak,D2008,8,650,0.57,0.81,1.9,0.01,5.7,0.08,3.8,0.2,,0.3,0.43,2.4,0.8,1.2,,,,,,,89,,,,,,89,,,,,,,,,,,,,,,,,,,,,,,,,,,,,,,,,,,,,,,,,,,,,
Scan-Speak,d2008_8512,,,,,,,,,,,,,,,,,,,,,,,,,,,,,,,,,,,,,,,,,,,,,,,,,,,,,,,,,,,,,,,,,,,,,,,,,,
Scan-Speak,D2008-852100,8,550,0.49,0.71,1.61,0.01,5.9,0.08,3.8,0.2,,0.42,,2.4,,,,,,,,,89,90,150,,,,,,19,92,,,38.4,,68,,,,,,1.9,,,,19.4,22,,,,91,,,,,,,,,,,,,,,,,,,,,,
Scan-Speak,D2008/8511,8,650,0.57,0.81,1.9,0.01,5.7,0.08,3.8,0.2,,0.3,0.43,2.4,0.8,1.2,,,,,,,89,90,,,,,89,,,92,,,,,70,,,,,,,,,,,20,,,,,,,,,,,,,,,,,,,,,,,,,,
Scan-Speak,D2008/851100,,,,,,,,,,,,,,,,,,,,,,,,,,,,,,,,,,,,,,,,,,,,,,,,,,,,,,,,,,,,,,,,,,,,,,,,,,
Scan-Speak,D2008/851100,,,,,,,,,,,,,,,,,,,,,,,,,,,,,,,,,,,,,,,,,,,,,,,,,,,,,,,,,,,,,,,,,,,,,,,,,,
Scan-Speak,D2008/8512,8,800,0.63,1.24,1.26,0.01,5.7,0.08,3.8,0.25,,0.16,1,2.4,0.7,1.2,,,,,,,88,90,,,,,88,,,92,,,,,70,,,,,,,,,,,20,,,,,,,,,,,,,,,,,,,,,,,,,,
Scan-Speak,D2008/851200,,800,0.63,,,0.01,5.7,,,,,,,,0.7,,,,,,,,88,,,,,,,,,,,,,,,,,,,,,,,,,,,,,,,,,,,,,,,,,,,,,,,,,,,
Scan-Speak,D2010,8,800,0.63,1.24,1.26,0.01,5.7,0.08,3.8,0.25,,0.16,1,2.4,0.7,1.2,,,,,,,88,,,,,,88,,,,,,,,,,,,,,,,,,,,,,,,,,,,,,,,,,,,,,,,,,,,,
Scan-Speak,d2010_8513,,,,,,,,,,,,,,,,,,,,,,,,,,,,,,,,,,,,,,,,,,,,,,,,,,,,,,,,,,,,,,,,,,,,,,,,,,
Scan-Speak,D2010/8511,8,650,0.57,0.81,1.9,0.01,5.7,0.08,3.8,0.2,,0.3,0.43,2.4,0.8,1.2,,,,,,,89,90,,,,,89,,,98,,,,,70,,,,,,,,,,,20,,,,,,,,,,,,,,,,,,,,,,,,,,
Scan-Speak,D2010/851100,,,,,,,,,,,,,,,,,,,,,,,,,,,,,,,,,,,,,,,,,,,,,,,,,,,,,,,,,,,,,,,,,,,,,,,,,,
Scan-Speak,D2010/8513,8,800,0.63,1.24,1.26,0.01,5.7,0.08,3.8,0.25,,0.16,1,2.4,0.7,1.2,,,,,,,88,90,,,,,88,,,98,,,,,70,,,,,,,,,,,20,,,,,,,,,,,,,,,,,,,,,,,,,,
Scan-Speak,D2010/851300,,800,0.63,,,0.01,5.7,,,,,,,,0.7,,,,,,,,88,,,,,,,,,,,,,,,,,,,,,,,,,,,,,,,,,,,,,,,,,,,,,,,,,,,
Scan-Speak,D2010/852100,8,550,0.49,0.71,1.61,0.01,5.9,0.08,3.8,0.2,,0.42,0.43,2.4,0.5,1.2,,,,,,,89,90,150,,,,89,,19,98,,,39.8,,68,,,,,,,19.4,2.9,,1.9,22,,,,97.7,,,,,,,,,,,,,,,,,,,,,,
Scan-Speak,D2104/7120-00,4,500,0.4,0.48,2.3,0.01,2.8,0.02,4.5,0.22,,0.46,0.3,2,0.5,1.5,,,,,,,92,50,,,,,92,,19,92,,,,,70,,,,,,,,,,,20,,,,,,,,,,,,,,,,,,,,,,,,,,
Scan-Speak,D2404/5520-00,4,550,0.83,1.01,,0.01,3.4,0.01,4.6,,,,,2,,,,,,,,,91,120,,,,,,,24,104,,,,,80,,,,,,,,,,,,,,,,,,,,,,,,,,,,,,,,,,,,,
Scan-Speak,d2604_8330,,475,,0.71,,,2.8,,,,,,,,,,,,,,,,,,,,,,,,,,,,,,,,,,,,,,,,,,,,,,,,,,,,,,,,,,,,,,,,,,,
Scan-Speak,D2604/8300,,,,1.02,,,2.8,,,,,,,,,,,,,,,,,,,,,,,,,,,,,,,,,,,,,,,,,,,,,,,,,,,,,,,,,,,,,,,,,,,
Scan-Speak,D2604/830000,4,630,0.79,1.02,3.46,0.01,2.8,0.04,8,0.42,,0.15,0.48,2.2,0.3,1.6,,,,,,,92.1,100,100,,,,92.1,,26,,,,,,,,,,,,,26,2,,2.5,26,26,,,104,,,,,,,,,,,,,,,,,,,,,,
Scan-Speak,D2604/833000,4,475,0.55,0.71,2.55,0.02,2.8,0.04,8,0.42,,0.27,0.49,2.2,0.3,1.6,,,,,,,93,100,,,,,93,,26,104,,,,,72,,,,,,,,,,,26,,,,,,,,,,,,,,,,,,,,,,,,,,
Scan-Speak,d2606_9200,,1100,,1.31,,,,,,,,,,,,,,,,,,,,,,,,,,,,,,,,,,,,,,,,,,,,,,,,,,,,,,,,,,,,,,,,,,,,,,
Scan-Speak,d2606_9220,,,,,,,,,,,,,,,,,,,,,,,,,,,,,,,,,,,,,,,,,,,,,,,,,,,,,,,,,,,,,,,,,,,,,,,,,,
Scan-Speak,D2606/920000,6,1100,0.84,1.31,2.36,0.01,4.6,0.04,7.1,0.3,,0.07,0.88,2.7,0.2,,,,,,,,91.4,100,,,,,91.4,,26,104,,,,,72,,,,,,,,,,,26,,,,,,,,,,,,,,,,,,,,,,,,,,
Scan-Speak,D2606/922000,6,850,0.57,1.07,1.22,0.01,4.6,0.04,7.1,0.33,,0.11,1.44,2.8,0.2,1.6,,,,,,,91.4,100,100,,,,,,26,104,,,38.9,,72,,,,,,,26,1.6,,2,27,,,,104.2,,,,,,,,,,,,,,,,,,,,,,
Scan-Speak,D2608,8,700,0.29,0.65,0.51,0.02,5.6,0.04,7,0.18,,0.29,1.54,2.6,0.5,,,,,,,,91.3,,,,,,91.3,,,,,,,,,,,,,,,,,,,,,,,,,,,,,,,,,,,,,,,,,,,,,
Scan-Speak,D2608/913000,8,700,0.29,0.65,0.51,0.02,5.6,0.04,7,0.18,,0.29,1.54,2.6,0.5,,,,,,,,91.3,80,80,,,,91.3,,26,104,,,36.7,,72,,,,,,,26,1.5,,2.5,26,25,,,104.2,,,,,,,,,,,,,,,,,,,,,,
Scan-Speak,D2608/913000,,,,,,,,,,,,,,,,,,,,,,,,,,,,,,,,,,,,,,,,,,,,,,,,,,,,,,,,,,,,,,,,,,,,,,,,,,
Scan-Speak,D2904,,750,,,,,3.5,0.02,8,0.4,,,,2.7,0.25,1.3,,,,,,,90,,,,,,90,,,,,,,,,,,,,,,,,,,,,,,,,,,,,,,,,,,,,,,,,,,,,
Scan-Speak,d2904_9800,,500,,,,,3.5,,,,,,,,,,,,,,,,,,,,,,,,,,,,,,,,,,,,,,,,,,,,,,,,,,,,,,,,,,,,,,,,,,,
Scan-Speak,D2904-600001,,750,,,,,3.5,0.02,8,0.4,,,,2.7,0.25,1.3,,,,,,,90.5,,,,,,90.5,,,,,,,,,,,,,,,,,,,,,,,,,,,,,,,,,,,,,,,,,,,,,
Scan-Speak,D2904-9500,,550,,0.53,,,3.5,,,,,,,,,,,,,,,,,,,,,,,,,,,,,,,,,,,,,,,,,,,,,,,,,,,,,,,,,,,,,,,,,,,
Scan-Speak,D2904/710002,4,520,0.44,0.5,3.5,0.02,3,0.01,7,0.4,,0.23,0.37,2.8,0.2,1.6,,,,,,,94.4,90,,,,,94.4,,26,104,,,,,70,,,,,,,,,,,26,,,,,,,,,,,,,,,,,,,,,,,,,,
Scan-Speak,D2904/710003,4,520,0.44,0.5,3.5,0.02,3,0.01,7,0.4,,0.23,0.37,2.8,0.2,1.6,,,,,,,94.4,90,150,,,,94.4,,26,,,,,,70,,,,,,,26,2.4,,2.5,26,,,,104,,,,,,,,,,,,,,,,,,,,,,
Scan-Speak,D2904/950000,4,550,0.39,0.53,1.47,0.0198217926144,3.5,,9.5,0.45,,0.19,,3.2,0.1,,,,,,,,91,150,,,,,91,,28,104.5,,,,,75,,,,,,,,,,,28,,,,,,,,,,,,,,,,,,,,,,,,,,
Scan-Speak,D2904/980000,4,500,0.66,0.84,3.09,0.02,3.5,0.01,8.5,0.6,,0.2,0.61,2.8,0.1,1.5,,,,,,,88,160,160,,,,88,,28,104,,,46,,,,,,,,,28,2.5,,2.5,33,,,,104.5,,,,,,,,,,,,,,,,,,,,,,
Scan-Speak,D2905,6,650,0.41,0.72,0.94,0.01,4.7,0.07,8.5,0.45,,0.13,1.96,3.5,0.4,1.5,,,,,,,90,,,,,,90,,,,,,,,,,,,,,,,,,,,,,,,,,,,,,,,,,,,,,,,,,,,,
Scan-Speak,d2905_9700,,500,,0.54,,,4.7,,,,,,,,,,,,,,,,,,,,,,,,,,,,,,,,,,,,,,,,,,,,,,,,,,,,,,,,,,,,,,,,,,,
Scan-Speak,d2905_9900,6,500,0.63,0.72,4.83,0.02,4.7,0.01,8.5,0.45,,0.23,,3.5,1.5,,,,,,,,91,,430,,,,,,,,,,54,,73.5,,,,,,,28,3.3,,2.5,,,,,130,,,,,,,,,,,,,,,,,,,,,,
Scan-Speak,D2905-950000,6,550,0.38,0.6,1.04,0.02,4.7,0.07,8.5,0.45,,0.19,1.5,3.5,0.4,1.5,,,,,,,90,150,150,,,,90,,28,104.5,,,44,,,,,,,,,28,3.3,,2.5,28,,,,104,,,,,,,,,,,,,,,,,,,,,,
Scan-Speak,D2905-970000,6,500,0.47,0.54,3.45,0.02,4.7,0.01,8.5,0.45,,0.23,0.41,3.5,0.4,1.5,,,,,,,89.5,225,460,,,,89.5,,28,104.5,,,44,,,,,,,,,28,3.3,,2.5,28,,,,104,,,,,,,,,,,,,,,,,,,,,,
Scan-Speak,D2905/930000,6,650,0.41,0.72,0.94,0.01,4.7,0.07,8.5,0.45,,0.13,1.96,3.5,0.4,1.5,,,,,,,90,150,150,,,,90,,28,,,,44,,,,,,,,,28,3.3,,2.5,28,,,,104.5,,,,,,,,,,,,,,,,,,,,,,
Scan-Speak,D2905/950000,,550,,0.6,,,4.7,,,,,,,,,,,,,,,,,,,,,,,,,,,,,,,,,,,,,,,,,,,,,,,,,,,,,,,,,,,,,,,,,,,
Scan-Speak,D2905/990000,6,500,0.63,0.72,4.83,0.02,4.7,0.01,8.5,0.45,,0.23,0.29,3.5,0.4,1.5,,,,,,,91,225,,,,,91,,28,130,,,,,95,,,,,,,,,,,28,25,,,,,,,,,,,,,,,,,,,,,,,,,
Scan-Speak,D2908/714000,8,534,0.47,0.5,7.3,0.02,5.7,0.02,7,0.33,,0.26,0.15,3.6,0.2,1.6,,,,,,,92,,,,,,92,,,,,,,,,,,,,,,,,,,,,,,,,,,,,,,,,,,,,,,,,,,,,
Scan-Speak,D2908/714000,8,534,0.47,0.5,7.3,0.02,5.7,0.02,7,0.33,,,0.15,3.6,0.2,1.6,,,,,,,92,,,,,,92,,,,,,,,,,,,,,,,,,,,,,,,,,,,,,,,,,,,,,,,,,,,,
Scan-Speak,D2908/716000,8,534,0.47,0.5,7.3,0.02,5.7,0.02,3,0.33,,0.26,,3.6,1.6,,,,,,,,92,,160,,,,,,26,,,,33.5,,90,,,,,,,26,,,,,,,,120,,,,,,,,,,,,,,,,,,,,,,
Scan-Speak,D3004,4,700,1.15,1.6,4.15,0.01,3,0.02,7,0.35,,0.15,0.4,1.7,0.2,1.6,,,,,,,89.2,,,,,,89.2,,,,,,,,,,,,,,,,,,,,,,,,,,,,,,,,,,,,,,,,,,,,,
Scan-Speak,d3004_604005,4,715,0.69,1,2.25,0.01,2.9,0.03,7,0.35,,0.11,0.89,2.4,0.25,1.6,,,,,,,92,,,,,,92,,,,,,,,,,,,,,,,,,,,,,,,,,,,,,,,,,,,,,,,,,,,,
Scan-Speak,D3004-602010,4,425,0.7,0.97,2.5,0.03,3,0.02,7,0.35,,0.4,0.4,1.7,0.2,1.6,,,,,,,89.6,50,50,,,,89.6,,,62,,,55.4,,,,,,,,4,26,2.1,,2.5,26,,,,62,,,,,,,,,,,,,,,,,,,,,,
Scan-Speak,D3004-660000,4,470,0.49,0.59,3,0.02,3,0.03,7,0.35,,0.33,0.3,2.3,0.2,1.6,,,,,,,91.5,90,150,,,,91.5,,26,104,,,23,,,,,,,,,26,2.1,,2.5,26,25,,,104,,,,,,,,,,,,,,,,,,,,,,
Scan-Speak,D3004-664000,4,500,0.54,0.62,3.79,0.02,3,0.03,7,0.35,,0.29,0.29,2.3,0.2,1.6,,,,,,,91.5,,,,,,91.5,,,,,,,,,,,,,,,,,,,,,,,,,,,,,,,,,,,,,,,,,,,,,
Scan-Speak,D3004/602000,4,700,1.15,1.6,4.15,0.01,3,0.02,7,0.35,,0.15,0.4,1.7,0.2,1.6,,,,,,,89.2,50,,,,,89.2,,,62,,,,,50,,,,,,,,,,,26,,,,,,,,,,,,,,,,,,,,,,,,,,
Scan-Speak,D3004/602006,4,700,1.15,1.6,4.15,0.01,3,0.02,7,0.35,,0.15,0.4,1.7,0.2,1.6,,,,,,,89,50,,,,,89,,26,62,,,,,50,,,,,,,,,,,26,,,,,,,,,,,,,,,,,,,,,,,,,,
Scan-Speak,D3004/602200,4,440,0.42,0.5,2.42,0.03,3,,7,,,,,2.3,,,,,,,,,90.5,50,,,,,,,26,62,,,45.3,,,,,,,,,,,,,26,26,,,,,,,,,,,,,,,,,,,,,,,,,
Scan-Speak,D3004/604000,4,750,1.41,2.18,4.02,0.01,2.85,0.03,7,0.24,,0.19,0.28,1.2,0.2,1.6,,,,,,,90.9,,,,,,90.9,,,,,,,,,,,,,,,,,,,,,,,,,,,,,,,,,,,,,,,,,,,,,
Scan-Speak,D3004/604010,,450,,0.97,2.5,,3,0.02,,,,0.43,,1.7,,,,,,,,,,,,,,,,,,,,,,,,,,,,,,,,,,,,,,,,,,,,,,,,,,,,,,,,,,,,
Scan-Speak,D3004/606005,,700,0.54,,,0.01,2.9,,7,,,,,2.4,,,,,,,,,91,,,,,,,,26,,,,,,,,,,,,,,,,,,,,,,,,,,,,,,,,,,,,,,,,,,,
Scan-Speak,D3004/606200,,430,0.38,,,0.03,3,,7,,,,,2.4,,,,,,,,,91,,,,,,,,26,,,,,,,,,,,,,,,,,,,,,,,,,,,,,,,,,,,,,,,,,,,
Scan-Speak,D3004/6600,,,,,,,,,,,,,,,,,,,,,,,,,,,,,,,,,,,,,,,,,,,,,,,,,,,,,,,,,,,,,,,,,,,,,,,,,,
Scan-Speak,D3004/662000,4,500,0.54,0.62,3.79,0.02,3,0.03,7,0.35,,0.29,0.29,2.3,0.2,1.6,,,,,,,91.5,90,150,,,,91.5,,26,104,,,30,,,,,,,,4,26,2.1,,2.5,26,,,,104.25,,,,,,,,,,,,,,,,,,,,,,
Scan-Speak,D3004/662001,,,,,,,,,,,,,,,,,,,,,,,,,,,,,,,,,,,,,,,,,,,,,,,,,,,,,,,,,,,,,,,,,,,,,,,,,,
Scan-Speak,D3004/6660-00,4,470,0.51,0.59,3.61,0.02,3.5,0.03,7,0.355,,0.323,,2.3,1.6,,,,,,,,91.5,,90,,,,,,26,104,,,28,,,,,,,,,26,,,,,26,,,104,,,,,,,,,,,,,,,,,,,,,,
Scan-Speak,d3404_5520-00,4,475,0.57,0.63,5.25,0.04,3,0.01,11.4,0.57,,0.2,0.32,2.8,0.25,2,,,,,,,97,180,300,,,,97,,28,120,,,28.5,,94,,,,,,,,2.5,,3,,,,,120,,,,,,,,,,,,,,,,,,,,,,
Scan-Speak,D3806/820000,6,450,0.48,1,0.93,0.04,5.7,0.04,14,0.8,,0.16,2.44,3.6,0.4,1,,,,,,,89,100,,,,,89,,,125,,,,,98,,,,,,,,,,,42,,,,,,,,,,,,,,,,,,,,,,,,,,
Scan-Speak,D7608/920000,8,300,1.73,2.22,7.75,0.36,5.7,0.13,55,3.3,,0.09,0.8,4.7,0.4,1.5,,,,,,,92,80,,,,,92,,76,112.7,,,,,,,,,,,,,,,,,,,,,,,,,,,,,,,,,,,,,,,,,,
Scan-Speak,D7608/920010,8,300,1.73,2.22,7.75,0.36,5.7,0.13,55,3.3,,0.09,0.8,4.7,0.4,1.5,,,,,,,92,80,80,,,,92,,76,152,,,39.3,,115.5,,,,,,,76,2.9,,,,,,,152,,,,,,,,,,,,,,,,,,,,,,
Scan-Speak,D8404/552000,4,280,0.69,0.83,3.89,0.27,3.03,0.04,57.8,5.75,,0.06,2.6,6.1,2.4,5,,,,,,,92,150,,,,,92,,84,210,,,,,182,,,,,,,,,,,,,,,,,,,,,,,,,,,,,,,,,,,,,
Scan-Speak,H2606/920000,6,1030,0.7,1.2,2.1,,4.7,0.05,5.7,0.4,,,1.3,3.3,0.2,1.6,,,,,,,95,100,,,,,95,,25,104,,,,,72,,,,,,,25,1.6,,2,26,25,,,,,,,,,,,,,,,,,,,,,,,,,
Scan-Speak,H2606/920000,,1030,,1.2,,,4.7,,,,,,,,,,,,,,,,,,,,,,,,,,,,,,,,,,,,,,,,,,,,,,,,,,,,,,,,,,,,,,,,,,,
Scan-Speak,M21WG-09-08,8,38,0.7,0.82,4.9,81,5.6,,,,,,,,,,,,,,,,90,50,,,,,90,,,215,,,,,,,,,,,,,,,,,,,,,,,,,,,,,,,,,,,,,,,,,,
Scan-Speak,M21WO-39-08,8,28,0.3,0.35,1.97,105,5.5,,,,,,,,,,,,,,,,90,80,,,,,90,,,215,,,,,,,,,,,,,,,,,,,,,,,,,,,,,,,,,,,,,,,,,,
Scan-Speak,P17WJ-00-08,8,37,0.35,0.45,1.55,34.7,5.8,0.55,136,14,,,,,,,,,,,,,88,40,,,,,88,,,170,,,,,,,,,,,,,,,,,,,,,,,,,,,,,,,,,,,,,,,,,,
Scan-Speak,p17wj00,,,,,,,,,,,,,,,,,,,,,,,,,,,,,,,,,,,,,,,,,,,,,,,,,,,,,,,,,,,,,,,,,,,,,,,,,,
Scan-Speak,P17WJ02-04,,,,,,,,,,,,,,,,,,,,,,,,,,,,,,,,,,,,,,,,,,,,,,,,,,,,,,,,,,,,,,,,,,,,,,,,,,
Scan-Speak,P21WO-20-08,8,28,0.33,0.41,1.6,113,5.7,,,,,,,,,,,,,,,,91,80,,,,,91,,,215,,,,,,,,,,,,,,,,,,,,,,,,,,,,,,,,,,,,,,,,,,
Scan-Speak,PL14WJ-09-08,8,47,0.38,0.46,2.2,13,5.8,0.49,80,8.2,,,1.3,5.5,,,,,,,,,88,40,,,,,88,,,149,,,,,,,,,,,,,,,,,,,,,,,,,,,,,,,,,,,,,,,,,,
Scan-Speak,PL18WO-09-08,8,38,0.34,0.4,2.46,25,5.8,0.85,132,17.5,,,,,,,,,,,,,87,100,,,,,87,,,180,,,,,,,,,,,,,,,,,,,,,,,,,,,,,,,,,,,,,,,,,,
Scan-Speak,R1904/613001,4,1000,1.61,2.02,8.03,0.002,2.7,0.02,3.8,0.23,,0.11,0.18,1.4,0.1,1.6,,,,,,,87,40,,,,,87,,19,42,,,,,39,,,,,,,,,,,19,,,,,,,,,,,,,,,,,,,,,,,,,,
Scan-Speak,r2004_6020,,,,,,,,,,,,,,,,,,,,,,,,,,,,,,,,,,,,,,,,,,,,,,,,,,,,,,,,,,,,,,,,,,,,,,,,,,
Scan-Speak,R2004/602000,4,675,1.01,1.51,3.01,0.01,2.8,0.02,3.8,0.22,,0.25,0.3,1.3,0.4,1.6,,,,,,,86,50,50,,,,86,,,56,,,29.3,,,,,,,,4,19,1.8,,2.5,22,,,,55.5,,,,,,,,,,,,,,,,,,,,,,
Scan-Speak,R2004/602200,,625,0.96,,,0.01,2.8,,3.8,,,,,1.3,,,,,,,,,87.5,,,,,,,,19,,,,,,,,,,,,,,,,,,,,,,,,,,,,,,,,,,,,,,,,,,,
Scan-Speak,r2604_8320,,,,,,,,,,,,,,,,,,,,,,,,,,,,,,,,,,,,,,,,,,,,,,,,,,,,,,,,,,,,,,,,,,,,,,,,,,
Scan-Speak,r2604_8330,,440,,,,,2.9,,,,,,,,,,,,,,,,,,,,,,,,,,,,,,,,,,,,,,,,,,,,,,,,,,,,,,,,,,,,,,,,,,,
Scan-Speak,R2604/832000,4,500,0.44,0.52,2.77,0.01,2.9,0.02,5.4,0.3,,0.34,0.34,2.3,0.2,1.6,,,,,,,90,100,100,,,,90,,26,104,,,31.7,,,,,,,,,26,2.2,,2.5,26,25,,,59.5,,,,,,,,,,,,,,,,,,,,,,
Scan-Speak,R2604/833000,4,440,0.38,0.46,2.18,0.02,2.9,0.02,5.4,0.3,,0.44,0.38,2.3,0.2,1.6,,,,,,,92,100,100,,,,92,,26,104,,,60.2,,72,,,,,,,26,2,,2.5,26,,,,104.2,,,,,,,,,,,,,,,,,,,,,,
Scan-Speak,r2904_7000-05,4,520,0.33,0.38,2.9,0.01,3,0.01,5.6,0.3,,0.31,0.34,2.8,0.2,1.6,,,,,,,94.5,160,160,,,,94.5,,26,104,,,30.9,,,,,,,,,26,2.1,,2.5,26,,,,103.8,,,,,,,,,,,,,,,,,,,,,,
Scan-Speak,R2904/700000,4,520,0.33,0.38,2.9,0.01,3,0.01,5.6,0.3,,0.31,0.34,2.8,0.2,1.6,,,,,,,94.5,160,160,,,,94.5,,26,104,,,30.9,,,,,,,,,26,2.1,,2.5,26,,,,103.8,,,,,,,,,,,,,,,,,,,,,,
Scan-Speak,R2904/700009,4,520,0.33,0.38,2.9,0.01,3,0.01,5.6,0.3,,0.31,0.34,2.8,0.2,1.6,,,,,,,94.5,160,,,,,94.5,,26,104,,,,,75,,,,,,,,,,,26,,,,,,,,,,,,,,,,,,,,,,,,,,
Scan-Speak,R3004/602000,4,625,1.14,1.43,5.73,0.01,3,0.02,5.6,0.35,,0.19,0.24,1.7,0.2,1.6,,,,,,,87.4,50,130,,,,87.4,,,62,,,21.5,,,,,,,,4,26,2.1,,2.5,26,,,,61.9,,,,,,,,,,,,,,,,,,,,,,
Scan-Speak,R3004/602005,4,630,0.86,1.15,3.42,0.01,3.8,0.02,5.6,0.59,,0.11,0.68,2.4,0.25,1.6,,,,,,,90,,,,,,90,,26,62,,,,,50,,,,,,,,,,,27,,,,,,,,,,,,,,,,,,,,,,,,,,
Scan-Speak,R3004/602006,4,625,1.14,1.43,5.73,0.01,3,0.02,5.6,0.35,,0.19,0.24,1.7,0.2,1.6,,,,,,,87.5,40,,,,,87.5,,26,62,,,,,50,,,,,,,,,,,26,,,,,,,,,,,,,,,,,,,,,,,,,,
Scan-Speak,R3004/602010,4,420,0.74,1.03,2.57,0.02,3,0.02,5.6,0.35,,0.41,0.36,1.7,0.2,1.6,,,,,,,87.4,50,130,,,,87.4,,,62,,,55.4,,,,,,,,4,26,2.1,,2.5,26,,,,61.9,,,,,,,,,,,,,,,,,,,,,,
Scan-Speak,R3004/602200,4,420,0.4,,,0.02,3,,5.6,,,,,2.4,,,,,,,,,89.5,50,,,,,,,26,62,,,,,48,,,,,,,,,,,26,,,,,,,,,,,,,,,,,,,,,,,,,,
Scan-Speak,R3004/662000,4,520,0.48,0.56,3.27,0.01,3,0.03,5.6,0.3,,0.31,0.3,2.3,0.2,1.6,,,,,,,90.4,90,90,,,,90.4,,26,104,,,30,,,,,,,,,26,2,,2.5,26,,,,104,,,,,,,,,,,,,,,,,,,,,,
Scan-Speak,R3004/662001,,,,,,,,,,,,,,,,,,,,,,,,,,,,,,,,,,,,,,,,,,,,,,,,,,,,,,,,,,,,,,,,,,,,,,,,,,
Scan-Speak,Scan Speak 12 M 4631 G Revelator - 4 Ohm,4,75,0.33,0.35,5.57,2.3,3.2,0.22,49,6.5,,0.69,,5.3,7,,,,,,,,89,,40,,,,,,,,,,48.4,,92,,,,,,28,38,10,,4,,,,,115.5,,,,,,,,,,,,,,,,,,,,,,
Scan-Speak,Scan Speak 26 W 00 Passiv-Membrane,,11,,,13.7,95,,,352,400,,0.55,,,28,,,,,,,,,,,,,,,,,,,,70.85,,240,,,,,,,,,,,,,,,270,,,,,,,,,,,,,,,,,,,,,,
Scan-Speak,Scan Speak 30 W 00 Passiv-Membrane,,9.5,,,14,200,,,466,435,,,,,28,,,,,,,,,,,,,,,,,,,,80,,280,,,,,,,,,,,,,,,308,,,,,,,,,,,,,,,,,,,,,,
Scan-Speak,XT25BG60-04,4,589,0.32,0.43,1.31,0.02,2.99,0.01,8.2,0.4,,0.2034,,3.07,0.1,,,,,,,,88.6,100,,,,1,88.6,,,104,,,,,74,,,,,,,,,,,25,,,,,,,,,,,,,,,,,,,,,,,,,,
Scan-Speak,XT25TG30-04,4,436,0.44,0.54,2.5,0.04,3,0.01,8.2,0.4,,0.3665,,2.36,0.5,,,,,,,,87.2,110,,,,1,87.2,,,104,,,,,74,,,,,,,,,,,25,,,,,,,,,,,,,,,,,,,,,,,,,,
SEAS,19TAFD/G,8,1700,,,,,6.2,0.05,4,0.23,,,,2.6,,,,0.5,,,,,88,,,,,,88,20000,,,,,,,,,,,,,,,,,,,,,,,,,,,,,,,,,,,,,,,,,,,,
SEAS,19TFF1,8,1700,,,,,6.2,0.05,4,0.23,,,,2.6,,,,0.5,,,,,88,,,,,,88,20000,,,,,,,,,,,,,,,,,,,,,,,,,,,,,,,,,,,,,,,,,,,,
SEAS,22TAF-G,6,1100,,,,,4.9,0.05,5.9,0.23,,,,3.3,,,,0.5,,,,,92,,,,,,92,30000,,,,,,,,,,,,,,,,,,,,,,,,,,,,,,,,,,,,,,,,,,,,
SEAS,22TFF,6,1050,,,,,1.9,0.05,5.9,0.25,,,,3.3,,,,0.4,,,,,91,,,,,,91,,,,,,,,,,,,,,,,,,,,,,,,,,,,,,,,,,,,,,,,,,,,,
SEAS,25TFFC,6,1200,,,,,4.8,0.05,7,0.3,,,,3.5,,,,0.5,,,,,,,,,,,,,,,,,,,,,,,,,,,,,,,,,,,,,,,,,,,,,,,,,,,,,,,,
SEAS,25TFFC H0519,6,1200,,,,,4.8,,,0.3,,,,3.5,,,,,,,,,,,,,,,,,,,,,,,,,,,,,,,,,,,,,,,,,,,,,,,,,,,,,,,,,,,,
SEAS,25TFFN-QG,6,1800,,,,,4.8,0.05,7,0.3,,,,2.45,,,,0.5,,,,,89,,,,,,89,25000,,,,,,,,,,,,,,,,,,,,,,,,,,,,,,,,,,,,,,,,,,,,
SEAS,27TAFC-G,6,500,,,,,4.8,0.05,7.6,0.32,,,,3.5,,,,0.5,,,,,91,,,,,,91,25000,,,,,,,,,,,,,,,,,,,,,,,,,,,,,,,,,,,,,,,,,,,,
SEAS,27TBC/G,6,1050,,,,,1.9,0.05,5.9,0.25,,,,3.3,,,,0.4,,,,,92,,,,,,92,,,,,,,,,,,,,,,,,,,,,,,,,,,,,,,,,,,,,,,,,,,,,
SEAS,27TBCD/GB-DXT,6,900,,,,,4.8,0.05,7.5,0.33,,,,3.7,,,,0.5,,,,,92,,,,,,92,25000,,104.2,,,59.3,,73,,,,,,,,,,,,26,,,,,,,,,,,,,,,,,,,,,,,,,
SEAS,27TBFC-G,6,550,,,,,4.8,0.05,7.5,0.34,,,,3.5,,,,0.5,,,,,91.5,,,,,,91.5,20000,,103.8,,,39,,73,,,,,,,,,,,,26,,,,,,,,,,,,,,,,,,,,,,,,,
SEAS,27TDC,6,550,,,,,4.8,0.05,7,0.3,,,,3.5,,,,0.5,,,,,90,,,,,,90,25000,,,,,,,,,,,,,,,,,,,,,,,,,,,,,,,,,,,,,,,,,,,,
SEAS,27TDFC,6,550,,,,,4.8,0.05,7.5,0.37,,,,3.5,,,,0.5,,,,,90,,,,,,90,25000,,,,,,,,,,,,,,,,,,,,,,,,,,,,,,,,,,,,,,,,,,,,
SEAS,27TFF,6,1200,,,,,4.8,0.05,7.5,0.3,,,,3.5,,,,0.5,,,,,92,,,,,,92,25000,,,,,,,,,,,,,,,,,,,,,,,,,,,,,,,,,,,,,,,,,,,,
SEAS,27TFF/TV,,,,,,,,,,,,,,,,,,,,,,,,,,,,,,,,,,,,,,,,,,,,,,,,,,,,,,,,,,,,,,,,,,,,,,,,,,
SEAS,27TFFC,6,550,,,,,4.8,0.05,7.6,0.25,,,,3.5,,,,0.5,,,,,91,,,,,,91,30000,,103.8,,,39,,73,,,,,,,,,,,,26,,,,,,,,,,,,,,,,,,,,,,,,,
SEAS,27TFFNC-G,4,1170,,,,,2.7,0.03,7.5,0.26,,,,1.9,,,,0.9,,,,,91,,,,,,91,30000,,53,,,21.5,,46,,,,,,,,,,,,26,,,,,,,,,,,,,,,,,,,,,,,,,
SEAS,27TFFNC/CG,4,1170,,,,,2.7,0.03,7.5,0.26,,,,1.9,,,,0.9,,,,,91,,,,,,91,,,,,,,,,,,,,,,,,,,,,,,,,,,,,,,,,,,,,,,,,,,,,
SEAS,27TTFNC/GW,6,750,,,,,4.9,0.05,7,0.32,,,,3.9,,,,0.5,,,,,91.5,,,,,,91.5,25000,,,,,,,,,,,,,,,,,,,,,,,,,,,,,,,,,,,,,,,,,,,,
SEAS,29TFF-W,6,950,,,,,4.7,0.05,8,0.35,,,,3.5,,,,0.5,,,,,92,,,,,,92,25000,,,,,,,,,,,,,,,,,,,,,,,,,,,,,,,,,,,,,,,,,,,,
SEAS,A26RE4,8,25,0.39,0.43,3.84,169,6.3,3.8,350,37.4,,1.1,1.69,9.7,,,,8,,,,,89,,,,,,89,1500,,,,,,,,,,,,,,,,,,,,,,,,,,,,,,,,,,,,,,,,,,,,
SEAS,c16n001_f (e0051),4,37,0.49,0.58,3.24,15,3.2,0.27,,0.56,,1.3,1.09,,,,,,22,,,,,,,,,,,,127,146.05,,,,,125.984,,,,,,,,,,,,,,,,,,,,,,,,,,,,,,,,,,,,,
SEAS,C16NX001-X-TPCD,,,,,,,,,,,,,,,,,,,,,,,,,,,,,,,,,,,,,,,,,,,,,,,,,,,,,,,,,,,,,,,,,,,,,,,,,,
SEAS,C16NX001/F,,,,,,,,,,,,,,,,,,,,,,,,,,,,,,,127,,,,,,,,,,,,,,,,,,,,,,,,,,,,,,,,,,,,,,,,,,,
SEAS,C18EN002/A E0060-08/06,,,0.62,0.86,2.16,3.7,,,,,,0.17,4.95,,,,,,12,,,,,,,,,,,,,,,,,,,,,,,,,,,,,,,,,,,,,,,,,,,,,,,,,,,,,,,
SEAS,CA12RCY,8,57,0.31,0.36,2.17,5,6.4,1.05,55,6.1,,1.3,1.04,6.35,,,,6,,,,,86,,,,,,86,5000,,,,,,,,,,,,,,,,,,,,,,,,,,,,,,,,,,,,,,,,,,,,
SEAS,CA15RLY,8,44,0.34,0.42,1.88,14,5.6,0.82,80,7.7,,1.7,1.19,5.5,,,,10,,,,,87.5,,,,,,87.5,,,,,,,,,,,,,,,,,,,,,,,,,,,,,,,,,,,,,,,,,,,,,
SEAS,CA18RLY,8,42,0.47,0.56,2.92,32,5.8,1.05,136,10.6,,1.4,1.04,5.6,,,,10,,,,,90,,,,,,90,3000,,,,,,,,,,,,,,,,,,,,,,,,,,,,,,,,,,,,,,,,,,,,
SEAS,CA26RE4X,8,25,0.28,0.3,3.99,164,6.1,3.08,350,38.5,,1.1,1.66,11.6,,,,8,,,,,91,,,,,,91,1500,254,268.986,,,,,232.156,,,,,,,,,,,,,,,,,,,,,,,,,,,,,,,,,,,,,
SEAS,CA26RFX,8,29,0.34,0.4,2.14,129,6.3,1.95,350,36.1,,0.8,3.4,10.7,,,,14,,,,,90.5,,,,,,90.5,1000,,,,,,,,,,,,,,,,,,,,,,,,,,,,,,,,,,,,,,,,,,,,
SEAS,CC17RCY,8,34,0.28,0.32,2.23,45.1,5.7,10.65,130,10.5,,2.1,1.1,6.6,,,,6,,,,,92,,,,,,92,,,,,,,,,,,,,,,,,,,,,,,,,,,,,,,,,,,,,,,,,,,,,
SEAS,D1001-04S,,,,,,,,,,,,,,,,,,,,,,,,,,,,,,,,,,,,,,,,,,,,,,,,,,,,,,,,,,,,,,,,,,,,,,,,,,
SEAS,D1003,,,,,,,,,,,,,,,,,,,,,,,,,,,,,,,,,,,,,,,,,,,,,,,,,,,,,,,,,,,,,,,,,,,,,,,,,,
SEAS,D1004-04S,4,24,0.27,0.28,4.9,46,3.3,3.85,363,173,,0.26,5.4,18,,,,28,56,,,,85.5,,,,,,85.5,,,,,,,,,,,,,,,56,38,,10,,,,,,,,,,,,,,,,,,,,,,,,,,,
SEAS,D21-RNX/DDP,,,,,,,,,,,,,,,,,,,,,,,,,,,,,,,,,,,,,,,,,,,,,,,,,,,,,,,,,,,,,,,,,,,,,,,,,,
SEAS,E0006-06,6,700,,,,,4.6,0.05,,0.33,,,,3.5,,,,0.5,,,,,91,,,,,,91,,,,,,,,,,,,,,,26,1.5,,2.5,,,,,,,,,,,,,,,,,,,,,,,,,,,
SEAS,E0011-06,6,500,,,,,4.6,0.05,7,0.37,,,,3.1,,,,1,,,,,89,,,,,,89,,,,,,,,,,,,,,,26,1.5,,2.5,,,,,,,,,,,,,,,,,,,,,,,,,,,
SEAS,E0015-08S,8,38,0.36,0.43,2.22,14,5.5,0.49,75,9.5,,1.8,1.06,5.5,,,,8,14,,,,85.5,,,,,,85.5,,,,,,,,,,,,,,,26,14,,6,,,,,,,,,,,,,,,,,,,,,,,,,,,
SEAS,E0017-08S,8,34,0.26,0.3,1.8,29.7326889216,6.1,0.65,126,15.5,,1.4,1.94,8.4,,,,10,,,,,88,,,,,,88,,,,,,,,,,,,,,,39,16,,6,,,,,,,,,,,,,,,,,,,,,,,,,,,
SEAS,E0018-08S,8,34,0.42,0.49,2.91,30,6.1,0.65,126,15.5,,1.4,1.2,6.6,,,,10,19,,,,,,,,,,,,177.8,,,,,,,,,,,,,39,16,,6,,,,,,,,,,,,,,,,,,,,,,,,,,,
SEAS,E0021-08S,8,45,0.36,0.42,2.5,6,5.6,0.43,50,7.5,,1.7,0.87,5.4,,,,6,9,,,,84,,,,,,84,,,120.396,,,,,99.06,,,,,,,26,12,,6,,,,,,,,,,,,,,,,,,,,,,,,,,,
SEAS,E0022-08S,8,25,0.34,0.41,2.08,98,6.1,0.61,,26.2,,1.5,2.06,8.1,,,,10,21,,,,88,,,,,,88,,,,,,,,,,,,,,,39,16,,6,,,,,,,,,,,,,,,,,,,,,,,,,,,
SEAS,E0026-08S,8,20,0.35,0.41,2.34,162,6.3,1.43,330,56.3,,1.1,3.21,10.7,,,,14,35,,,,,,,,,,,,254,,,,,,232.156,,,,,,,51,20,,6,,,,,,,,,,,,,,,,,,,,,,,,,,,
SEAS,E0037-08S,,,,,,,,,,,,,,,,,,,,,,,,,,,,,,,,,,,,,,,,,,,,,,,,,,,,,,,,,,,,,,,,,,,,,,,,,,
SEAS,E0040-06,6,500,,,,,4.7,0.05,8,0.35,,,,3.5,,,,1,,,,,92.5,,,,,,92.5,,,,,,,,,,,,,,,26,1.5,,2.5,,,,,,,,,,,,,,,,,,,,,,,,,,,
SEAS,E0041-08S,8,49,0.45,0.56,2.21,12,5.7,0.3,75,6.28,,1.7,0.93,4.6,,,,10,20,,,,86.5,,,,,,86.5,,127,,,,,,,,,,,,,26,16,,6,,,,,,,,,,,,,,,,,,,,,,,,,,,
SEAS,E0042-08S,8,40,0.34,0.41,2.08,24,6.3,0.43,126,13.7,,1.2,1.77,7,,,,14,22,,,,87.5,,,,,,87.5,,177.8,,,,,,,,,,,,,39,20,,6,,,,,,,,,,,,,,,,,,,,,,,,,,,
SEAS,E0043-06S,6,67,0.4,0.52,1.7,6,4.9,0.43,75,6.75,,0.8,1.77,5.3,,,,6,14,,,,88.5,,,,,,88.5,,127,,,,,,,,,,,,,26,12,,6,,,,,,,,,,,,,,,,,,,,,,,,,,,
SEAS,E0044-08S,,,,,,,,,,,,,,,,,,,,,,,,,,,,,,,,,,,,,,,,,,,,,,,,,,,,,,,,,,,,,,,,,,,,,,,,,,
SEAS,E0045-08S,8,33,0.3,0.36,1.73,72,6.1,0.61,220,20,,1.2,2.6,8.8,,,,14,21,,,,90,,,,,,,,,,,,,,,,,,,,,39,20,,6,,,,,,,,,,,,,,,,,,,,,,,,,,,
SEAS,E0046-08S,8,31,0.39,0.47,2.55,87,6.2,0.81,330,42.4,,0.6,3.52,10.9,,,,14,35,,,,89,,,,,,89,,254,268.986,,,,,232.156,,,,,,,51,20,,6,,,,,,,,,,,,,,,,,,,,,,,,,,,
SEAS,E0047-04,4,500,,,,,,0.03,8,0.35,,,,3,,,,1.4,,,,,92,,,,,,92,,,,,,,,,,,,,,,26,1.1,,2.5,,,,,,,,,,,,,,,,,,,,,,,,,,,
SEAS,E0049-04S,4,37,0.33,0.38,2.66,15,3,0.25,94,14.8,,1.3,1.34,5.3,,,,14,22,,,,88,,,,,,,,,,,,,,,,,,,,,39,20,,6,,,,,,,,,,,,,,,,,,,,,,,,,,,
SEAS,E0049-08S,8,39,0.35,0.41,2.16,14,6.2,0.41,94,13.9,,1.2,1.64,7.3,,,,14,22,,,,85,,,,,,85,,,,,,,,,,,,,,,38,20,,6,,,,,,,,,,,,,,,,,,,,,,,,,,,
SEAS,E0051-04/06S,4,37,0.49,0.58,3.24,15,3.2,0.27,94,14.6,,1.3,1.09,4.4,,,,14,22,,,,85,,,,,,,,,,,,,,,,,,,,,39,20,,6,,,,,,,,,,,,,,,,,,,,,,,,,,,
SEAS,E0051-04/06S (tweeter),6,1200,,,,,4.8,0.05,7,0.3,,,,2.3,,,,0.5,,,,,90,,,,,,,,,,,,,,,,,,,,,26,1.5,,2,,,,,,,,,,,,,,,,,,,,,,,,,,,
SEAS,E0055-06,6,620,,,,,4.6,0.06,11.9,0.47,,,,4.3,,,,1,,,,,95,,,,,,95,,,,,,,,,,,,,,,35,2,,3,,,,,,,,,,,,,,,,,,,,,,,,,,,
SEAS,E0057-08/06S,8,85,0.54,0.74,1.99,5,6.3,0.46,131,15.3,,0.2,4.54,8.8,,,,6,12,,,,87,,,,,,,,,,,,,,,,,,,,,39,12,,6,,,,,,,,,,,,,,,,,,,,,,,,,,,
SEAS,E0057-08/06S (tweeter),6,1670,,,,,5,0.05,,0.3,,,,3.1,,,,0.4,,,,,90,,,,,,,,,,,,,,,,,,,,,26,1.6,,2,,,,,,,,,,,,,,,,,,,,,,,,,,,
SEAS,E0058-06D,,,,,,,,,,,,,,,,,,,,,,,,,,,,,,,,,,,,,,,,,,,,,,,,,,,,,,,,,,,,,,,,,,,,,,,,,,
SEAS,E0060-08,,,,,,,,,,,,,,,,,,,,,,,,,,,,,,,127,,,,,,,,,,,,,,,,,,,,,,,,,,,,,,,,,,,,,,,,,,,
SEAS,E0060-08/06,8,98,0.62,0.86,2.16,3.7,6.2,0.62,131,15.7,,0.17,4.95,8.8,,,,6,12,,,,87,,,,,,,,,,,,,,,,,,,,,39,12,,6,,,,,,,,,,,,,,,,,,,,,,,,,,,
SEAS,E0060-08/06 (tweeter),6,1430,,,,,5,0.05,,0.4,,,,3.1,,,,0.4,,,,,90,,,,,,,,,,,,,,,,,,,,,26,1.6,,2,,,,,,,,,,,,,,,,,,,,,,,,,,,
SEAS,E0073-08,8,36,0.34,0.36,4.73,17,6.4,0.12,94,14.2,,1.35,0.69,7.6,,,,14,22,,,,85.4,,,,,,85.4,,,,,,,,,,,,,,,39,20,,6,,,,,,,,,,,,,,,,,,,,,,,,,,,
SEAS,E0074-08,8,32,,0.32,4.85,29,6.1,0.2,126,19,,1.3,0.79,8.5,,,,10,,,,,87,,,,,,,,,,,,,,,,,,,,,39,16,,6,,,,,,,,,,,,,,,,,,,,,,,,,,,
SEAS,E0076-08,8,34,0.41,0.45,5.3,24,6.2,0.23,136,23.1,,0.95,0.93,8.3,,,,14,22,,,,85.6,,,,,,85.6,,,,,,,,,,,,,,,39,20,,6,,,,,,,,,,,,,,,,,,,,,,,,,,,
SEAS,E0077-08,8,25,0.39,0.44,4.18,93,6.3,0.26,220,31.1,,1.35,1.15,8.3,,,,14,20,,,,87.3,,,,,,87.3,,,,,,,,,,,,,,,39,20,,6,,,,,,,,,,,,,,,,,,,,,,,,,,,
SEAS,E0091-08,8,72,,0.49,2.2,3,5.6,0.27,50,6.9,,0.71,1.42,5.9,,,,6,,,,,85,,,,,,,,,,,,,,,,,,,,,26,12,,6,,,,,,,,,,,,,,,,,,,,,,,,,,,
SEAS,E0096-08,8,35,,0.38,3.11,31,6.3,0.12,126,15,,1.36,1.07,7.4,,,,14,,,,,87.6,,,,,,,,,,,,,,,,,,,,,39,20,,6,,,,,,,,,,,,,,,,,,,,,,,,,,,
SEAS,E0097-08,8,21,0.29,0.31,3.66,164,6.4,0.13,220,23.5,,2.39,0.86,8,,,,14,34,,,,89,,,,,,89,,,,,,,,,,,,,,,39,20,,6,,,,,,,,,,,,,,,,,,,,,,,,,,,
SEAS,E0100-04D,,,,,,,,,,,,,,,,,,,,,,,,,,,,,,,,,,,,,,,,,,,,,,,,,,,,,,,,,,,,,,,,,,,,,,,,,,
SEAS,E0100-06 T29D001,4,530,,,,,3.8,0.01,8,0.36,,,,2.5,,,,1.4,,,,,91,,,,,,91,,,,,,,,,,,,,,,,,,,,,,,,,,,,,,,,,,,,,,,,,,,,,
SEAS,E0103-06,6,377,,,,,4.8,0.13,41.2,3,,,,6.3,,,,,,,,,,,,,,,,,,,,,,,,,,,,,,,,,,,,,,,,,,,,,,,,,,,,,,,,,,,,
SEAS,E0110-04,4,515,,,,,3.6,0.01,8,0.37,,,,3.4,,,,1.4,,,,,91,,,,,,91,,,,,,,,,,,,,,,26,1.1,,2.5,,,,,,,,,,,,,,,,,,,,,,,,,,,
SEAS,E0115-08,8,40,0.32,0.34,4.37,18,6.4,0.45,104,,,1.19,0.77,7.9,,,,14,22,,,,87.3,,,,,,87.3,,,,,,,,,,,,,,,39,20,,6,,,,,,,,,,,,,,,,,,,,,,,,,,,
SEAS,E0121-04/06,4,38,0.29,0.3,4.95,18,3.1,0.16,94,12.4,,1.41,0.6,8,,,,14,22,,,,89,,,,,,,,,,,,,,,,,,,,,39,20,,6,,,,,,,,,,,,,,,,,,,,,,,,,,,
SEAS,E0121-04/06 (tweeter),6,1490,,,,,4.7,0.02,,0.3,,,,2.8,,,,0.4,,,,,90,,,,,,,,,,,,,,,,,,,,,26,1.6,,2,,,,,,,,,,,,,,,,,,,,,,,,,,,
SEAS,ER15RLY,8,44,0.32,0.41,1.55,15,5.6,0.73,80,7.6,,1.7,1.43,5.5,,,,10,,,,,87.5,,,,,,87.5,4000,127,146.05,,,,,112.014,,,,,,,,,,,,,,,,,,,,,,,,,,,,,,,,,,,,,
SEAS,exotic_f8-x1-04,4,31,0.39,0.43,4.24,146,3,0.05,222,10.5,,2.08,0.57,4.2,,,,4.2,14,,,,,,,,,,,,,,,,,,,,,,,,,,,,,,,,,,,,,,,,,,,,,,,,,,,,,,,
SEAS,exotic_f8-x1-08,8,32,0.44,0.5,4.2,143,5.7,0.07,222,10,,2.5,0.57,5.25,,,,4.2,14,,,,,,,,,,,,,,,,,,,,,,,,,,,,,,,,,,,,,,,,,,,,,,,,,,,,,,,
SEAS,exotic-t35,6,600,,,,,4.6,0.06,11.9,0.47,,,,3.9,,,,1,,,,,94,,,,,,94,25000,,,,,,,,,,,,,,,,,,,,,,,,,,,,,,,,,,,,,,,,,,,,
SEAS,exotic-w8-08,8,36,0.24,0.25,5.1,78,6,0.43,212,13.9,,1.2,0.7,9.2,,,,6,22,,,,,,,,,,,,,,,,,,,,,,,,,,,,,,,,,,,,,,,,,,,,,,,,,,,,,,,
SEAS,FA22RCZ-H1597,8,30,0.35,0.38,4.36,134,5.7,0.09,222,12.6,,2.2,0.63,6.4,,,,6,14,,,,,,,,,,,,203.2,,,,,,,,,,,,,,,,,,,,,,,,,,,,,,,,,,,,,,,,,,,
SEAS,H0532-08,8,1700,,,,,6.2,0.05,4,0.23,,,,2.6,,,,0.5,,,,,88,,,,,,,,,,,,,,,,,,,,,19.5,1.5,,2,,,,,,,,,,,,,,,,,,,,,,,,,,,
SEAS,H0623,6,1700,,,,,6.2,0.05,4,0.23,,,,2.6,,,,0.5,,,,,88,,,,,,88,,,,,,,,,,,,,,,,,,,,,,,,,,,,,,,,,,,,,,,,,,,,,
SEAS,h0737,8,1700,,,,,6.2,0.05,4,0.23,,,,2.6,,,,0.5,,,,,88,,,,,,88,,,,,,,,,,,,,,,,,,,,,,,,,,,,,,,,,,,,,,,,,,,,,
SEAS,H0737-08,8,1700,,,,,6.2,0.05,4,0.23,,,,2.6,,,,0.5,,,,,88,,,,,,,,,,,,,,,,,,,,,19.5,1.5,,2,,,,,,,,,,,,,,,,,,,,,,,,,,,
SEAS,H0831-06,6,1200,,,,,4.8,0.05,7.5,0.3,,,,3.5,,,,0.5,,,,,92,,,,,,,,,,,,,,,,,,,,,26,1.5,,2,,,,,,,,,,,,,,,,,,,,,,,,,,,
SEAS,H0881-06,6,550,,,,,4.8,0.05,7.6,0.25,,,,3.5,,,,0.5,,,,,91,,,,,,,,,,,,,,,,,,,,,26,1.5,,2,,,,,,,,,,,,,,,,,,,,,,,,,,,
SEAS,H1085-08,8,33,0.31,0.37,2.01,38,5.6,0.92,125,12.7,,1.8,1.39,6.5,,,,8,16,,,,88,,,,,,88,,,,,,,,,,,,,,,26,14,,6,,,,,,,,,,,,,,,,,,,,,,,,,,,
SEAS,H1141-08,8,44,0.35,0.43,2.1,12,5.5,0.84,75,8.1,,1.6,1.12,5.7,,,,10,20,,,,,,,,,,,,,,,,,,,,,,,,,26,16,,6,,,,,,,,,,,,,,,,,,,,,,,,,,,
SEAS,H1147-06,6,600,,,,,4.8,0.05,7,0.33,,,,3.5,,,,0.5,,,,,92,,,,,,,,,,,,,,,,,,,,,26,1.5,,2,,,,,,,,,,,,,,,,,,,,,,,,,,,
SEAS,H1149-06,6,550,,,,,4.6,0.05,7,0.3,,,,3.5,,,,0.5,,,,,90,,,,,,90,,,,,,,,,,,,,,,26,1.5,,2.5,,,,,,,,,,,,,,,,,,,,,,,,,,,
SEAS,h1152,8,57,0.31,0.36,2.17,5,6.4,1.05,55,6.1,,1.3,1.04,6.35,,,,6,9,,,,86,,,,,,86,,,,,,,,,,,,,,,,,,,,,,,,,,,,,,,,,,,,,,,,,,,,,
SEAS,H1152-08,8,57,0.31,0.36,2.17,5,6.4,1.05,55,6.1,,1.3,1.04,6.35,,,,6,9,,,,86,,,,,,,,101.6,120.396,,,,,95.758,,,,,,,26,,,6,,,,,,,,,,,,,,,,,,,,,,,,,,,
SEAS,h1189,6,550,,,,,4.8,0.05,7.5,0.37,,,,3.5,,,,0.5,,,,,90,,,,,,90,,,,,,,,,,,,,,,,,,,,,,,,,,,,,,,,,,,,,,,,,,,,,
SEAS,H1189-06,6,550,,,,,4.8,0.05,,0.37,,,,3.5,,,,0.5,,,,,90,,,,,,90,,,,,,,,,,,,,,,26,1.5,,2.5,,,,,,,,,,,,,,,,,,,,,,,,,,,
SEAS,h1192,8,20,0.24,0.26,3.28,108,6.1,3.47,230,41.6,,1.5,1.67,11.4,,,,14,21,,,,87,,,,,,87,,203.2,220.726,,,,,186.436,,,,,,,,,,,,,,,,,,,,,,,,,,,,,,,,,,,,,
SEAS,H1192-08,8,20,0.24,0.26,3.28,108,6.1,3.47,230,41.6,,1.5,1.67,11.4,,,,14,21,,,,87,,,,,,87,,,,,,,,,,,,,,,39,20,,6,,,,,,,,,,,,,,,,,,,,,,,,,,,
SEAS,H1207-08,8,50,0.29,0.33,2.34,5,5.5,0.76,50,6.8,,1.5,0.94,6.1,,,,6,9,,,,85.5,,,,,,85.5,,,,,,,,,,,,,,,26,12,,6,,,,,,,,,,,,,,,,,,,,,,,,,,,
SEAS,h1208,8,21,0.27,0.29,3.13,93,6.1,3.76,220,40,,1.4,1.76,10.7,,,,14,21,,,,,,,,,,,,,,,,,,,,,,,,,,,,,,,,,,,,,,,,,,,,,,,,,,,,,,,
SEAS,H1208-08,8,21,0.27,0.29,3.13,93,6.1,3.76,220,40,,1.4,1.76,10.7,,,,14,21,,,,86.5,,,,,,86.5,,,,,,,,,,,,,,,39,20,,6,,,,,,,,,,,,,,,,,,,,,,,,,,,
SEAS,h1209,8,20,0.33,0.39,2.15,171,6.3,1.83,330,53,,1.2,3.3,10.7,,,,14,35,,,,,,,,,,,,254,268.986,,,,,232.156,,,,,,,,,,,,,,,,,,,,,,,,,,,,,,,,,,,,,
SEAS,H1209-08,8,20,0.33,0.39,2.15,171,6.3,1.83,330,53,,1.2,3.3,10.7,,,,14,35,,,,88,,,,,,88,,,,,,,,,,,,,,,51,20,,6,,,,,,,,,,,,,,,,,,,,,,,,,,,
SEAS,h1212,6,550,,,,,4.8,0.05,7.5,0.34,,,,3.5,,,,0.5,,,,,91.5,,,,,,91.5,,,,,,,,,,,,,,,,,,,,,,,,,,,,,,,,,,,,,,,,,,,,,
SEAS,H1212-06,6,550,,,,,4.8,0.05,7.5,0.34,,,,3.5,,,,0.5,,,,,91.5,,,,,,,,,,,,,,,,,,,,,26,1.5,,2,,,,,,,,,,,,,,,,,,,,,,,,,,,
SEAS,h1215,8,35,0.31,0.37,1.9,33,5.8,1.2,136,14,,1.4,1.72,7.2,,,,12,22,,,,,,,,,,,,,,,,,,,,,,,,,,,,,,,,,,,,,,,,,,,,,,,,,,,,,,,
SEAS,H1215-08,8,35,0.31,0.37,1.9,33,5.8,1.2,136,14,,1.4,1.72,7.2,,,,12,22,,,,88.5,,,,,,88.5,,,,,,,,,,,,,,,39,18,,6,,,,,,,,,,,,,,,,,,,,,,,,,,,
SEAS,h1216,8,44,0.34,0.42,1.88,14,5.6,0.82,80,7.7,,1.7,1.19,5.5,,,,10,20,,,,,,,,,,,,,,,,,,,,,,,,,,,,,,,,,,,,,,,,,,,,,,,,,,,,,,,
SEAS,H1216-08,8,44,0.34,0.42,1.88,14,5.6,0.82,80,7.7,,1.7,1.19,5.5,,,,10,20,,,,87.5,,,,,,87.5,,127,146.05,,,,,112.014,,,,,,,26,16,,6,,,,,,,,,,,,,,,,,,,,,,,,,,,
SEAS,h1217,8,42,0.47,0.56,2.92,32,5.8,1.05,136,10.6,,1.4,1.04,5.6,,,,10,20,,,,,,,,,,,,,,,,,,,,,,,,,,,,,,,,,,,,,,,,,,,,,,,,,,,,,,,
SEAS,H1217-08,8,42,0.47,0.56,2.92,32,5.8,1.05,136,10.6,,1.4,1.04,5.6,,,,10,20,,,,90,,,,,,90,,,,,,,,,,,,,,,26,16,,6,,,,,,,,,,,,,,,,,,,,,,,,,,,
SEAS,h1224,8,36,0.31,0.36,2.09,30,5.8,1.06,126,13.6,,1.4,1.56,7.2,,,,12,22,,,,,,,,,,,,177.8,176.022,,,,,145.288,,,,,,,,,,,,,,,,,,,,,,,,,,,,,,,,,,,,,
SEAS,H1224-08,8,36,0.31,0.36,2.09,30,5.8,1.06,126,13.6,,1.4,1.56,7.2,,,,12,22,,,,,,,,,,,,,,,,,,,,,,,,,39,18,,6,,,,,,,,,,,,,,,,,,,,,,,,,,,
SEAS,H1252-08,8,23,0.32,0.38,2.07,112,6,1.43,220,27,,1.8,2.01,8.15,,,,12,21,,,,88,,,,,,88,,,,,,,,,,,,,,,39,18,,6,,,,,,,,,,,,,,,,,,,,,,,,,,,
SEAS,h1262,8,51,0.25,0.3,1.57,12,5.8,0.73,80,7.1,,1.4,1.53,6.8,,,,3.4,14,,,,,,,,,,,,,,,,,,,,,,,,,,,,,,,,,,,,,,,,,,,,,,,,,,,,,,,
SEAS,H1262-08,8,51,0.25,0.3,1.57,12,5.8,0.73,80,,,1.4,1.53,6.8,,,,3.4,14,,,,,,,,,,,,,,,,,,,,,,,,,26,9.4,,6,,,,,,,,,,,,,,,,,,,,,,,,,,,
SEAS,H1280-06,6,1050,,,,,4.9,0.05,5.9,0.25,,,,3.3,,,,0.4,,,,,91,,,,,,91,,,,,,,,,,,,,,,,,,,,,,,,,,,,,,,,,,,,,,,,,,,,,
SEAS,H1280-06,8,1700,,,,,6.2,0.05,4,0.23,,,,2.6,,,,0.5,,,,,88,,,,,,,,,,,,,,,,,,,,,19.5,1.5,,2,,,,,,,,,,,,,,,,,,,,,,,,,,,
SEAS,h1283,6,1100,,,,,4.9,0.05,5.9,0.23,,,,3.3,,,,0.5,,,,,92,,,,,,92,,,,,,,,,,,,,,,,,,,,,,,,,,,,,,,,,,,,,,,,,,,,,
SEAS,H1283-06,6,,,,,,4.9,0.05,5.9,0.23,,,,3.3,,,,0.5,,,,,92,,,,,,92,,,,,,,,,,,,,,,19.5,1.5,,2,,,,,,,,,,,,,,,,,,,,,,,,,,,
SEAS,h1288,8,29,0.41,0.52,2.04,97,6.1,1,230,20.9,,1.4,2.05,7,,,,12,26,,,,,,,,,,,,203.2,,,,,,,,,,,,,,,,,,,,,,,,,,,,,,,,,,,,,,,,,,,
SEAS,H1288-08,8,29,0.41,0.52,2.04,97,6.1,1,230,20.9,,1.4,2.05,7,,,,12,26,,,,89.5,,,,,,89.5,,,,,,,,,,,,,,,39,18,,6,,,,,,,,,,,,,,,,,,,,,,,,,,,
SEAS,h1304,8,68,0.56,0.74,2.42,5,6.3,0.31,55,4.58,,1.2,0.85,4.2,,,,1.8,,,,,86,,,,,,86,,,,,,,,,,,,,,,,,,,,,,,,,,,,,,,,,,,,,,,,,,,,,
SEAS,H1304-08,8,68,0.56,0.74,2.42,5,6.3,0.31,55,4.58,,1.2,0.85,4.2,,,,1.8,,,,,86,,,,,,86,,,,,,,,,,,,,,,26,5.8,,4,,,,,,,,,,,,,,,,,,,,,,,,,,,
SEAS,h1305,8,29,0.34,0.4,2.14,129,6.3,1.95,350,36.1,,0.8,3.4,10.7,,,,14,35,,,,90.5,,,,,,90.5,,,,,,,,,,,,,,,,,,,,,,,,,,,,,,,,,,,,,,,,,,,,,
SEAS,H1305-08,8,29,0.34,0.4,2.14,129,6.3,1.95,350,36.1,,0.8,3.4,10.7,,,,14,35,,,,90.5,,,,,,90.5,,,,,,,,,,,,,,,51,20,,6,,,,,,,,,,,,,,,,,,,,,,,,,,,
SEAS,h1316,8,25,0.28,0.3,3.99,164,6.1,3.08,350,38.5,,1.1,1.66,11.6,,,,8,20,,,,91,,,,,,91,,,,,,,,,,,,,,,,,,,,,,,,,,,,,,,,,,,,,,,,,,,,,
SEAS,H1316-08,8,25,0.28,0.3,3.99,164,6.1,3.08,350,38.5,,1.1,1.66,11.6,,,,8,20,,,,91,,,,,,91,,,,,,,,,,,,,,,39,14,,6,,,,,,,,,,,,,,,,,,,,,,,,,,,
SEAS,h1318,6,950,,,,,4.7,0.05,8,0.35,,,,3.5,,,,0.5,,,,,92,,,,,,92,,,,,,,,,,,,,,,,,,,,,,,,,,,,,,,,,,,,,,,,,,,,,
SEAS,H1318-06,6,950,,,,,4.7,0.05,8,0.35,,,,3.5,,,,0.5,,,,,92,,,,,,,,,,,,,,,,,,,,,26,1.5,,2,,,,,,,,,,,,,,,,,,,,,,,,,,,
SEAS,H1333-08/06,8,26,0.26,0.31,1.63,52,,0.79,120,13.7,,2.7,1.45,6.8,,,,6,19,,,,87,,,,,,87,,,,,,,,,,,,,,,39,12,,6,,,,,,,,,,,,,,,,,,,,,,,,,,,
SEAS,H1333-08/06 (tweeter),6,1200,,,,,,0.05,7,0.3,,,,2.3,,,,0.5,,,,,88.5,,,,,,88.5,,,,,,,,,,,,,,,26,1.5,,2,,,,,,,,,,,,,,,,,,,,,,,,,,,
SEAS,h1353,,,,,,,,,,,,,,,,,,,,,,,,,,,,,,,,,,,,,,,,,,,,,,,,,,,,,,,,,,,,,,,,,,,,,,,,,,
SEAS,H1353-08/06,8,30,0.24,0.29,1.64,42,,0.7,126,13.3,,1.9,1.71,7.8,,,,6,19,,,,87.5,,,,,,87.5,,,,,,,,,,,,,,,39,12,,6,,,,,,,,,,,,,,,,,,,,,,,,,,,
SEAS,H1353-08/06 (tweeter),6,1200,,,,,,0.05,7,0.3,,,,2.3,,,,0.5,,,,,88.5,,,,,,88.5,,,,,,,,,,,,,,,26,1.5,,2,,,,,,,,,,,,,,,,,,,,,,,,,,,
SEAS,h1396,4,1170,,,,,2.7,0.03,7.5,0.26,,,,1.9,,,,0.9,,,,,91,,,,,,91,,,,,,,,,,,,,,,,,,,,,,,,,,,,,,,,,,,,,,,,,,,,,
SEAS,H1396-04,4,1170,,,,,2.7,0.03,,0.26,,,,1.9,,,,0.9,,,,,91,,,,,,,,,,,,,,,,,,,,,26,1.1,,2,,,,,,,,,,,,,,,,,,,,,,,,,,,
SEAS,h1397,4,1170,,,,,2.7,0.03,7.5,0.3,,,,1.9,,,,0.9,,,,,90,,,,,,90,,,,,,,,,,,,,,,,,,,,,,,,,,,,,,,,,,,,,,,,,,,,,
SEAS,H1397-04,4,,,,,,2.7,0.03,7.5,0.3,,,,1.9,,,,0.9,,,,,90,,,,,,,,,,,,,,,,,,,,,26,1.1,,2,,,,,,,,,,,,,,,,,,,,,,,,,,,
SEAS,H1406-04,4,1170,,,,,2.7,0.03,7.5,0.26,,,,1.9,,,,0.9,,,,,91,,,,,,91,,,,,,,,,,,,,,,26,1.1,,2,,,,,,,,,,,,,,,,,,,,,,,,,,,
SEAS,H1406-04,4,1170,,,,,2.7,0.03,7.5,0.26,,,,1.9,,,,0.9,,,,,91,,,,,,,,,,,,,,,,,,,,,,,,,,,,,,,,,,,,,,,,,,,,,,,,,,,
SEAS,h1411,8,25,0.39,0.43,3.84,169,6.3,3.8,350,37.4,,1.1,1.69,9.7,,,,8,35,,,,,,,,,,,,,,,,,,,,,,,,,,,,,,,,,,,,,,,,,,,,,,,,,,,,,,,
SEAS,H1411-08,8,25,0.39,0.43,3.84,169,6.3,3.8,350,37.4,,1.1,1.69,9.7,,,,8,35,,,,89,,,,,,89,,,,,,,,,,,,,,,39,14,,6,,,,,,,,,,,,,,,,,,,,,,,,,,,
SEAS,h1455,8,44,0.32,0.41,1.55,15,5.6,0.73,80,7.6,,1.7,1.43,5.5,,,,10,20,,,,,,,,,,,,,,,,,,,,,,,,,,,,,,,,,,,,,,,,,,,,,,,,,,,,,,,
SEAS,H1455-08,8,44,0.32,0.41,1.55,15,5.6,0.73,80,7.6,,1.7,1.43,5.5,,,,10,20,,,,87.5,,,,,,87.5,,,,,,,,,,,,,,,26,16,,6,,,,,,,,,,,,,,,,,,,,,,,,,,,
SEAS,h1456,8,37,0.32,0.39,1.58,32,5.9,0.67,136,14,,1.3,2.2,7.2,,,,12,22,,,,,,,,,,,,,,,,,,,,,,,,,,,,,,,,,,,,,,,,,,,,,,,,,,,,,,,
SEAS,H1456-08,8,37,0.32,0.39,1.58,32,5.9,0.67,136,14,,1.3,2.2,7.2,,,,12,22,,,,85.5,,,,,,85.5,,,,,,,,,,,,,,,39,18,,6,,,,,,,,,,,,,,,,,,,,,,,,,,,
SEAS,H1471 (CA22RNY),8,34,0.3,0.36,1.69,82,6.2,1.55,230,19.8,,1.1,2.51,8.5,,,,12,20,,,,,,,,,,,,,,,,,,,,,,,,,,,,,,,,,,,,,,,,,,,,,,,,,,,,,,,
SEAS,H1471-08,8,34,0.3,0.36,1.69,82,6.2,1.55,230,19.8,,1.1,2.51,8.5,,,,12,20,,,,91,,,,,,91,,203.2,220.726,,,,,186.436,,,,,,,39,18,,6,,,,,,,,,,,,,,,,,,,,,,,,,,,
SEAS,h1480-08,,,,,,,,,,,,,,,,,,,,,,,,,,,,,,,,,,,,,,,,,,,,,,,,,,,,,,,,,,,,,,,,,,,,,,,,,,
SEAS,H1480-08,8,37,0.45,0.55,2.48,19,6,0.64,104,14.7,,1.3,1.38,6.1,,,,12,22,,,,84,,,,,,84,,,,,,,,,,,,,,,39,18,,6,,,,,,,,,,,,,,,,,,,,,,,,,,,
SEAS,H1488-04,4,37,0.33,0.38,2.31,18,3.1,0.32,104,14.7,,1.3,1.54,5.4,,,,12,22,,,,88,,,,,,88,,,,,,,,,,,,,,,39,18,,6,,,,,,,,,,,,,,,,,,,,,,,,,,,
SEAS,H1488-08,8,39,0.36,0.44,2.08,16,5.8,0.48,104,15.3,,1.1,1.88,7.2,,,,12,22,,,,85,,,,,,85,,,,,,,,,,,,,,,39,18,,6,,,,,,,,,,,,,,,,,,,,,,,,,,,
SEAS,h1499,6,900,,,,,4.8,0.05,7.5,0.33,,,,3.7,,,,0.5,,,,,92,,,,,,92,25000,,,,,,,,,,,,,,,,,,,,,,,,,,,,,,,,,,,,,,,,,,,,
SEAS,H1499-06,6,900,,,,,4.8,0.05,7.5,0.33,,,,3.7,,,,0.5,,,,,92,,,,,,92,,,,,,,,,,,,,,,26,1.5,,2,,,,,,,,,,,,,,,,,,,,,,,,,,,
SEAS,h1520,8,36,0.32,0.38,2.19,25,6.2,0.81,99,10.26,,1.9,1.11,6.3,,,,8,20,,,,,,,,,,,,152.4,146.05,,,,,125.984,,,,,,,,,,,,,,,,,,,,,,,,,,,,,,,,,,,,,
SEAS,H1520-08,8,36,0.32,0.38,2.19,25,6.2,0.81,99,10.26,,1.9,1.11,6.3,,,,8,20,,,,87,,,,,,87,,,,,,,,,,,,,,,26,14,,6,,,,,,,,,,,,,,,,,,,,,,,,,,,
SEAS,h1571,8,43,0.37,0.45,2.05,22,5.9,0.25,126,13.5,,1,1.78,6.9,,,,12,15,,,,,,,,,,,,,,,,,,,,,,,,,,,,,,,,,,,,,,,,,,,,,,,,,,,,,,,
SEAS,H1571-08,8,43,0.37,0.45,2.05,22,5.9,0.25,126,13.4,,1.1,1.78,6.9,,,,12,22,,,,88,,,,,,88,,177.8,176.022,,,,,145.288,,,,,,,39,18,,6,,,,,,,,,,,,,,,,,,,,,,,,,,,
SEAS,H1597-08,8,30,0.35,0.38,4.36,134,,0.09,222,12.6,,2.2,0.63,6.4,,,,6,14,,,,,,,,,,,,,,,,,,,,,,,,,26,12,,6,,,,,,,,,,,,,,,,,,,,,,,,,,,
SEAS,H1600-04,4,102,0.91,1.28,3.15,1,3.3,0.29,38.5,4.5,,0.5,0.85,2.72,,,,4,7.9,,,,85,,,,,,85,,,,,,,,,,,,,,,19,8,,4,,,,,,,,,,,,,,,,,,,,,,,,,,,
SEAS,H1600-08,8,102,0.96,1.36,3.25,1,6.42,0.16,38.5,4.05,,0.6,0.83,3.56,,,,4,7.9,,,,,,,,,,,,,,,,,,,,,,,,,19,8,,4,,,,,,,,,,,,,,,,,,,,,,,,,,,
SEAS,h1602,,,0.3,0.33,2.99,3,,,,,,0.9,1.08,,,,,,12,,,,,,,,,,,,,,,,,,,,,,,,,,,,,,,,,,,,,,,,,,,,,,,,,,,,,,,
SEAS,H1602-04/06,4,55,0.3,0.33,2.99,2.8316846592000005,3.1,0.48,,0.19,,,,,,,,,,,,,,,,,,,,,127,119.888,,,,,95.758,,,,,,,,,,,,,,,,,,,,,,,,,,,,,,,,,,,,,
SEAS,H1658-04,4,100,0.67,1.15,1.63,1.1,3.3,0.14,38.5,4.51,,0.6,1.8,2.9,,,,4,7.9,,,,,,,,,,,,,,,,,,,,,,,,,19,8,,4,,,,,,,,,,,,,,,,,,,,,,,,,,,
SEAS,H1659-08,8,29,0.29,0.34,1.77,103,6,0.7,220,19.8,,1.7,2.1,8,,,,8,20,,,,90.5,,,,,,90.5,,,,,,,,,,,,,,,39,14,,6,,,,,,,,,,,,,,,,,,,,,,,,,,,
SEAS,H1699-08/06,8,126,0.69,0.96,2.49,3,6.2,0.43,126,11.8,,0.1,4.26,8.3,,,,6,12,,,,89,,,,,,,,,,,,,,,,,,,,,39,12,,6,,,,,,,,,,,,,,,,,,,,,,,,,,,
SEAS,H1699-08/06 (tweeter),6,1600,,,,,5,0.05,7,0.3,,,,3.1,,,,0.4,,,,,,,,,,,,,,,,,,,,,,,,,,26,1.6,,2,,,,,,,,,,,,,,,,,,,,,,,,,,,
SEAS,H1794 (FEA18RCZ),8,42,0.39,0.42,6.29,31,5.7,0.49,136,12.1,,1.19,0.51,6.6,,,,6,14,,,,,,,,,,,,,,,,,,,,,,,,,,,,,,,,,,,,,,,,,,,,,,,,,,,,,,,
SEAS,H1794-08,8,42,0.39,0.42,6.29,31,5.7,0.49,136,12.1,,1.19,0.51,6.6,,,,6,14,,,,,,,,,,,,,,,,,,,,,,,,,26,12,,6,,,,,,,,,,,,,,,,,,,,,,,,,,,
SEAS,H1825-06,6,830,,,,,4.7,0.01,7.3,0.36,,,,2.6,,,,0.4,,,,,89,,,,,,89,20000,,,,,,,,,,,,,,,,,,,,,,,,,,,,,,,,,,,,,,,,,,,,
SEAS,H1825-06,6,830,,,,,4.7,0.01,7.3,0.36,,,,2.6,,,,0.4,,,,,89,,,,,,89,20000,,,,,,,,,,,,,,26,1.6,,2,,,,,,,,,,,,,,,,,,,,,,,,,,,
SEAS,H1869-08,8,32,0.33,0.35,5.48,18,6.4,0.6,104,20.8,,1.2,0.76,8.7,,,,14,22,,,,84,,,,,,84,,,,,,,,,,,,,,,39,20,,6,,,,,,,,,,,,,,,,,,,,,,,,,,,
SEAS,H1869-08,,,,,,,,,,,,,,,,,,,,,,,,,,,,,,,,,,,,,,,,,,,,,,,,,,,,,,,,,,,,,,,,,,,,,,,,,,
SEAS,H1878-08,8,32,0.38,0.41,5.5,29,6.2,0.66,146,25.4,,,,,,,,,,,,,,,,,,,,,177.8,176,,,,,154,,,,,,,,,,,,,,,,,,,,,,,,,,,,,,,,,,,,,
SEAS,H1878-08,,,,,,,,,,,,,,,,,,,,,,,,,,,,,,,,,,,,,,,,,,,,,,,,,,,,,,,,,,,,,,,,,,,,,,,,,,
SEAS,H1889-06,,,,,,,,,,,,,,,,,,,,,,,,,,,,,,,,,,,,,,,,,,,,,,,,,,,,,,,,,,,,,,,,,,,,,,,,,,
SEAS,H417 (25TAC/GW),,,,,,,,,,,,,,,,,,,,,,,,,,,,,,,,,,,,,,,,,,,,,,,,,,,,,,,,,,,,,,,,,,,,,,,,,,
SEAS,H519 (25TFFC),6,1200,,,,,4.8,,,0.3,,,,,,,,,,,,,,,,,,,,,,,,,,,,,,,,,,,,,,,,,,,,,,,,,,,,,,,,,,,,,,,,
SEAS,h881,6,550,,,,,4.8,0.05,7.6,0.25,,,,3.5,,,,0.5,,,,,91,,,,,,91,,,,,,,,,,,,,,,,,,,,,,,,,,,,,,,,,,,,,,,,,,,,,
SEAS,H9918-06,,,,,,,,,,,,,,,,,,,,,,,,,,,,,,,,,,,,,,,,,,,,,,,,,,,,,,,,,,,,,,,,,,,,,,,,,,
SEAS,H9929-06,,,,,,,,,,,,,,,,,,,,,,,,,,,,,,,,,,,,,,,,,,,,,,,,,,,,,,,,,,,,,,,,,,,,,,,,,,
SEAS,H9932-06,,,,,,,,,,,,,,,,,,,,,,,,,,,,,,,,,,,,,,,,,,,,,,,,,,,,,,,,,,,,,,,,,,,,,,,,,,
SEAS,H9933-06,,,,,,,,,,,,,,,,,,,,,,,,,,,,,,,,,,,,,,,,,,,,,,,,,,,,,,,,,,,,,,,,,,,,,,,,,,
SEAS,H9939-06,,,,,,,,,,,,,,,,,,,,,,,,,,,,,,,,,,,,,,,,,,,,,,,,,,,,,,,,,,,,,,,,,,,,,,,,,,
SEAS,H9944,,26,,,,41,,,130,21.5,,1.74,,,,,,,,,,,,,,,,,,,,,,,,,,,,,,,,,,,,,,,,,,,,,,,,,,,,,,,,,,,,,,
SEAS,H9945,,22,,,,138,,,230,28,,1.87,,,,,,,,,,,,,,,,,,,203.2,,,,,,,,,,,,,,,,,,,,,,,,,,,,,,,,,,,,,,,,,,,
SEAS,H9946,,22,,,,214,,,350,42,,1.25,,,,,,,,,,,,,,,,,,,254,,,,,,,,,,,,,,,,,,,,,,,,,,,,,,,,,,,,,,,,,,,
SEAS,K17REX,,,,,,,,,,,,,,,,,,,,,,,,,,,,,,,,,,,,,,,,,,,,,,,,,,,,,,,,,,,,,,,,,,,,,,,,,,
SEAS,L0004-06S,6,800,,,,,4.9,0.05,7.5,0.26,,,,1.9,,,,0.5,,,,,90,,,,,,90,,,,,,,,,,,,,,,26,1.5,,2.5,,,,,,,,,,,,,,,,,,,,,,,,,,,
SEAS,L0005-06S,6,1000,,,,,4.9,0.05,7.5,0.23,,,,1.9,,,,0.5,,,,,89.5,,,,,,89.5,,,,,,,,,,,,,,,26,1.5,,2.5,,,,,,,,,,,,,,,,,,,,,,,,,,,
SEAS,L0017-04S,,,,,,,,,,,,,,,,,,,,,,,,,,,,,,,,,,,,,,,,,,,,,,,,,,,,,,,,,,,,,,,,,,,,,,,,,,
SEAS,L0018-04S,4,64,0.58,0.65,5.49,8,3.3,0.78,126,16.9,,0.4,1.3,6,,,,6,19,,,,90,,,,,,90,,,,,,,,,,,,,,,39,12,,6,,,,,,,,,,,,,,,,,,,,,,,,,,,
SEAS,L0021-04S,,,,,,,,,,,,,,,,,,,,,,,,,,,,,,,,,,,,,,,,,,,,,,,,,,,,,,,,,,,,,,,,,,,,,,,,,,
SEAS,L0022-04S,4,39,0.36,0.43,2.1,68,3.2,0.38,220,28.2,,1.1,2.59,6.4,,,,10,21,,,,91,,,,,,91,,,,,,,,,,,,,,,39,16,,6,,,,,,,,,,,,,,,,,,,,,,,,,,,
SEAS,L12RE/XFC,4,55,0.3,0.33,2.99,3,3.1,0.48,47,9.2,,0.9,1.08,5.5,,,,6,,,,,86,,,,,,86,,,,,,,,,,,,,,,,,,,,,,,,,,,,,,,,,,,,,,,,,,,,,
SEAS,L15RLY/P,8,44,0.35,0.43,2.1,12,5.5,0.84,75,8.1,,1.6,1.12,5.7,,,,10,,,,,86,,,,,,86,3000,,,,,,,,,,,,,,,,,,,,,,,,,,,,,,,,,,,,,,,,,,,,
SEAS,L16RN-SL,8,37,0.45,0.55,2.48,19,6,0.64,104,14.7,,1.3,1.38,6.1,,,,12,,,,,84,,,,,,84,2000,127,146,,,,,127,,,,,,,,,,,,,,,,,,,,,,,,,,,,,,,,,,,,,
SEAS,L16RNX,8,39,0.36,0.44,2.08,16,5.8,0.48,104,15.3,,1.1,1.88,7.2,,,,12,,,,,85,,,,,,85,2000,,,,,,,,,,,,,,,,,,,,,,,,,,,,,,,,,,,,,,,,,,,,
SEAS,L18RCY/P,8,33,0.31,0.37,2.01,38,5.6,0.92,125,12.7,,1.8,1.39,6.5,,,,8,,,,,88,,,,,,88,2500,,,,,,,,,,,,,,,,,,,,,,,,,,,,,,,,,,,,,,,,,,,,
SEAS,L22ROY2-04,,,,,,,,,,,,,,,,,,,,,,,,,,,,,,,,,,,,,,,,,,,,,,,,,,,,,,,,,,,,,,,,,,,,,,,,,,
SEAS,L22ROY2-08,,,,,,,,,,,,,,,,,,,,,,,,,,,,,,,,,,,,,,,,,,,,,,,,,,,,,,,,,,,,,,,,,,,,,,,,,,
SEAS,L26RO4Y,4,26,0.27,0.29,3.94,40,3.5,2.33,342,160,,0.24,6.53,17.7,,,,30,56,,,,86,,,,,,86,1000,254,268.986,,,,,235.966,,,,,,,,,,,,,,,,,,,,,,,,,,,,,,,,,,,,,
SEAS,l26roy,4,25,0.42,0.45,5.6,56,3.3,0.73,342,118,,0.34,3.31,12,,,,28,56,,,,87,,,,,,87,1000,,,,,,,,,,,,,,,,,,,,,,,,,,,,,,,,,,,,,,,,,,,,
SEAS,m15ch-002,6,67,0.4,0.52,1.7,6,4.9,0.43,75,6.75,,0.8,1.77,5.3,,,,6,14,,,,88.5,,,,,,88.5,3500,,,,,,,,,,,,,,,,,,,,,,,,,,,,,,,,,,,,,,,,,,,,
SEAS,MCA12RC,8,68,0.56,0.74,2.42,5,6.3,0.31,55,4.58,,1.2,0.85,4.2,,,,1.8,,,,,86,,,,,,86,5000,101.6,120.396,,,,,95.758,,,,,,,,,,,,,,,,,,,,,,,,,,,,,,,,,,,,,
SEAS,MCA15RCY,8,51,0.25,0.3,1.57,12,5.8,0.73,80,7.1,,1.4,1.53,6.8,,,,3.4,,,,,89.5,,,,,,89.5,4000,,,,,,,,,,,,,,,,,,,,,,,,,,,,,,,,,,,,,,,,,,,,
SEAS,MR18REX/XF H1699-08/06,,,0.69,0.96,2.49,3,,,,,,0.1,4.26,,,,,,12,,,,,,,,,,,,,,,,,,,,,,,,,,,,,,,,,,,,,,,,,,,,,,,,,,,,,,,
SEAS,MU10RB-SL  H1658-04,4,100,0.67,1.15,1.63,1.1,3.3,0.14,38.5,4.51,,0.6,1.8,2.9,,,,4,7.9,,,,,,,,,,,,,,,,,,,,,,,,,,,,,,,,,,,,,,,,,,,,,,,,,,,,,,,
SEAS,OR002-04,,,,,,,,,,,,,,,,,,,,,,,,,,,,,,,,,,,,,,,,,,,,,,,,,,,,,,,,,,,,,,,,,,,,,,,,,,
SEAS,OR003-04,,,,,,,,,,,,,,,,,,,,,,,,,,,,,,,,,,,,,,,,,,,,,,,,,,,,,,,,,,,,,,,,,,,,,,,,,,
SEAS,OR004-04,,,,,,,,,,,,,,,,,,,,,,,,,,,,,,,,,,,,,,,,,,,,,,,,,,,,,,,,,,,,,,,,,,,,,,,,,,
SEAS,OR005-04,,,,,,,,,,,,,,,,,,,,,,,,,,,,,,,,,,,,,,,,,,,,,,,,,,,,,,,,,,,,,,,,,,,,,,,,,,
SEAS,OR006-04,,,,,,,,,,,,,,,,,,,,,,,,,,,,,,,,,,,,,,,,,,,,,,,,,,,,,,,,,,,,,,,,,,,,,,,,,,
SEAS,SEAS-MCA11FC,8,140,0.72,1.09,2.17,1.3,6.5,,,4,,0.3,1.7,4.7,,,,,,,,,,,,,,,,,,,,,,,,,,,,,,,,,,,,,,,,,,,,,,,,,,,,,,,,,,,,
SEAS,sl26r,,,,,14,,,,,,,,1.63,,,,,,,,,,,,,,,,,,,,,,,,,,,,,,,,,,,,,,,,,,,,,,,,,,,,,,,,,,,,,
SEAS,t25cf-001,6,700,,,,,4.6,0.05,7,0.33,,,,3.5,,,,0.5,,,,,91,,,,,,91,25000,,,,,,,,,,,,,,,,,,,,,,,,,,,,,,,,,,,,,,,,,,,,
SEAS,T25CF002,6,500,,,,,4.6,0.05,7,0.37,,,,3.1,,,,1,,,,,89,,,,,,89,25000,,,,,,,,,,,,,,,,,,,,,,,,,,,,,,,,,,,,,,,,,,,,
SEAS,T27GL001-DXT,6,940,,,,,4.4,0.02,7.5,0.36,,,,3.3,,,,,,,,,94,,,,,,94,25000,,,,,,,,,,,,,,,,,,,,,,,,,,,,,,,,,,,,,,,,,,,,
SEAS,t29cf-002,6,500,,,,,4.7,0.05,8,0.35,,,,3.5,,,,1,,,,,92.5,,,,,,92.5,25000,,,,,,,,,,,,,,,,,,,,,,,,,,,,,,,,,,,,,,,,,,,,
SEAS,T35C002,6,620,,,,,4.6,0.06,11.9,0.47,,,,4.3,,,,1,,,,,95,,,,,,95,25000,,,,,,,,,,,,,,,,,,,,,,,,,,,,,,,,,,,,,,,,,,,,
SEAS,U18RNX/P,8,43,0.37,0.45,2.05,22,5.9,0.25,126,13.4,,1.1,1.78,6.9,,,,12,,,,,88,,,,,,88,4000,,,,,,,,,,,,,,,,,,,,,,,,,,,,,,,,,,,,,,,,,,,,
SEAS,U22REX/P-SL H1659-08,8,29,0.29,0.34,1.77,103,6,0.7,220,19.8,,1.7,2.1,8,,,,8,20,,,,,,,,,,,,203.2,220.726,,,,,186.436,,,,,,,,,,,,,,,,,,,,,,,,,,,,,,,,,,,,,
SEAS,w12cy-001,8,45,0.36,0.42,2.5,6,5.6,0.43,50,7.5,,1.7,0.87,5.4,,,,6,9,,,,84,,,,,,84,3500,,,,,,,,,,,,,,,,,,,,,,,,,,,,,,,,,,,,,,,,,,,,
SEAS,w12cy-003,8,60,0.36,0.44,2.3,4,5.5,0.41,50,6.1,,1.2,1.03,5.5,,,,6,9,,,,85.5,,,,,,85.5,3500,,120.396,,,,,99.06,,,,,,,,,,,,,,,,,,,,,,,,,,,,,,,,,,,,,
SEAS,W12CY-006,,,,,,,,,,,,,,,,,,,,,,,,,,,,,,,,,,,,,,,,,,,,,,,,,,,,,,,,,,,,,,,,,,,,,,,,,,
SEAS,W12CY004-GRAPH,,,,,,,,,,,,,,,,,,,,,,,,,,,,,,,,,,,,,,,,,,,,,,,,,,,,,,,,,,,,,,,,,,,,,,,,,,
SEAS,w15ch001,8,38,0.42,0.5,2.58,14,5.5,0.49,75,9.5,,1.8,0.91,5.1,,,,8,14,,,,85,,,,,,85,3000,,,,,,,,,,,,,,,,,,,,,,,,,,,,,,,,,,,,,,,,,,,,
SEAS,W15CY-001,8,38,0.36,0.43,2.22,14,5.5,0.49,75,9.5,,1.8,1.06,5.5,,,,8,14,,,,85.5,,,,,,85.5,3000,127,,,,,,,,,,,,,,,,,,,,,,,,,,,,,,,,,,,,,,,,,,,
SEAS,w15ly-001,8,49,0.45,0.56,2.21,12,5.7,0.3,75,6.28,,1.7,0.93,4.6,,,,10,20,,,,86.5,,,,,,86.5,4000,,,,,,,,,,,,,,,,,,,,,,,,,,,,,,,,,,,,,,,,,,,,
SEAS,w16nx-001-04,,,,,,,,,,,,,,,,,,,,,,,,,,,,,,,,,,,,,,,,,,,,,,,,,,,,,,,,,,,,,,,,,,,,,,,,,,
SEAS,w16nx-001-08,8,39,0.35,0.41,2.16,14,6.2,0.41,94,13.9,,1.2,1.64,7.3,,,,14,22,,,,,,,,,,,,,,,,,,,,,,,,,,,,,,,,,,,,,,,,,,,,,,,,,,,,,,,
SEAS,W16NX-003,8,39,0.35,0.41,2.16,14,6.2,0.41,94,13.9,,1.2,1.64,7.3,,,,14,22,,,,,,,,,,,,152.4,146,,,,,127,,,,,,,,,,,,,,,,,,,,,,,,,,,,,,,,,,,,,
SEAS,W16NX001,4,39,0.35,0.41,2.16,14,6.2,0.41,94,,,,,7.3,,,,,,,,,85,,,,,,85,,,,,,,,,,,,,,,,,,,,,,,,,,,,,,,,,,,,,,,,,,,,,
SEAS,W16NX001,8,39,0.35,0.41,2.16,13.87525483008,6.2,0.41,94,13.9,,1.2,1.64,7.3,,,,14,,,,,85,,,,,,85,2500,152.4,,,,,,,,,,,,,,,,,,,,,,,,,,,,,,,,,,,,,,,,,,,
SEAS,W16NX005 (TPCD),,,,,,,,,,,,,,,,,,,,,,,,,,,,,,,,,,,,,,,,,,,,,,,,,,,,,,,,,,,,,,,,,,,,,,,,,,
SEAS,w18e-001,8,34,0.42,0.49,2.91,30,6.1,0.65,126,15.5,,1.4,1.2,6.6,,,,10,19,,,,86,,,,,,86,2500,,,,,,,,,,,,,,,,,,,,,,,,,,,,,,,,,,,,,,,,,,,,
SEAS,w18ex-001,8,34,0.26,0.3,1.8,30,6.1,0.65,126,15.5,,1.4,1.94,8.4,,,,10,19,,,,88,,,,,,88,2500,,,,,,,,,,,,,,,,,,,,,,,,,,,,,,,,,,,,,,,,,,,,
SEAS,w18nx-001,8,40,0.34,0.41,2.08,24,6.3,0.43,126,13.7,,1.2,1.77,7,,,,14,22,,,,87.5,,,,,,87.5,3000,,,,,,,,,,,,,,,,,,,,,,,,,,,,,,,,,,,,,,,,,,,,
SEAS,W18NX-003,,,,,,,,,,,,,,,,,,,,,,,,,,,,,,,,,,,,,,,,,,,,,,,,,,,,,,,,,,,,,,,,,,,,,,,,,,
SEAS,W19NX-001,8,34,0.41,0.45,5.3,24,6.2,0.23,136,23.1,,0.95,0.93,8.3,,,,14,26,,,,85.6,,,,,,85.6,2000,,,,,,,,,,,,,,,,,,,,,,,,,,,,,,,,,,,,,,,,,,,,
SEAS,W19NX-004,,,,,,,,,,,,,,,,,,,,,,,,,,,,,,,,,,,,,,,,,,,,,,,,,,,,,,,,,,,,,,,,,,,,,,,,,,
SEAS,w22ex-001,8,25,0.34,0.41,2.14,98,6.1,0.61,220,26.2,,1.5,2.06,8.1,,,,10,21,,,,88,,,,,,88,2000,203.2,,,,,,,,,,,,,,,,,,,,,,,,,,,,,,,,,,,,,,,,,,,
SEAS,W22NX001-GRAPH,,,,,,,,,,,,,,,,,,,,,,,,,,,,,,,,,,,,,,,,,,,,,,,,,,,,,,,,,,,,,,,,,,,,,,,,,,
SEAS,w22ny-001,8,33,0.3,0.36,1.73,71.92479034368,6.1,0.61,220,20,,1.2,2.6,8.8,,,,14,,,,,90,,,,,,90,3000,203.2,,,,,,,,,,,,,,,,,,,,,,,,,,,,,,,,,,,,,,,,,,,
SEAS,W22NY-003,,,,,,,,,,,,,,,,,,,,,,,,,,,,,,,,,,,,,,,,,,,,,,,,,,,,,,,,,,,,,,,,,,,,,,,,,,
SEAS,w26fx-001,8,20,0.35,0.41,2.34,162,6.3,1.43,330,56.3,,1.1,3.21,10.7,,,,14,35,,,,87,,,,,,87,1000,,,,,,,,,,,,,,,,,,,,,,,,,,,,,,,,,,,,,,,,,,,,
SEAS,w26fx-002,8,31,0.39,0.47,2.55,87,6.2,0.81,330,42.4,,0.6,3.52,10.9,,,,14,35,,,,89,,,,,,89,1000,,,,,,,,,,,,,,,,,,,,,,,,,,,,,,,,,,,,,,,,,,,,
SEAS,X1-04,4,31,0.39,0.43,4.24,146,3,0.05,222,10.5,,2.5,0.57,4.2,,,,4.2,14,,,,96,,,,,,96,20000,,,,,,,,,,,,,,26,7.8,,12,,,,,,,,,,,,,,,,,,,,,,,,,,,
SEAS,X1-04-F8,4,31,0.39,0.43,4.24,146,3,0.05,222,10.5,,2.08,0.57,4.2,,,,4.2,,,,,96,,,,,,96,,,,,,,,,,,,,,,,,,,,,,,,,,,,,,,,,,,,,,,,,,,,,
SEAS,X1-08,8,32,0.44,0.5,4.2,143,5.7,0.07,222,10,,2.5,0.57,5.25,,,,4.2,14,,,,93,,,,,,93,20000,,,,,,,,,,,,,,26,7.8,,12,,,,,,,,,,,,,,,,,,,,,,,,,,,
SEAS,X2-08,8,36,0.24,0.25,5.1,78,6,0.43,212,13.9,,1.2,0.7,9.2,,,,6,22,,,,94,,,,,,94,3000,203.2,,,,,,,,,,,,,39,12,,6,,,,,,,,,,,,,,,,,,,,,,,,,,,
SEAS,X3-06,6,600,,,,,4.6,0.06,11.9,0.47,,,,3.9,,,,1,,,,,94,,,,,,94,,,,,,,,,,,,,,,35,2,,3,,,,,,,,,,,,,,,,,,,,,,,,,,,
SEAS,XM001-04,4,25,0.42,0.45,5.6,56,3.3,0.73,342,118,,0.34,3.31,12,,,,28,56,,,,88,,,,,,,,254,268.986,,,,,235.966,,,,,,,56,38,,10,,,,,,,,,,,,,,,,,,,,,,,,,,,
SEAS,XM003,,16,,,,93,,,363,260,,0.5,,,,,,,,,,,,,,,,,,,,,,,,,,,,,,,,,,,,,,,,,,,,,,,,,,,,,,,,,,,,,,
SEAS,XM004-04,4,26,0.27,0.29,3.94,40,3.5,2.33,342,160,,0.24,6.53,17.7,,,,30,56,,,,86,,,,,,86,,,,,,,,,,,,,,,56,40,,10,,,,,,,,,,,,,,,,,,,,,,,,,,,
SEAS,XM006-04S,,,,,,,,,,,,,,,,,,,,,,,,,,,,,,,,,,,,,,,,,,,,,,,,,,,,,,,,,,,,,,,,,,,,,,,,,,
Silver Flute,w14rc25,,43.5,0.35,0.39,3.27,18.9,7.3,,87,7.58,,,,6.24,,,,,,,,,,,,,,,,,,,,,,,,,,,,,,,,,,,,,,,,,,,,,,,,,,,,,,,,,,,,
Silver Flute,w14rc25-4,,42.5,0.28,0.31,3.7,19,3.7,,87,7.95,,,,5.07,,,,,,,,,,,,,,,,,,,,,,,,,,,,,,,,,,,,,,,,,,,,,,,,,,,,,,,,,,,,
Silver Flute,w17rc38-08,,40.5,0.29,0.36,1.52,28.2,7.3,,132,13.57,,,,8.26,,,,,,,,,,,,,,,,,,,,,,,,,,,,,,,,,,,,,,,,,,,,,,,,,,,,,,,,,,,,
Silver Flute,w17rc38-4,,37.5,0.24,0.28,1.52,25.6,3.7,,132,17.4,,,,7.31,,,,,,,,,,,,,,,,,,,,,,,,,,,,,,,,,,,,,,,,,,,,,,,,,,,,,,,,,,,,
Silver Flute,w20rc38-08,,30.8,0.23,0.28,1.3,83.3,7.3,,214,20.9,,,,10.1,,,,,,,,,,,,,,,,,,,,,,,,,,,,,,,,,,,,,,,,,,,,,,,,,,,,,,,,,,,,
Silver Flute,w20rc38-4,,31,0.23,0.27,1.51,72.3,3.7,,214,23.7,,,,7.9,,,,,,,,,,,,,,,,,,,,,,,,,,,,,,,,,,,,,,,,,,,,,,,,,,,,,,,,,,,,
Supravox,135LB,8,80,0.3,0.3,3.6,,,,86.5,3.3,,,,,6,,,,,,,,95,35,,,,,,,130,,,,,,,,,,,,,,,,,,,,,,,,,,,,,,,,,,,,,,,,,,,
Supravox,165-2000,4,75,0.74,0.8,9,32,4.1,,165,5.5,,,,,10,,,,,,,,94,35,,,,,,,160,,,,,,,,,,,,,,,,,,,,,,,,,,,,,,,,,,,,,,,,,,,
Supravox,165EXC,4,78,,,,,,,165,,,,,,5,,,,,,,,95,35,,,,,,,160,,,,,,,,,,,,,,,,,,,,,,,,,,,,,,,,,,,,,,,,,,,
Supravox,165GMF,8,64,0.38,0.4,9,33,5.5,,165,5,,,,,6,,,,,,,,96,35,,,,,,,160,,,,,,,,,,,,,,,,,,,,,,,,,,,,,,,,,,,,,,,,,,,
Supravox,165LB,4,64,0.42,0.46,4.8,33,4,,165,5.5,,,,,6,,,,,,,,95,35,,,,,,,160,,,,,,,,,,,,,,,,,,,,,,,,,,,,,,,,,,,,,,,,,,,
Supravox,215 HÉRITAGE Speaker Driver Woofer / Midrange 25W 8 Ohm 97.5dB 60Hz-10kHz,8,64,0.63,0.71,5.67,65,5.5,0.3,263,9.4,,,,5.4,3.2,,,,,,,,97.5,25,,,,,97.5,,224,,,,157,,212,,,,,,,25,,,,,,,,,,,,,,,,,,,,,,,,,,,,,,
Supravox,215-2000,4,47,0.23,0.24,8,121,4,,283,7,,,,,10,,,,,,,,99,20,,,,,,,210,,,,,,,,,,,,,,,,,,,,,,,,,,,,,,,,,,,,,,,,,,,
Supravox,215EXC,4,50,,,,,,,283,,,,,,5,,,,,,,,99,20,,,,,,,210,,,,,,,,,,,,,,,,,,,,,,,,,,,,,,,,,,,,,,,,,,,
Supravox,215GMF,8,54,0.36,0.38,8.57,60,8,0.73,253,13,,,,,3.7,,,,,,,,97,40,,,,,,1000,210,,,,,,208,,,,,,,,,,,,,,,,,,,,,,,,,,,,,,,,,,,,,
Supravox,215RTF64,8,60,0.58,0.6,7,80,6.5,,263,8.5,,,,,4,,,,,,,,97,35,,,,,,,210,,,,,,,,,,,,,,,,,,,,,,,,,,,,,,,,,,,,,,,,,,,
Supravox,215S,8,50,0.8,0.9,8,85,6.5,,263,8,,,,,8,,,,,,,,94,35,,,,,,,210,,,,,,,,,,,,,,,,,,,,,,,,,,,,,,,,,,,,,,,,,,,
Supravox,215SBIC,8,50,0.8,0.9,8,85,5.5,,263,10,,,,,8,,,,,,,,93,35,,,,,,,210,,,,,,,,,,,,,,,,,,,,,,,,,,,,,,,,,,,,,,,,,,,
Supravox,285-2000 MK2,8,60,0.31,0.32,7,135,6.5,,442.77,14.5,,,,10.45,3.5,,,,,,,,101,70,,,,,,,280,,,,180,,,,,,,,,,,,,,,,,,,,,,,,,,,,,,,,,,,,,,,
Supravox,285EXC MK2,8,50,,,,,,,471,,,,,,4,,,,,,,,102,70,,,,,,,280,,,,,,,,,,,,,,,,,,,,,,,,,,,,,,,,,,,,,,,,,,,
Supravox,285GMF,8,47,0.38,0.39,8,150,6.5,,471,20,,,,,8,,,,,,,,99,70,,,,,,,280,,,,120,,,,,,,,,,,,,,,,,,,,,,,,,,,,,,,,,,,,,,,
Supravox,400-2000,8,22,,,,,6.5,,855,66,,0.5,,,10,,,,,,,,98,120,,,,,,,404,,,,215,,358,,,,,,,,,,,,,,,,,,,,,,,,,,,,,,,,,,,,,
Supravox,400-2000,8,23,0.27,0.28,9,,6.5,,855,70,,,,,10,,,,,,,,96,120,,,,,,,400,,,,,,,,,,,,,,,,,,,,,,,,,,,,,,,,,,,,,,,,,,,
Supravox,400EXC,8,23,,,,,,,855,,,,,,10,,,,,,,,99,120,,,,,,,400,,,,,,,,,,,,,,,,,,,,,,,,,,,,,,,,,,,,,,,,,,,
Supravox,400GMF,8,26,0.32,0.33,10,,6.5,,855,70,,,,,10,,,,,,,,96,120,,,,,,,350,,,,165,,358,,,,,,,,,,,,,,,,,,,,,,,,,,,,,,,,,,,,,
Supravox,TG1,4,1200,,,,,3.9,,,,,,,,,,,,,,,,98,50,,,,,,,25,,,,40,,,,,,5,,,,,,,,,,,,,,,,,,,,,,,,,,,,,,,,,
Supravox,TG1-8,8,1200,,,,,6.1,,,,,,,,,,,,,,,,,,,,,,,,,,,,40,,,,,,,,,,,,,,,,,,,,,,,,,,,,,,,,,,,,,,,
Sure Electronics - Wondom,AA-SP15113,8,,,,,,7.5,1.31,,,,,,,,2,,,,,,,80,15,,,,,,,76.2,,,,,,,,,,,,,,,,,,,,,,,,,,,,,,,,,,,,,,,,,,,
Sure Electronics - Wondom,AA-SP15117,6.25,130,,,,,5.6,0.0247,,,,,,,,,,,,,,,84.5,10,,,,,,1000,63,,,,,,,,,,,,,,,,,,,,,208,94,,,,,,,,,,,,,,,,,,,,,
Tang Band,SW8622-0,4,90,,,,,,,,,,,,,,,,,,,,,,30,,,,,,,,,,,,,,,,,,,,,,,,,,,,175,88.5,62.5,,,,,,,,,,,,,,,,,,,,
Tang Band,T-2121SD,4,78,,,,,,,,,,,,,,,,,,,,,79,6,,,,79,,,46,,,,,,,,,,,,,28,,,,,,,,157,54,29.5,,,,,,,,,,,,,,,,,,,,
Tang Band,T1-1925S,4,78,,,,,,,,,,,,,,,,,,,,,76,1,,,,76,,,25,,,,,,,,,,,,,,,,,,,,,,,,,,,,,,,,,,,,,,,,,,,
Tang Band,T1-1942S,4,78,,,,,,,,,,,,,,,,,,,,,81,4,,,,,,,25,,,,,,,,,,,,,,,,,,,,,,,,,,,,,,,,,,,,,,,,,,,
Tang Band,W1-2396S,4,180,0.59,0.8,2.21,0.12,3.6,0.042,9.6,0.9,0.9,,,2.13,1.1,,,,,,,,81,3,,,,81,,,,46,,,11.9,,,,,,,,,19.4,,,,,,,,,,,,,,,,,,,,,,,,,,,,,,
Tang Band,W3-1876S,4,55,0.43,0.5,3.17,0.88,3.6,0.19,27,9.98,9.9,0.738,,5.28,5,,13.5,,,,,,76,15,,,,,,,76,,,,65.8,,,84,,6,,,,,,,,59,,,,93.1,65.8,,,,,,,,,,,,,,,,,,,,,
Tang Band,W3-2108,4,45,0.46,0.51,4.67,1.699010796,3.6,0.21,,,,,,6.17,7,,,,,,,,,25,,,,,,,,,,,,,,,,,,,,,,,,,,,,,,,,,,,,,,,,,,,,,,,,,,
Tang Band,W3-2141,8,75,0.39,0.46,2.51,3.284754204672,6.5,0.02,32.09,1.996,,2.25,,3.64,0.5,,,,,,,,,,,,,,,,88.9,92.075,,,57.15,,74.168,,,4,,,,20.32,,,,,,,,,,,,,,,,,,,,,,,,,,,,,,
Tang Band,W3-871SC,8,110,0.59,0.71,3.4,1.65,,,32,2,,,,3.51,0.5,,,,,,,,86,12,,,,,,,93,93,,,60.5,,71.5,,,,,,,18,,,6,,,,,,,,,,,,,,,,,,,,,,,,,,,
Tang Band,W3-881SJF,8,100,0.39,0.41,6.44,1.982179261,6.6,0.081,32,2,,1.32,,4.47,0.5,,,,,,,,85,15,,3,,88,,,76.2,,,,,,,,,,,,,20.4,,,6,,,,,,,,,,,,,,,,,,,,,,,,,,,
Tang Band,W4-1052SDF,4,70,0.42,0.46,4.8,5.21,3.8,0.077,57,4.61,4.61,,,4.1,2.6,,,,,,,,87,20,,,,,,,101.6,116,,,64,,,,,,,,,25.4,,,,,,,,,,,,,,,,,,,,,,,,,,,,,,
Tang Band,W4-1320SIF,8,75,0.36,0.42,2.52,5.09703238656,6.3,0.02,57,3.99,,1.13,,5.31,3,,,,,,,,88,,,,,88,,,101.6,125.476,,,82.296,,94.996,,,4,,,,25.4,,,10,,,,,,,,,,,,,,,,,,,,,,,,,,,
Tang Band,W4-1337SDF,8,70,0.34,0.4,2.04,5.663369318,6.3,0.03,57,3.99,,1.21,,5.32,2.5,,,,,,,,89,25,,4,,89,,,101.6,,,,,,,,,,,,,25.4,,,10,,,,,,,,,,,,,,,,,,,,,,,,,,,
Tang Band,W4-1720,4,60,0.42,0.51,2.33,5.946537784,3.8,0.04,57,5,,0.13,,3.82,5,,,,,,,,,30,,4,,,,,101.6,,,,,,,,,,,,,,,,,,,,,,,,,,,,,,,,,,,,,,,,,,,
Tang Band,W4-2089,4,35,0.33,0.36,4.64,3.964358523,3.6,0.19,75,34.92,,,,9.24,8,,,,,,,,,40,,,,,,,,,,,,,,,,,,,,,,,,,,,,,,,,,,,,,,,,,,,,,,,,,,
Tang Band,W4-2142,8,60,0.33,0.39,2.2,6.41,,,57,4.61,,,,5.41,2.4,,,,,,,,88,25,,,,,,,125.5,125.5,,,81.5,,95,,,,,,,25.4,,,10,,,,,,,,,,,,,,,,,,,,,,,,,,,
Tang Band,W4-2315,4,65,0.29,0.31,3.68,4.96,,,69,8.09,,,,6.2,2.8,,,,,,,,88,30,,,,,,,114,114,,,76.87,,63.87,,,,,,,32,,,12,,,,,,,,,,,,,,,,,,,,,,,,,,,
Tang Band,W4-2414,8,65,0.4,0.47,2.77,3.87,6.3,0.032,52,5.06,5.06,1.007,,5.49,2.5,,,,,,,,87,25,,,,87,,,115,,,,,,,,,,,,,25.4,,,,,,,,,,,,,,,,,,,,,,,,,,,,,,
Tang Band,W4-2417,8,65,0.44,0.52,2.87,4.56,6.3,0.032,57,5.56,5.56,,,5.36,2.5,,,,,,,,86,25,,,,86,,,115,,,,,,,,,,,,,25.4,,,,,,,,,,,,,,,,,,,,,,,,,,,,,,
Tang Band,W4-655F,8,70,0.33,0.35,4.35,,6,0.43,57,,,,,5.73,3,,,,,,,,,,,,,,,,203.2,125,,,89,,,,5.5,4,,,,25,,,,,,,,,,,,,,,,,,,,,,,,,,,,,,
Tang Band,W5-1138SMF,4,45,0.49,0.57,3.56,4.813863921,3.4,0.34,94,28.81,,0.37,,7.17,9.25,,,,,,,,82,40,,,,,,,,155.956,,,93.218,,120.396,,,4,,,,31.75,,,,,,,,,,,,,,,,,,,,,,,,,,,,,,
Tang Band,W5-1611SAF,8,60,0.44,0.52,2.8,11.69,6.3,0.023,94,5.99,5.3,1.307,,5.53,3,,28.2,,,,,,90,15,,5,,90,,,127,157,,,87.4,,131,,,4,,,,25.4,,,,,,,,,,,,,,,,,,,,,,,,,,,,,,
Tang Band,W5-2053,4,35,0.33,0.36,4.64,3.964358523,3.6,0.19,75,39.92,,,,9.31,8,,,,,,,,,40,,5,,,,,127,,,,,,,,,,,,,,,,,,,,,,,,,,,,,,,,,,,,,,,,,,,
Tang Band,W5-704D,8,55,0.38,0.46,2.07,11.609907103,6,0.06,94,7.98,,0.92,,6.17,3.3,,,,,,,,,28,,,,,,,,,,,,,,,,,,,,,,,,,,,,,,,,,,,,,,,,,,,,,,,,,,
Tang Band,W6-1139SIF,4,35,0.4,0.47,2.65,11.78,3.6,0.47,140,39.91,,0.6,,8.47,11.5,,161,,,,,,83,50,,,,83,,,165,176.5,,,110,,141.478,,,4,,,,,,,6,,,,,,,,,,,,,,,,,,,,,,,,,,,
Tang Band,W6-1721,4,40,0.43,0.49,3.58,29.38,3.4,0.084,140,14.97,,,,5.12,8,,,,,,,,88,50,,,,88,,,152.4,,,,,,,,,,,,,38.5,,,,,,,,,,,,,,,,,,,,,,,,,,,,,,
Tang Band,W6-2090,2,50,0.49,0.55,4.1,13.025749432,1.8,0.45,124.5,17,,0.61,,4.14,4.8,,,,,,,,,30,,,,,,,,,,,,,,,,,,,,,,,,,,,,,,,,,,,,,,,,,,,,,,,,,,
Tang Band,W6-2144,8,45,0.45,0.62,1.73,34.6,6.8,0.01,140,8.98,8.98,,,5.45,3,,,,,,,,89,35,,,,,,,165.1,176.5,,,97.5,,,,,,,,,38.5,,,,,,,,,,,,,,,,,,,,,,,,,,,,,,
Tang Band,W8-1772,8,42,0.27,0.36,1.02,94.45,6.8,0.009,220,10.11,,1.374,,7.12,3,,,,,,,,95,30,,,,95,,,,,,,111,,190,,,8,,,,38.5,,,10,,,,,,,,,,,,,,,,,,,,,,,,,,,
Tang Band,W8-2096B,4,35,0.39,0.46,2.8,41.059427558,3.6,0.262,220,34.92,,0.596,,7.78,8.5,,,,,,,,,80,,8,,,,,203.2,,,,,,,,,,,,,,,,,,,,,,,,,,,,,,,,,,,,,,,,,,,
Tang Band,W8-2314,4,38,0.46,0.54,2.93,49.46,3.6,0.063,220,22.25,,,,6.08,6,,,,,,,,,,,,,,,,203.2,223.52,,,93.98,,182.626,210.058,,6,,,,44.45,,,,,,,,,,,,,,,,,,,,,,,,,,,,,,
Tectonic,TEAX14C02-8,8,600,,,,,7.8,0.13,,12.99,,,,2.4,,,,,,,,,,0.8,,,,,,,14,,,,9.85,,,,,,,,,14,,,,,,,,,,,,,,,,,,,,,,,,,,,,,,
Tectonic,TEAX32C20-8,8,400,,,,,7.4,1,,3.4,,,,7.4,,,,,,,,,,,,,,,,,,51.2,,,22.5,,,,,,,,,32,,,,,,,,,,,,,,,,,,,,,,,,,,,,,,
Tectonic,TEBM35C10-4,4,145,0.83,1.06,3.84,0.17839613353,4.2,0.05,11.04,1.11,,1.085,0.27,2,2.5,,,,,,,,80,10,,,,80,,,,51.8,,,,,42.9,48.3,,4,,,,20.32,,,,,,,,,,,,,,,,,,,,,,,,,,,,,,
Tectonic,TEBM65C20F-4,4,97,0.83,0.94,7,0.9910896307,3.8,0.03,37.2,,,0.47,,3.75,10,,,,,,,,81,30,,,,,81,,76,,,,,,,,,6,,,,25.4,,,,,,,,,,,,,,,,,,,,,,,,,,,,,,
Tectonic,TEBM65C20F-8,8,92,,,,1.01,7.41,0.058,37.2,5.77,,0.52,0.56,4.34,3.5,,,,,,,,81,20,,,,81,,10000,89,108,,,47.7,,86.4,,,6,,,,,,,,,,,,,,,,,,,,,,,,,,,,,,,,,,
Viawave,GRT-145-4,4,,,,,,0.06,,,,,,,,,,,,,,,,98,17,40,,,,98,,,,,,,,,,,,,,,,,,,,,,,,,,,,,,,,,,,,,,,,,,,,,
Viawave,GRT-145-8,8,,,,,,0.06,,,,,,,,,,,,,,,,95,17,40,,,,95,,,,,,,,,,,,,,,,,,,,,,,,,,,,,,,,,,,,,,,,,,,,,
Viawave,GRT-145W-8,8,,,,,,0.06,,,,,,,,,,,,,,,,95,17,40,,,,95,,,,,,,,,,,,,,,,,,,,,,,,,,,,,,,,,,,,,,,,,,,,,
Viawave,SRT-7,8,,,,,,0.06,,,,,,,,,,,,,,,,,17,,,,,,,,,,,,,,,,,,,,,,,,,,,,,,,,,,,,,,,,,,,,,,,,,,
Vifa,BC14SG49-08,,63,0.46,0.55,,9.6,5.6,,80,6,,,,4.9,,,,,,,,,,,,,,,,,,,,,,,,,,,,,,,,,,,,,,,,,,,,,,,,,,,,,,,,,,,,
Vifa,BC14WG49-08,,63,0.47,0.55,2.97,9.6,5.6,0.63,80,6,,,,4.9,,,,,,,,,87,,,,,,87,,,,,,,,,,,,,,,,,,,,,,,,,,,,,,,,,,,,,,,,,,,,,
Vifa,BC18WG49-08,,46.9,0.54,0.67,2.68,31,5.7,0.82,138,10,,,,5,,,,,,,,,87,,,,,,,,,,,,,,,,,,,,,,,,,,,,,,,,,,,,,,,,,,,,,,,,,,,
Vifa,BC25SC06-04,4,1394.91,1.17,1.76,3.45,,2.9,0.02,4.9,0.3,,0.0425,,2.05,0,,,,,,,,1,,,,,1,1,,,,,,,,,,,,,,,,,,,,,,,,,,,,,,,,,,,,,,,,,,,,,
Vifa,BC25SC08-04,4,1663,1.17,1.53,4.93,,2.79,0.02,5.1,0.2,,0.0443,,1.98,0,,,,,,,,94.9,100,,,,1,94.9,,,,,,,,,,,,,,,,,,,,,,,,,,,,,,,,,,,,,,,,,,,,,
Vifa,BC25SC15-04,,,1.12,1.89,2.76,,,0.02,6.6,0.4,,0.0332,,2.26,0,,,,,,,,1,,,,,1,1,,,,,,,,,,,,,,,,,,,,,,,,,,,,,,,,,,,,,,,,,,,,,
Vifa,BC25SC55-04,,,1.24,1.83,3.82,0.003,,0.02,7.1,0.4,,0.036,,,0,,,,,,,,,,,,,,,,,,,,,,,,,,,,,,,,,,,,,,,,,,,,,,,,,,,,,,,,,,,
Vifa,BC25SG-15,,,,,,,,,,,,,,,,,,,,,,,,,,,,,,,,,,,,,,,,,,,,,,,,,,,,,,,,,,,,,,,,,,,,,,,,,,
Vifa,D19TD05-08,8,1687,0.69,1.94,1.08,,6.33,0.02,4.2,0.2,,0.0434,,2.66,0.4,,,,,,,,87.5,100,,,,1,87.5,,,,,,,,,,,,,,,,,,,,,,,,,,,,,,,,,,,,,,,,,,,,,
Vifa,D75MX-41,,300,,2.22,7.75,,5.65,,55,3.3,,,,4.7,,,,,,,,,92,,,,,,92,,,,,,,,,,,,,,,,,,,,,,,,,,,,,,,,,,,,,,,,,,,,,
Vifa,M11MH-09-08,,,,,,,,,,,,,,,,,,,,,,,,,,,,,,,,,,,,,,,,,,,,,,,,,,,,,,,,,,,,,,,,,,,,,,,,,,
Vifa,M22WR-09-06,6,30,0.33,0.38,2.73,55,4.3,1.1,,,,,,,,,,,,,,,,,,,,,,,,,,,,,,,,,,,,,,,,,,,,,,,,,,,,,,,,,,,,,,,,,,
Vifa,MG18WK-Z4,,,,,,,,,,,,,,,,,,,,,,,,,,,,,,,,,,,,,,,,,,,,,,,,,,,,,,,,,,,,,,,,,,,,,,,,,,
Vifa,MG18WK09-08,,34,0.34,0.41,1.96,45,5.85,0.88,138,13,,,,6.2,,,,,,,,,86.5,,,,,,86.5,,,,,,,,,,,,,,,,,,,,,,,,,,,,,,,,,,,,,,,,,,,,,
Vifa,NE123-W08,,,,,,,,,,,,,,,,,,,,,,,,,,,,,,,,,,,,,,,,,,,,,,,,,,,,,,,,,,,,,,,,,,,,,,,,,,
Vifa,NE19VTS-04,,,1.36,2.27,3.4,0.01,,0.01,4.9,0.21,,0.2229,,,0.1,,,,,,,,,,,,,,,,,,,,,,,,,,,,,,,,,,,,,,,,,,,,,,,,,,,,,,,,,,,
Vifa,NE225W-04,,,0.33,0.35,9.8,44.82,,0.16,227,37.21,,0.6195,,,7.5,,,,,,,,,,,,,,,,,,,,,,,,,,,,,,,,,,,,,,,,,,,,,,,,,,,,,,,,,,,
Vifa,NE25VTS-04,,,0.89,1.12,4.4,0.01,,0.01,8,0.36,,0.13,,,0.1,,,,,,,,,,,,,,,,,,,,,,,,,,,,,,,,,,,,,,,,,,,,,,,,,,,,,,,,,,,
Vifa,NE65W-04,,,0.65,0.74,5,0.18,,0.04,14.7,1.58,,0.5837,,,1.65,,,,,,,,,,,,,,,,,,,,,,,,,,,,,,,,,,,,,,,,,,,,,,,,,,,,,,,,,,,
Vifa,P14WH06-04,,,,,,,,,,,,,,,,,,,,,,,,,,,,,,,,,,,,,,,,,,,,,,,,,,,,,,,,,,,,,,,,,,,,,,,,,,
Vifa,PL11WH09-08,8,69,0.32,0.39,1.7,4.25,5.6,0.45,58,5.9,,,,,,,,,,,,,,,,,,,,,,,,,,,,,,,,,,,,,,,,,,,,,,,,,,,,,,,,,,,,,,,,
Vifa,PL14WJ09-08,,47,0.38,0.46,,13,5.8,,80,8.2,,,,5.5,,,,,,,,,,,,,,,,,,,,,,,,,,,,,,,,,,,,,,,,,,,,,,,,,,,,,,,,,,,,
Vifa,PL22WR06-08,,,,,,,,,,,,,,,,,,,,,,,,,,,,,,,,,,,,,,,,,,,,,,,,,,,,,,,,,,,,,,,,,,,,,,,,,,
Vifa,SC18SG-49-08,,,,,,,,,,,,,,,,,,,,,,,,,,,,,,,,,,,,,,,,,,,,,,,,,,,,,,,,,,,,,,,,,,,,,,,,,,
Vifa,TC-18WK07-08,,,,,,,,,,,,,,,,,,,,,,,,,,,,,,,,,,,,,,,,,,,,,,,,,,,,,,,,,,,,,,,,,,,,,,,,,,
Vifa,TC14SG27-12,,,,,,,,,,,,,,,,,,,,,,,,,,,,,,,,,,,,,,,,,,,,,,,,,,,,,,,,,,,,,,,,,,,,,,,,,,
Vifa,TC14SG48-08,,,,,,,,,,,,,,,,,,,,,,,,,,,,,,,,,,,,,,,,,,,,,,,,,,,,,,,,,,,,,,,,,,,,,,,,,,
Vifa,TC14WG05-08,,,,,,,,,,,,,,,,,,,,,,,,,,,,,,,,,,,,,,,,,,,,,,,,,,,,,,,,,,,,,,,,,,,,,,,,,,
Vifa,TC14WG67-08,,,,,,,,,,,,,,,,,,,,,,,,,,,,,,,,,,,,,,,,,,,,,,,,,,,,,,,,,,,,,,,,,,,,,,,,,,
Vifa,TC18WG-09-08,8,37,0.47,0.58,2.62,,5.5,0.75,138,11.2,,,,,,,,,,,,,,,,,,,,,,,,,,,,,,,,,,,,,,,,,,,,,,,,,,,,,,,,,,,,,,,,
Vifa,TC18WG-69-08,,37,0.47,0.58,2.62,44,5.5,0.75,138,11.2,,,,5,,,,,,,,,86,,,,,,86,,,,,,,,,,,,,,,,,,,,,,,,,,,,,,,,,,,,,,,,,,,,,
Vifa,TC18WK07-12,,,,,,,,,,,,,,,,,,,,,,,,,,,,,,,,,,,,,,,,,,,,,,,,,,,,,,,,,,,,,,,,,,,,,,,,,,
Vifa,XT25TG-30-04,,,0.44,0.54,2.5,0.04,,0.01,8.2,0.36,,0.3665,,,0.65,,,,,,,,,,,,,,,,,,,,,,,,,,,,,,,,,,,,,,,,,,,,,,,,,,,,,,,,,,,
Visaton,80X80MM,8,,,,,,,,,,,,,,,,,,,,,,,50,,,,,,,80,,,,19,,,,,,,,,35.6,,,,,,,,,,,,,,,,,,,,,,,,,,,,,,
Visaton,AL130,8,43,0.38,0.42,4.37,13,5.6,0.9,79,9,,,,5.6,8.5,8.5,,,,,,,87,,60,,,,,,,,,,58,,114,,,,,,,25,18,,,,,,,153,,,,,,,,,,,,,,,,,,,,,,
Visaton,AL130M,8,57,0.46,0.52,4.39,9.1,5.4,0.8,79,7.4,,,,5.6,5.5,5.5,,,,,,,90,,60,,,,,,,,,,58,,115,,,,,,,25,12,,,,,,,153,,,,,,,,,,,,,,,,,,,,,,
Visaton,AL170,8,38,0.39,0.43,3.88,34,5.6,0.9,133,13,,,,6.9,11,11,,,,,,,88,,70,,,,,,,,,,63,,150,,,,,,,25,18,,,,,,,180,,,,,,,,,,,,,,,,,,,,,,
Visaton,AL200,8,32,0.35,0.39,3.73,77,6.6,1.2,216,21,,,,8.8,10,,,,,,,,88,,120,,,,,,,,,,90,,189,,,,,,,38,20,,,,,,,222,,,,,,,,,,,,,,,,,,,,,,
Visaton,B100,6,75,0.52,0.54,10.13,5.27,5.8,0.36,54.1,3.2,,1.6,,4.1,7,,,,,,,,88,,30,,,,,,,,,,95,,,,,,,,,26,6.3,,,,,,,121.5,,,,,,,,,,,,,,,,,,,,,,
Visaton,B200,6,40,0.75,0.83,8.39,102,5,0.5,214,9.7,,,,3.9,3.5,3.5,,,,,,,96,,40,,,,,,,,,,86,,189,,,,,,,25,4,,,,,,,222,,,,,,,,,,,,,,,,,,,,,,
Visaton,B80,8,110,0.63,0.69,6.53,1.8,6.6,,38.5,2.8,,0.87,,4.15,2.2,,,,,,,,85,,30,,,,,,,,,,47,,89,,,,,,,25,7.5,,,,,,,104,,,,,,,,,,,,,,,,,,,,,,
Visaton,BF32,8,280,,,,,,,,,,,,,,,,,,,,,78,2,,,,78,,,32,,,,,,31.5,,,,,,,20,3,,,,,,,,,,,,,,,,,,,,,,,,,,,,,
Visaton,BG13,8,168,1.04,1.58,3.06,2.01,5.2,0.65,,3,,,,3.2,2,2,,,,,,,92,,20,,,,,,,,,,40,,110,,,,,,,20,4.5,,,,,,,131,,,,,,,,,,,,,,,,,,,,,,
Visaton,BG17,8,120,0.74,0.98,2.94,8.2,6.3,0.7,143,6.5,,,,5.7,2,2,,,,,,,93,,40,,,,,,,,,,57,,146,,,,,,,20,7,,,,,,,165,,,,,,,,,,,,,,,,,,,,,,
Visaton,BG20,8,38,0.44,0.51,3.47,110,6.2,0.8,214,10,,,,6.1,4,6,,,,,,,92,,40,,,,,,,,,,82,,184,,,,,,,25,8,,,,,,,205,,,,,,,,,,,,,,,,,,,,,,
Visaton,BSX 130 WP,4,,,,,,,,,,,,,,,,,,,,,,,,,,,,,,,,,,45,,,,,,,,,,,,,,,,,,,,,,,,,,,,,,,,,,,,,,,
Visaton,CP 13 4 OHM Polycarbonat Pair!,4,2400,,,,,3.3,0.4,,,,,,,,,,,,,,,86,,60,,,,,,,,,,20,,33.5,,,,,,,13,1.5,,,,,,,30,30,,,,,,,,,,,,,,,,,,,,,
Visaton,DL 8 ES 8 Ohm,8,173,0.94,1.43,2.72,,,0.48,31,6.7,,,,,,,,,,,,,84,,10,,,84,,,,,,,,,93,,,,,,,20,4,,,,,,,,,,,,,,,,,,,,,,,,,,,,,
Visaton,DSM25FFL,8,1600,0.92,1.87,1.83,,5.9,,4.9,0.28,,,,,,,,,,,,,90,,80,,,,,,,,,,24,,80,,,,,,,25,2,,,,,,,96,96,,,,,,,,,,,,,,,,,,,,,
Visaton,DSM50FFL,8,430,0.44,0.7,1.19,0.05,6.7,0.16,20,1.2,,,,,,,,,,,,,90,,120,,,,,,,,,,48,,106,,,,,,,50,3,,,,,,,130,130,,,,,,,,,,,,,,,,,,,,,
Visaton,DT 94 Polycarbonat 4 Ohm,4,1900,0.5,0.6,3,,3.1,0.09,3,0.2,,,,,,,,,,,,,90,,70,,,,,,,,,,19,,64,,,,,,,20,2,,,,,,,94,,,,,,,,,,,,,,,,,,,,,,
Visaton,DT 94 Polycarbonat 8 Ohm,8,1900,0.54,0.66,3.07,,6.7,0.12,3,0.2,,,,,,,,,,,,,90,,70,,,,,,,,,,19,,64,,,,,,,20,2,,,,,,,94,,,,,,,,,,,,,,,,,,,,,,
Visaton,DTW72,,3000,,,,,,,,,,,,,,,,,,,,,,,,,,,,,,,,,,,,,,,,,,,,,,,,,,,,,,,,,,,,,,,,,,,,,,,,
Visaton,EX 30 S - 8,8,,,,,,,,,,,,,,,,,,,,,,,,,,,,,,,30,,,,,,,,2,,,,20.5,,,,,,,,,,,,,,,,,,,,,,,,,,,,,,
Visaton,EX 45 S - 4,4,,,,,,,,,,,,,,,,,,,,,,,,,,,,,,,,,,16.5,,,,,4,,,,25.4,,,,,,,,38,46,,,,,,,,,,,,,,,,,,,,,
Visaton,EX 45 S - 8,8,,,,,,,,,,,,,,,,,,,,,,,,,,,,,,,46,,,16.5,,,,,,,,,25.4,,,,,,,,,,,,,,,,,,,,,,,,,,,,,,
Visaton,EX 60 R - 8,8,,,,,,,,,,,,,,,,,,,,,,,,,,,,,,,70,,,,,,,,,,,,32.6,,,,,,,,,,,,,,,,,,,,,,,,,,,,,,
Visaton,EX 60 S - 4,4,,,,,,,,,,,,,,,,,,,,,,,,,,,,,,,,,,21,,,,,4,,,,,,,,,,,,,,,,,,,,,,,,,,,,,,,,,,
Visaton,EX 60 S - 8,8,,,,,,,,,,,,,,,,,,,,,,,,,,,,,,,,,,21,,,,,4,,,,,,,,,,,,,,,,,,,,,,,,,,,,,,,,,,
Visaton,EX 60 XWP - 8,8,,,,,,,,,,,,,,,,,,,,,,,,,,,,,,,,,,28,,,,,,,,,32.5,,,,,,,,,,,,,,,,,,,,,,,,,,,,,,
Visaton,EX 80 S - 8,8,,,,,,,,,,,,,,,,,,,,,,,,,,,,,,,80,,,21,,,,,,,,,35.6,,,,,,,,,,,,,,,,,,,,,,,,,,,,,,
Visaton,EX-60S,8,,,,,,,,,,,,,,,,,,,,,,,25,,,,,,,50,,,,,,,,,,,,,,,,,,,,,,,,,,,,,,,,,,,,,,,,,,,
Visaton,F 8 SC Shielded Fullrange Paper,8,103,1.01,1.52,3.03,0.57,7.7,0.35,30,2.2,,,,2.69,5,,,,,,,,82,,20,,,,,,,,,,42,,76,,,,,,,20,4.5,,,,,,,78.5,78.5,,,,,,,,,,,,,,,,,,,,,
Visaton,FR12,4,110,1.87,2.8,5.61,8.7,3.4,0.1,87,3.8,,,,1.7,2.5,,,,,,,,85,,15,,,,,,,,,,28,,114,,,,,,,20,4.5,,,,,,,146.5,,,,,,,,,,,,,,,,,,,,,,
Visaton,FR12,8,110,1.87,2.8,5.61,8.7,6.8,0.22,87,3.8,,,,1.7,2.5,,,,,,,,85,,15,,,,,,,,,,28,,114,,,,,,,20,4.5,,,,,,,146.5,,,,,,,,,,,,,,,,,,,,,,
Visaton,FR13,4,100,1.25,1.64,5.17,6.1,3.4,0.2,87,4.5,,,,2.3,2.5,2.5,,,,,,,88,,30,,,,,,,,,,43,,116,,,,,,,20,6,,,,,,,129,,,,,,,,,,,,,,,,,,,,,,
Visaton,FR13WP,4,100,1.17,2.19,2.49,4.4,3.8,0.4,78,4.8,,,,2.3,2.5,2.5,,,,,,,85,,40,,,,,,,,,,41,,112,,,,,,,20,5,,,,,,,150,,,,,,,,,,,,,,,,,,,,,,
Visaton,FR6,8,75,1.96,3.26,4.94,16,6.8,0.8,129,5.9,,,,2.5,6,3,,,,,,,87,,40,,,,,,,,,,50,,143,,,,,,,20,4,,,,,,,171,,,,,,,,,,,,,,,,,,,,,,
Visaton,FR7,4,220,2.39,3.61,7.05,0.4,3.4,0.1,22,1,,,,1.1,1,1,,,,,,,86,,5,,,,,,,,,,29,,61,,,,,,,14,2.5,,,,,,,66,,,,,,,,,,,,,,,,,,,,,,
Visaton,FR8,4,150,1.05,1.3,5.38,0.6,3.4,0.3,30,1.6,,,,2.1,2,,,,,,,,86,,10,,,,,,,,,,37,,75,,,,,,,15,5,,,,,,,96,,,,,,,,,,,,,,,,,,,,,,
Visaton,FR8,8,150,1.09,1.38,5.3,0.7,7.4,0.6,30,1.7,,,,2.5,2,,,,,,,,86,,10,,,,,,,,,,37,,75,,,,,,,15,5,,,,,,,96,,,,,,,,,,,,,,,,,,,,,,
Visaton,FR8JS,8,130,1.24,1.74,4.3,0.84,7.2,0.6,30,2.3,,,,2.77,4,2,,,,,,,83,,20,,,,,,,,,,37,,80,,,,,,,15,5,,3,,,,,96,,,,,,,,,,,,,,,,,,,,,,
Visaton,FR8WP,4,158,0.44,1.33,2.62,0.4,4.1,0.3,30,2.9,,,,2.8,3,,,,,,,,84,,15,,,,,,,,,,,,74,,,,,,,20,4,,,,,,,,,,,,,,,,,,,,,,,,,,,,,
Visaton,FR8WP,4,158,0.88,1.33,2.62,0.4,,0.3,30,2.9,,,,2.8,3,,,,,,,,84,,15,,,,,,,,,,,,74,,,,,,,20,4,,,,,,,,,,,,,,,,,,,,,,,,,,,,,
Visaton,FR8WP,8,158,,,,,,,,,,,,,3,,,,,,,,84,,15,,,,,,,,,,73,,37,,,,,,,20,4,,,,,,,,,,,,,,,,,,,,,,,,,,,,,
Visaton,FRS10WP,8,190,0.98,1.12,7.6,1.9,6.4,0.4,57,3,,,,4.3,3,,,,,,,,90,,50,,,,,,,,,,45,,92,,,,,,,20,5,,,,,,,115,,,,,,,,,,,,,,,,,,,,,,
Visaton,FRS5,8,270,1.15,1.81,3.19,0.16,7.2,0.2,12,0.5,,,,1.5,2,2,,,,,,,84,,5,,,,,,,,,,31.5,,46,,,,,,,14,3.7,,,,,,,68,50.5,,,,,,,,,,,,,,,,,,,,,
Visaton,FRS7,4,250,1.22,1.96,3.21,0.3,3.6,0.3,22,0.8,,,,1.7,1.5,,,,,,,,88,,8,,,,,,,,,,31,,61,,,,,,,14,3.5,,,,,,,66.5,66.5,,,,,,,,,,,,,,,,,,,,,
Visaton,FRS7,8,250,1.28,2.08,3.32,0.3,7.2,0.6,22,0.8,,,,2.1,1.5,,,,,,,,88,,8,,,,,,,,,,31,,61,,,,,,,14,3.5,,,,,,,66.5,66.5,,,,,,,,,,,,,,,,,,,,,
Visaton,FRS8,4,120,0.69,0.85,3.61,1,3.5,0.4,31,2.5,,,,2.2,2.5,,,,,,,,82,,30,,,,,,,,,,40,,73,,,,,,,20,4.5,,,,,,,78.5,78.5,,,,,,,,,,,,,,,,,,,,,
Visaton,FRS8,8,120,1.04,1.32,,0.8495053978,7.2,0.9,,,,,,,0.25,,,,,,,,82,30,,,,,,,83,,,,,,,,,,,,,,,,,,,,,,,,,,,,,,,,,,,,,,,,,,,
Visaton,FRS8,8,150,1.09,1.38,5.3,0.7,7.4,0.6,30,1.7,,,,2.5,2,,,,,,,,86,,10,,,,,,,,,,40,,75,,,,,,,15,5,,,,,,,78.5,78.5,,,,,,,,,,,,,,,,,,,,,
Visaton,FRS8M,8,125,0.49,0.58,3.24,1.1,7.2,0.3,29,1.8,,,,4,2.5,2.5,,,,,,,88,30,50,,,,,,80,,,,44,,75,,,,,,,20,4.5,,,,,,,78,,,,,,,,,,,,,,,,,,,,,,
Visaton,Frws 5 Fullrange Paper 4 Ohm,4,250,1.24,2.5,2.48,0.2,3.6,0.08,12,0.5,,,,1.1,2,,,,,,,,84,,4,,,,,,,,,,22,,45,,,,,,,14,2.7,,,,,,,50,,,,,,,,,,,,,,,,,,,,,,
Visaton,Frws 5 Fullrange Paper 8 Ohm,8,250,1.63,3.22,3.31,0.1,6.8,0.1,12,0.5,,,,1.4,2,,,,,,,,84,,4,,,,,,,,,,22,,44.5,,,,,,,14,2.7,,,,,,,50,,,,,,,,,,,,,,,,,,,,,,
Visaton,Frws 5 SC Paper Coated,8,350,2.85,9.35,4.1,0.2,7.2,0.1,12,0.5,,,,1,2,,,,,,,,80,,4,,,,,,,,,,23,,44.5,,,,,,,14,3.5,,,,,,,50,44,,,,,,,,,,,,,,,,,,,,,
Visaton,FRWS 5 Speaker Driver Full Range 4W 8 Ohm 84dB 150Hz-20kHz Ø5cm,8,250,,,,,,,,,,,,,2,,,,,,,,84,4,,,,84,,,50,,,,,,45,,,,2,,,14,,,,,,,,,,,,,,,,,,,,,,,,,,,,,,
Visaton,G20SC,8,1890,0.28,1.34,0.36,,4.8,0.02,4,0.15,,,,,,,,,,,,,88,,80,,,,,,,,,,27,,66,,,,,,,20,2,,,,,,,94,,,,,,,,,,,,,,,,,,,,,,
Visaton,G25,8,1600,,,,,,,,,,,,,,,,,,,,,95,,20,,,,,,,,,,25.9,,44,,,,,,,25.4,1.7,,,,,,,66.5,,,,,,,,,,,,,,,,,,,,,,
Visaton,G25FFL,8,1600,0.41,1.11,0.66,,5.6,0.05,4.9,0.3,,,,,,,,,,,,,90,,80,,,,,,,,,,24,,80,,,,,,,25,2,,,,,,,104,,,,,,,,,,,,,,,,,,,,,,
Visaton,G50FFL,8,455,0.28,0.67,0.48,0.037,6.4,0.16,20,1.2,,,,,,,,,,,,,90,,120,,,,,,,,,,48,,100,,,,,,,50,3,,,,,,,140,,,,,,,,,,,,,,,,,,,,,,
Visaton,GF 200 2 x 4 OHM Glassfibre,,,,,,,,,214,25,,,,4.6,10,,,,,,,,85,,120,,,,,,,,,,90,,189,,,,,,,38,18,,,,,,,222,,,,,,,,,,,,,,,,,,,,,,
Visaton,HTH 8.7 CD-Horn-Tweeter,8,1200,,,,,6.4,0.72,,,,,,,,,,,,,,,106,,200,,,,,,,,,,127,,,,,,,,,25,,,,,,,,195,155,,157,118,,,,,,,,,,,,,,,,,,
Visaton,K16,50,1005,,,,,,,,,,,,,,,,,,,,,71,,0.5,,,,,,,,,,,,13,,,,,,,8,,,,,,,,,,,,,,,,,,,,,,,,,,,,,,
Visaton,K50,8,400,,,,,,,,,,,,,0.5,0.5,,,,,,,83,2,2,,,83,,,50,,,,17,,45,,,,,,,14,2,,,,,,,50,,,,,,,,,,,,,,,,,,,,,,
Visaton,K50WP,8,300,,,,,,,,,,,,,1,,,,,,,,84,2,,,,84,,,50,,,,,,46,,,,2,,,10,2.5,,,,,,,,,,,,,,,,,,,,,,,,,,,,,
Visaton,K64WP,8,300,,,,,,,,,,,,,1,,,,,,,,86,2,,,,86,,,64,,,,,,60,,,,2,,,10,2.5,,,,,,,,,,,,,,,,,,,,,,,,,,,,,
Visaton,KE 25 SC Ceramic,8,,,,,,5.9,0.09,,,,,,,,,,,,,,,89,,80,,,,,,,,,,55,,82,,,,,,,25,,,,,,,,104.5,,,,,,,,,,,,,,,,,,,,,,
Visaton,MHT 12 Magnetostat-Tweeter,8,,,,,,,,,,,,,,,,,,,,,,91,,100,,,,,,,,,,46,,95,,,,,,,,,,,,,,,112,112,,,,,,,,,,,,,,,,,,,,,
Visaton,MR 130,8,500,3.49,5.85,8.67,0.1,6.8,0.4,70,5,,,,4.3,2,,,,,,,,89,,80,,,,,,,,,,42,,110,,,,,,,25,8,,,,,,,136,,,,,,,,,,,,,,,,,,,,,,
Visaton,PAW 30 ND - 8 Ohm - Paper,8,45,0.41,0.43,8.5,88,5.8,0.81,532,61,,0.22,,15,4,,,,,,,,93,,400,,,,,,,,,,132,,284,,,,,,,75,16,,,,,,,329,,,,,,,,,,,,,,,,,,,,,,
Visaton,R10SC,4,165,1.32,1.67,6.4,2.6,3.6,0.2,56,1.9,,,,,1.5,,,,,,,,90,,20,,,,,,,,,,,,93,,,,,,,15,4,,,,,,,,,,,,,,,,,,,,,,,,,,,,,
Visaton,SC 10 N,8,1700,,,,,6.9,0.15,5,0.1,,,,,,,,,,,,,90,,50,,,,,,,104,,,,,85,,,,,,,25,2,,,,25,,,104,,,,,,,,,,,,,,,,,,,,,,
Visaton,SC13,8,78,0.71,0.94,2.95,7.4,7.2,0.7,79,4.8,,,,4.2,7.5,,,,,,,,90,,40,,,,,,,,,,61,,113,,,,,,,20,5.5,,,,,,,131,131,,,,,,,,,,,,,,,,,,,,,
Visaton,SC4.7ND,4,360,2.8,5.81,5.42,0.18,3.6,0.2,16,0.6,,,,,0.5,,,,,,,,81,,2,,,,,,,,,,27,,,,,,,,,14,2,,,,,,,63.5,41,,,,,,,,,,,,,,,,,,,,,
Visaton,SC5,8,2500,,,,,6.2,0.08,,,,,,,,,,,,,,,90,,60,,,,,,,,,,22.5,,48,,,,,,,13,2,,,,,,,51.5,51.5,,,,,,,,,,,,,,,,,,,,,
Visaton,SC5.9,8,193,1.25,1.5,7.52,0.4,7,0.4,26.5,1.5,,,,2.5,1.5,1.5,,,,,,,84,,10,,,,,,,,,,41,,,,,,,,,14,4,,,,,,,90.5,50.5,,43,82,,,,,,,,,,,,,,,,,,
Visaton,SC5.9ND,4,280,4.3,8.03,9.23,0.3,3.8,0.2,26.5,1.3,,,,,1,,,,,,,,82,,3,,,,,,,,,,30,,,,,,,,,14,4,,,,,,,90,50,,43,82,,,,,,,,,,,,,,,,,,
Visaton,SL713,4,180,1.7,2.2,8.2,1.5,3.6,0.2,50,1.7,,,,,2,2,,,,,,,90,,15,,,,,,,,,,46,,,,,,,,,15,,,,,,,,130,75.5,,119,66,,,,,,,,,,,,,,,,,,
Visaton,SL87FE,8,120,0.65,0.82,3.3,1.53,7.2,,37.3,2.4,,,,3.95,,,,,,,,,87,10,,,,87,,,85,,,,,,80,,,,,,,20,,,,,,,,,,,,,,,,,,,,,,,,,,,,,,
Visaton,TI 100 Titan,8,62,0.38,0.4,7.05,6.9,6,0.7,54,4,,,,4.8,4,,,,,,,,86,,40,,,,,,,,,,72,,101,,,,,,,20,8.5,,,,,,,122,,,,,,,,,,,,,,,,,,,,,,
Visaton,TIW200XS,8,29,0.43,0.46,6.42,45,6,1.6,206,35,,,,9.6,25,,,,,,,,84,,120,,,,,,,,,,108,,189,,,,,,,38,30,,,,,,,222,,,,,,,,,,,,,,,,,,,,,,
Visaton,TIW250XS,8,33,0.33,0.35,5.21,66,5.6,1.7,314,49,,,,13,14,14,,,,,,,89,,200,,,,,,,,,,115,,235,,,,,,,50,25,,,,,,,276,,,,,,,,,,,,,,,,,,,,,,
Visaton,TIW300,8,25,0.28,0.3,4.59,160,5.4,1.7,510,92,,,,16.5,16,16,,,,,,,90,,300,,,,,,,,,,143,,288,,,,,,,65,23,,8,,,,,329,,,,,,,,,,,,,,,,,,,,,,
Visaton,TL 16 H High END Horn Tweeter,8,6000,,,,,6.9,0.17,,,,,,,,,,,,,,,100,,150,,,,,,,,,,,,,,,,,,,16,,,,,,,,84,,,,,,,,,,,,,,,,,,,,,,
Visaton,TW6,8,1500,,,,,6.5,0.17,17,,,,,,0.5,0.5,,,,,,,91,,60,,,,,,,,,,24,,56,,,,,,,14,2.5,,,,,,,60,60,,,,,,,,,,,,,,,,,,,,,
Visaton,TW70,8,1500,0.97,4.21,1.26,,7,0.16,20,,,,,,0.5,0.5,,,,,,,90,,80,,,,,,,,,,92,,64,,,,,,,14,2.5,,,,,,,64,64,,,,,,,,,,,,,,,,,,,,,
Visaton,W100,4,60,,,,,,,,,,,,,,,,,,,,,84,,30,,,,,,,,,,64,,93,,,,,,,,,,,,,,,112,,,,,,,,,,,,,,,,,,,,,,
Visaton,W100S,4,65,0.46,0.54,3.04,4.49,3.4,0.5,53,4.2,,,,3.7,4,,,,,,,,86,,30,,,,,,,,,,48,,94,,,,,,,20,8,,,,,,,122,,,,,,,,,,,,,,,,,,,,,,
Visaton,W100S,8,63,0.54,0.67,2.74,5.41,6.7,0.9,53,4.7,,,,4.29,4,,,,,,,,86,,30,,,,,,,,,,48,,94,,,,,,,20,8,,,,,,,122,,,,,,,,,,,,,,,,,,,,,,
Visaton,W100S - 8,8,63,0.54,0.67,2.74,5.380200852,6.7,0.5,,,,,,,2,,,,,,,,,30,,4,,,,,101.6,,,,,,,,,,,,,,,,,,,,,,,,,,,,,,,,,,,,,,,,,,,
Visaton,W130S,4,50,0.45,0.55,2.54,14,3.5,0.6,74,5.4,,,,3.6,8,,,,,,,,87,,50,,,,,,,,,,54,,109,,,,,,,25,8.5,,,,,,,146,,,,,,,,,,,,,,,,,,,,,,
Visaton,W130S,8,52,0.47,0.59,2.26,12,6,0.6,74,6,,,,4.6,8,,,,,,,,87,,50,,,,,,,,,,54,,109,,,,,,,25,8.5,,,,,,,146,,,,,,,,,,,,,,,,,,,,,,
Visaton,W130S - 4,4,50,0.45,0.55,2.54,13.87525483,3.5,0.6,,,,,,,2.25,,,,,,,,,50,,5,,,,,127,,,,,,,,,,,,,,,,,,,,,,,,,,,,,,,,,,,,,,,,,,,
Visaton,W130S - 8,8,52,0.47,0.59,2.26,11.893075569,6,0.6,,,,,,,2.25,,,,,,,,,50,,5,,,,,127,,,,,,,,,,,,,,,,,,,,,,,,,,,,,,,,,,,,,,,,,,,
Visaton,W170 - 8,8,57,0.69,0.9,2.92,24.069319603,7.2,0.9,,,,,,,2,,,,,,,,,40,,,,,,,,,,,,,,,,,,,,,,,,,,,,,,,,,,,,,,,,,,,,,,,,,,
Visaton,W170S,4,36,0.41,0.51,2.16,38,3.2,0.6,129,12,,,,4.4,10,,,,,,,,86,,50,,,,,,,,,,74,,148,,,,,,,25,12.5,,,,,,,187,,,,,,,,,,,,,,,,,,,,,,
Visaton,W170S,8,36,0.52,0.66,2.43,38,5.9,1.2,129,13,,,,5.4,10,,,,,,,,86,,50,,,,,,,,,,74,,148,,,,,,,25,12.5,,,,,,,187,,,,,,,,,,,,,,,,,,,,,,
Visaton,W170S - 4,4,36,0.41,0.51,2.16,37.944574433,3.2,0.6,,,,,,,4.25,,,,,,,,,50,,,,,,,,,,,,,,,,,,,,,,,,,,,,,,,,,,,,,,,,,,,,,,,,,,
Visaton,W170S - 8,8,36,0.52,0.66,2.43,37.944574433,5.9,1.2,,,,,,,4.25,,,,,,,,,50,,,,,,,,,,,,,,,,,,,,,,,,,,,,,,,,,,,,,,,,,,,,,,,,,,
Visaton,W200,4,45,0.63,0.77,3.46,54,3.2,0.5,207,14,,,,4.2,10,,,,,,,,88,,50,,,,,,,,,,79,,185,,,,,,,25,9,,,,,,,206,,,,,,,,,,,,,,,,,,,,,,
Visaton,W200,8,46,0.63,0.79,3.2,51,6.8,0.9,207,14,,,,5.9,10,,,,,,,,88,,50,,,,,,,,,,79,,185,,,,,,,25,9,,,,,,,206,,,,,,,,,,,,,,,,,,,,,,
Visaton,W200 - 8,8,46,0.62,0.8,2.82,50.970323866,6.8,0.9,,,,,,,2,,,,,,,,,50,,8,,,,,203.2,,,,,,,,,,,,,,,,,,,,,,,,,,,,,,,,,,,,,,,,,,,
Visaton,W200S,4,29,0.35,0.38,3.99,65,3.4,1.5,214,28,,,,7.7,10,,,,,,,,88,,75,,,,,,,,,,88,,184,,,,,,,35,12,,,,,,,232,,,,,,,,,,,,,,,,,,,,,,
Visaton,W200S,8,30,0.33,0.36,3.59,70,6,2.2,214,26,,,,9,10,,,,,,,,88,,75,,,,,,,,,,88,,182,,,,,,,35,12,,,,,,,232,,,,,,,,,,,,,,,,,,,,,,
Visaton,W200S - 4,4,29,0.35,0.38,3.99,65.128747162,3.4,1.5,,,,,,,3.5,,,,,,,,,75,,8,,,,,203.2,,,,,,,,,,,,,,,,,,,,,,,,,,,,,,,,,,,,,,,,,,,
Visaton,W200S - 8,8,30,0.33,0.36,3.59,69.942611082,6,1.5,,,,,,,3.5,,,,,,,,,75,,8,,,,,203.2,,,,,,,,,,,,,,,,,,,,,,,,,,,,,,,,,,,,,,,,,,,
Visaton,W250 - 8,8,37,0.78,1,3.57,135.071358244,6.8,1.1,,,,,,,3,,,,,,,,,90,,10,,,,,254,,,,,,,,,,,,,,,,,,,,,,,,,,,,,,,,,,,,,,,,,,,
Visaton,W250S,4,33,0.35,0.43,2.01,135,3.6,0.9,346,32,,,,8.9,7,,,,,,,,90,,100,,,,,,,,,,112,,233,,,,,,,38,17,,,,,,,283,,,,,,,,,,,,,,,,,,,,,,
Visaton,W250S,8,31,0.32,0.39,1.88,121,6.6,1.5,346,38,,,,9.2,7,,,,,,,,90,,100,,,,,,,,,,112,,233,,,,,,,38,17,,,,,,,283,,,,,,,,,,,,,,,,,,,,,,
Visaton,W250S - 4,4,33,0.35,0.43,2.01,135.071358244,3.6,0.93,,,,,,,5,,,,,,,,,100,,10,,,,,254,,,,,,,,,,,,,,,,,,,,,,,,,,,,,,,,,,,,,,,,,,,
Visaton,W250S - 8,8,31,0.32,0.39,1.88,120.912934948,6.6,1.5,,,,,,,5,,,,,,,,,100,,10,,,,,254,,,,,,,,,,,,,,,,,,,,,,,,,,,,,,,,,,,,,,,,,,,
Visaton,W300,8,32,0.45,0.54,2.68,190,6.6,1.8,490,43,,,,9.4,14,14,,,,,,,91,,120,,,,,,,,,,120,,280,,,,,,,50,18.5,,,,,,,305,,,,,,,,,,,,,,,,,,,,,,
Visaton,W300 - 8,8,32,0.45,0.54,2.68,190.006040632,6.6,1.77,,,,,,,5.25,,,,,,,,,120,,12,,,,,304.8,,,,,,,,,,,,,,,,,,,,,,,,,,,,,,,,,,,,,,,,,,,
Visaton,WS-17E,4,45,0.9,1.28,2.35,22,3.2,0.6,143,16,,,,3.9,6.5,,,,,,,,88,,60,,,,,,,,,,75,,150,,,,,,,25,12,,,,,,,188,,,,,,,,,,,,,,,,,,,,,,
Visaton,WS-17E,8,41,0.63,0.81,2.83,30.865362785,6.3,1.3,143,,,,,,4.5,,,,,,,,,60,,,,,,,,,,,,,,,,,,,,,,,,,,,,,,,,,,,,,,,,,,,,,,,,,,
Visaton,WS-17E,8,45,0.81,1.28,2.2,22,5.8,0.9,143,16,,,,3.9,6.5,,,,,,,,88,,60,,,,,,,,,,75,,150,,,,,,,25,12,,,,,,,188,,,,,,,,,,,,,,,,,,,,,,
Visaton,WS13,8,83,1.08,1.56,3.52,7.7,7.7,0.8,86.5,5.1,,,,3.6,7.5,7.5,,,,,,,86,,40,,,,,,,,,,51,,113,,,,,,,20,5.5,,,,,,,131,,,,,,,,,,,,,,,,,,,,,,
Visaton,WS20,4,47,1.14,1.44,5.56,39,3.3,0.7,240,23,,,,4.5,6,,,,,,,,88,,80,,,,,,,,,,85,,186,,,,,,,30,11,,,,,,,236,,,,,,,,,,,,,,,,,,,,,,
Visaton,WS20,8,47,1.23,1.59,5.36,44,6.8,1,240,21,,,,5.5,6,,,,,,,,88,,80,,,,,,,,,,85,,186,,,,,,,30,11,,,,,,,236,,,,,,,,,,,,,,,,,,,,,,
Visaton,WS25,8,34,1.43,2.92,2.82,112.984217902,5.9,0.8,346,33,,,,3.8,5.5,,,,,,,,,80,,10,,,,,254,,,,,,,,,,,,,,,,,,,,,,,,,,,,,,,,,,,,,,,,,,,
Visaton,WS25,8,34,1.43,2.92,2.82,113,5.9,0.8,330,33,,,,3.8,12,6,,,,,,,88,,80,,,,,,,,,,106,,224,,,,,,,25,15,,,,,,,283,,,,,,,,,,,,,,,,,,,,,,
Volt,B2202,8,32,0.25,0.28,,49,6,1,214,33,,0.77,,11.8,5.25,,112,,,,,,,,,,1.92,,,,,,,,,,,,,,,,,,,,,,,,,,,,,,,,,,,,,,,,,,,,,,,
Volt,B25001,,39,0.34,0.41,,26,5.7,,337,104,,0.16,,18.7,5.5,,185,,,,,,,,,,2.21,,,,,,,,,,,,,,,,,,,,,,,,,,,,,,,,,,,,,,,,,,,,,,,
Volt,B2518,8,31,0.36,0.45,1.82,72.56,5.8,0.94,323,53.67,,0.49,,11.74,5,,,,,,,,90,,,,,90,,,,,,,,,,,,,,,,,,,,,,,,,,,,,,,,,,,,,,,,,,,,,,
Volt,BM165.4,8,32.5,0.3,0.32,5.57,32.3,5.6,0.65,154,25,,0.96,0.91,9.6,6,,,,,,,,,,,,,,,,,,,,,,,,,,,,,,,,,,,,,,,,,,,,,,,,,,,,,,,,,,,
Volt,BM1651,8,30,0.24,0.26,4.12,40.75,5.5,1.2,153.94,25,,1.23,,9.8,6.3,,96.98,,,,,,88,,,,,88,,,,,,,,,,,,,,,,,,,,,,,,,,,,,,,,,,,,,,,,,,,,,,
Volt,BM2208,8,34,0.27,,,47,,,,,,,,,,,,,,,,,,,,,,,,,,,,,,,,,,,,,,,,,,,,,,,,,,,,,,,,,,,,,,,,,,,,
Volt,BM2288,8,35,0.35,0.38,5.8,32,5.8,1.26,213.82,40,,0.5,,11.7,4,,86,,,,,,89,,,,,89,,,,,,,,,,,,,,,,,,,,,,,,,,,,,,,,,,,,,,,,,,,,,,
Volt,BM25004,8,45,0.27,0.3,,37,4.8,,337,54,,0.23,,15.5,8,,269,,,,,,,,,,2.43,,,,,,,,,,,,,,,,,,,,,,,,,,,,,,,,,,,,,,,,,,,,,,,
Volt,CX160.1,8,40,0.35,0.36,9.53,22.6,5.6,0.67,154,23,,0.67,0.61,9.5,6,,,,,,,,,,,,,,,,,,,,,,,,,,,,,,,,,,,,,,,,,,,,,,,,,,,,,,,,,,,
Volt,CX220.1,,36,0.24,0.29,,44,6.4,1,214,28,,0.69,,11.9,5.5,,118,,,,,,,,,,1.61,,,,,,,,,,,,,,,,,,,,,,,,,,,,,,,,,,,,,,,,,,,,,,,
Volt,RV2501,8,39,0.33,0.37,3.19,47.03,5.3,1.02,330,55.22,,0.3,,13.9,5,,,,,,,,91,,,,,91,,,,,,,,,,,,,,,,,,,,,,,,,,,,,,,,,,,,,,,,,,,,,,
Volt,RV2550,8,28,0.33,0.38,2.58,71.78,5.9,1.45,330,69,,0.47,,13.9,12,,,,,,,,89,,,,,89,,,,,,,,,,,,,,,,,,,,,,,,,,,,,,,,,,,,,,,,,,,,,,
Volt,RV3143,8,35,0.3,0.32,,86,6.1,2.3,479,76,,0.27,,18,5.2,,249,,,,,,,,,,5.35,,,,,,,,,,,,,,,,,,,,,,,,,,,,,,,,,,,,,,,,,,,,,,,
Volt,RV3863,8,35,0.34,0.38,,150,5.6,3.4,760,110,,0.09,,19,7.5,,,,,,,,,,,,3.5,,,,,,,,,,,,,,,,,,,,,,,,,,,,,,,,,,,,,,,,,,,,,,,
Volt,RV4564,4,26,0.31,0.34,,238,5.8,,1029,235,,0.16,,25.7,12.5,,1286,,,,,,,,,,3.94,,,,,,,,,,,,,,,,,,,,,,,,,,,,,,,,,,,,,,,,,,,,,,,
Volt,SB2201,8,27,0.49,0.53,5.94,37.35,4.8,0.85,227,50.3,,0.58,,9.72,12,,,,,,,,86,,,,,86,,,,,,,,,,,,,,,,,,,,,,,,,,,,,,,,,,,,,,,,,,,,,,
Volt,SB2550,8,21,0.29,0.34,1.9,111,6,1.46,337,84.48,,0.69,,14,11,,,,,,,,88,,,,,88,,,,,,,,,,,,,,,,,,,,,,,,,,,,,,,,,,,,,,,,,,,,,,
Volt,VM527,8,500,,,,,5.5,0,28.27,,,,,0,1,,,,,,,,91,,,,,91,,,,,,,,,,,,,,,,,,,,,,,,,,,,,,,,,,,,,,,,,,,,,,
Volt,VM528,8,500,,,,,5.5,0,28.27,,,,,0,1,,,,,,,,89,,,,,89,,,,,,,,,,,,,,,,,,,,,,,,,,,,,,,,,,,,,,,,,,,,,,
Volt,VM752,8,400,0.75,0.81,,0.16,6.3,,57,4,,0.4,,9.3,1,,5.7,,,,,,,,,,9.53,,,,,,,,,,,,,,,,,,,,,,,,,,,,,,,,,,,,,,,,,,,,,,,
Volt,VM753,16,450,1.1,1.41,4.99,0.16,10.6,0.24,57,,,,,,1,,5.7,,,,,,92,,,,,92,,,,,,,,,,,,,,,,,,,,,,,,,,,,,,,,,,,,,,,,,,,,,,
Volt,VM753E,8,400,,,,0.04,7,0.19,57,16,,0.01,,14.9,1,,,,,,,,92,,,,,92,,,,,,,,,,,,,,,,,,,,,,,,,,,,,,,,,,,,,,,,,,,,,,
Volt,VM754,8,400,,,,0.04,7,0.19,57,16,,0.01,,14.9,1,,,,,,,,92,,,,,92,,,,,,,,,,,,,,,,,,,,,,,,,,,,,,,,,,,,,,,,,,,,,,
Wavecor,FR070WA03,4,114,0.87,0.94,13.1,0.61,3.45,0.071,21,2,,0.97,,2.3,2,,,,,,,,86,,10,,,,,,,,,,37.5,,62.5,,,,,,,22,7,,3,,,,,70.3,,,,,,,,,,,,,,,,,,,,,,
Wavecor,TW013WA01,4,1300,1.29,5.3,1.7,0.0008100000000000001,2.9,0.017,2.1,0.12,,,,0.71,0.3,,,,,,,,87,,,,,,87,,13,45,,,,,,,,,,,,13,,,,,,,,,,,,,,,,,,,,,,,,,,,,,,
Wavecor,TW022WA02,4,1150,1.11,4.1,1.53,,3.6,0.036000000000000004,6.1,0.28,,0.068,1.33,1.33,0.45,,,,,,,,,,,,,,,20000,,,,,,,,,,,,,,,,,,,,,,,,,,,,,,,,,,,,,,,,,,,,
Wavecor,TW022WA04,4,825,0.8,1.9,1.4,0.0076,3.6,0.04,6.1,0.26,,0.144,0.92,1.6,0.45,,,,,,,,89.5,,,,,,89.5,1000,22,,,,,,,,,,,,,22,,,,,,,,,,,,,,,,,,,,,,,,,,,,,,
Wavecor,TW022WA05,4,750,1.09,1.44,4.5,,3.7,,6.1,0.29,,0.14,0.32,1.9,0.35,,,,,,,,,,,,,,,,,,,,,,,,,,,,,,,,,,,,,,,,,,,,,,,,,,,,,,,,,,,
Wavecor,TW022WA06,4,750,0.89,1.58,2,,3.7,,6.1,0.29,,0.14,0.71,1.9,0.35,,,,,,,,,,,,,,,,,,,,,,,,,,,,,,,,,,,,,,,,,,,,,,,,,,,,,,,,,,,
Wavecor,TW030WA01,4,1050,1.3,1.78,4.8,0.0103,3.4,0.03,11.5,0.42,,0.055,,2.3,0.65,,,,,,,,94,,,,,,94,20000,30,,,,,,,,,,,,,30,,,,,,,,,,,,,,,,,,,,,,,,,,,,,,
Wavecor,TW030WA02,4,1100,0.7,1.69,1.2,0.0087,3.4,0.03,11.5,0.45,,0.047,,2.5,0.65,,,,,,,,94,,,,,,94,20000,30,,,,,,,,,,,,,30,,,,,,,,,,,,,,,,,,,,,,,,,,,,,,
Wavecor,TW030WA05,4,450,0.59,0.96,1.5,0.059,3.4,0.02,11.5,0.4,,0.31,,2,0.4,,,,,,,,91.5,,,,,,91.5,20000,30,115,,,,,,105,4.5,4,4,,,30.4,1.7,,2.5,,,,,,,,,,,,,100,0.85,3.3,0.56,,1500,25000,,,50,2000,12,0.59,260,
Wavecor,TW030WA06,4,450,0.55,1.01,1.2,0.056,3.4,0.02,11.5,0.42,,0.3,,2,0.4,,,,,,,,91,,,,,,91,20000,30,115,,,,,,105,4.5,4,4,,,30.4,1.7,,2.5,,,,,,,,,,,,,152,0.82,2.8,0.56,,1500,25000,,,60,2000,12,0.59,260,
Wavecor,TW030WA07,8,470,0.68,1.19,1.6,0.059,6.3,0.028,11.5,0.37,,0.3,,2.4,0.4,,,,,,,,89,,,,,,89,20000,30,115,,,,,,105,4.5,4,4,,,30.4,1.7,,2.5,,,,,,,,,,,,,67,0.91,5.1,0.56,,1500,25000,,,50,2000,12,0.59,260,
Wavecor,TW030WA08,8,470,0.64,1.25,1.3,0.056,6.3,0.028,11.5,0.39,,0.31,,2.4,0.4,,,,,,,,88.5,,,,,,88.5,20000,30,115,,,,,,105,4.5,4,4,,,30.4,1.7,,2.5,,,,,,,,,,,,,64,0.92,4.3,0.56,,1500,25000,,,60,2000,12,0.59,260,
Wavecor,TW030WA09,4,725,1.43,1.74,8.1,0.02,3.4,0.038,11.5,0.45,,0.11,0.25,2,0.4,,,,,,,,92.5,,,,,,92.5,1000,30,,,,,,,,,,,,,30,,,,,,,,,,,,,,,,,,,,,,,,,,,,,,
Wavecor,TW030WA10,,,,,,,,,,,,,,,,,,,,,,,,,,,,,,,,,,,,,,,,,,,,,,,,,,,,,,,,,,,,,,,,,,,,,,,,,,
Wavecor,TW030WA11,4,410,0.79,1.34,1.9,0.066,3.5,0.023,11.5,0.43,,0.35,0.57,1.7,0.4,,,,,,,,93.5,,,,,,93.5,20000,30,,,,,,,,,,,,,30,,,,,,,,,,,,,,,,,,,,,,,,,,,,,,
Wavecor,TW030WA12,8,425,0.9,1.74,1.9,0.066,6.5,0.035,11.5,0.4,,0.35,0.57,2,0.4,,,,,,,,91,,,,,,91,20000,30,,,,,,,,,,,,,30,,,,,,,,,,,,,,,,,,,,,,,,,,,,,,
Wavecor,TW030WA13,4,690,1.01,1.72,2.45,,3.5,0.033,11.5,0.43,,0.124,0.76,1.95,0.65,,,,,,,,,,,,,,,10000,,,,,,,,,,,,,,,,,,,,,,,,,,,,,,,,,,,,,,,,,,,,
Wavecor,TW030WA14,8,715,1.17,2.31,2.37,,6.5,0.059000000000000004,11.5,0.4,,0.124,0.76,2.25,0.65,,,,,,,,,,,,,,,10000,,,,,,,,,,,,,,,,,,,,,,,,,,,,,,,,,,,,,,,,,,,,
Whf-Workshop,HHB C5,,,,,,,,,,,,,,,,,,,,,,,,,,,,,,,,,,,,,,,,,,,,,,,,,,,,,,,,,,,,,,,,,,,,,,,,,,
Willys-Hifi Ltd,HT130G8,8,61,0.41,0.5,2.28,9.18,6.3,,,,,,,,,,,,,,,,90,40,,,,,90,,,,,,,,,,,,,,,,,,,,,,,,,,,,,,,,,,,,,,,,,,,,,
Willys-Hifi Ltd,Mission 751 tweeter,,,,,,,,,,,,,,,,,,,,,,,,,,,,,,,,,,,,,,,,,,,,,,,,,,,,,,,,,,,,,,,,,,,,,,,,,,
Willys-Hifi Ltd,Mission 752 tweeter,,,,,,,,,,,,,,,,,,,,,,,,,,,,,,,,,,,,,,,,,,,,,,,,,,,,,,,,,,,,,,,,,,,,,,,,,,
Willys-Hifi Ltd,Mission 753 tweeter,,,,,,,,,,,,,,,,,,,,,,,,,,,,,,,,,,,,,,,,,,,,,,,,,,,,,,,,,,,,,,,,,,,,,,,,,,
Xcite,XBS100-4,4,22.1,1.35,1.76,5.77,,3.89,0.31,,695,,,16.7,14.6,12,,,,,,,,,100,,,,,,,,156,,,48.5,,,,,4,,,,114,,,,,,,,,,,,,,,,,,,,,,,,,,,,,,
Xcite,XBS100MK,,,,,,,,,,,,,,,,,,,,,,,,,,,,,,,,,,,,,,,,,,,,,,,,,,,,,,,,,,,,,,,,,,,,,,,,,,
Xcite,XBS200-4,4,21.1,1.41,1.65,9.46,,4.08,0.83,,2590,,,36.3,29.1,15,,,,,,,,,200,,,,,,,178,230,,,62,,,,,4,,,,178,,,,,,,,,,,,,,,,,,,,,,,,,,,,,,
Xcite,XBS25-4,4,39.8,3.95,5.95,11.76,,3.89,0.31,,93.1,,,1.99,,6,,,,,,,,,25,,,,,,,75,75,,,25,,,,,4,,,,53.5,,,,,,,,,,,,,,,,,,,,,,,,,,,,,,
Xcite,XBS50-4,4,33.5,2.6,3.61,9.34,,4.17,0.22,,225,,,5.07,7.4,9,,,,,,,,,50,,,,,,,104,104,,,35,,,,,4,,,,72,,,,,,,,,,,,,,,,,,,,,,,,,,,,,,
Xcite,XBS50MK,,,,,,,,,,,,,,,,,,,,,,,,,,,,,,,,,,,,,,,,,,,,,,,,,,,,,,,,,,,,,,,,,,,,,,,,,,
Xcite,XT19-4,4,477,1.73,1.88,21.5,,3.65,0.07,,0.9,,,0.07,,2.4,,,,,,,,,10,,,,,,,36,,,,14,,,,,,,,,19,,,,,,,,,,,,,,,,,,,,,,,,,,,,,,
Xcite,XT19-8,8,473,1.97,2.22,17.9,,7.39,0.11,,0.82,,,0.07,,2.4,,,,,,,,,10,,,,,,,36,,,,14,,,,,,,,,19,,,,,,,,,,,,,,,,,,,,,,,,,,,,,,
Xcite,XT25-4,4,306,0.88,0.93,18.5,,3.79,0.07,,1.58,,,0.09,,1.4,,,,,,,,,15,,,,,,,46,46.8,,,21.5,,,,,,,,,25,,,,,,,,,,,,,,,,,,,,,,,,,,,,,,
Xcite,XT25-8,8,319,1.16,1.23,19.6,,7.26,0.1,,1.54,,,0.08,,1.4,,,,,,,,,15,,,,,,,46,46.8,,,21.5,,,,,,,,,25,,,,,,,,,,,,,,,,,,,,,,,,,,,,,,
Xcite,XT25MR,,,,,,,,,,,,,,,,,,,,,,,,,,,,,,,,,,,,,,,,,,,,,,,,,,,,,,,,,,,,,,,,,,,,,,,,,,
Xcite,XT32-4,4,312,0.87,0.91,21.9,,3.66,0.13,,2.22,,,0.2,,1.6,,,,,,,,,20,,,,,,1000,32,54.5,,,24.8,,,,,,,,,32,,,,,,,,,,,,,,,,,,,,,,,,,,,,,,
Xcite,XT32-8,8,39.3,,,,,7.22,0.21,,,,,,,3.5,,,,,,,,,20,,,,,,,,54.5,,,24.8,,,,,,,,,32,,,,,,,,,,,,,,,,,,,,,,,,,,,,,,
Xcite,XT32MR,,,,,,,,,,,,,,,,,,,,,,,,,,,,,,,,,,,,,,,,,,,,,,,,,,,,,,,,,,,,,,,,,,,,,,,,,,
Xcite,XTB40-4,4,130,0.35,0.37,5.31,,3.77,0.19,,15,,,0.45,,2.5,,,,,,,,,80,,,,,,,46,65,,,31,,,,,,,,,40,,,,,,,,,,,,,,,,,,,,,,,,,,,,,,
Xcite,XTB40-8,8,143,0.44,0.48,5.22,,7.26,0.32,,13.3,,,0.42,,2.5,,,,,,,,,80,,,,,,,46,65,,,31,,,,,,,,,40,,,,,,,,,,,,,,,,,,,,,,,,,,,,,,
Xcite,XTB40MR,,,,,,,,,,,,,,,,,,,,,,,,,,,,,,,,,,,,,,,,,,,,,,,,,,,,,,,,,,,,,,,,,,,,,,,,,,
Zaph Audio,za14w08,8,65.8,0.44,0.56,2.13,5.23,7.1,0.37,68,7.2,,0.0008,,6.15,,,,6.5,,,,,87,,,,,,87,,,,,,,,,,,,,,,,,,,,,,,,,,,,,,,,,,,,,,,,,,,,,
